observation_id,season,financial_year,variable,final_value,raw_value,unit,source_entity,document_title,document_date,page,table_or_note,source_url,transformation,definition,comparability_status,verification_status,notes
FIN-FY2016-FOOTBA-0001,2015/16,FY2016,football_turnover,350.60,350.60,GBP millions,Arsenal Holdings PLC,Group of companies' accounts made up to 31 May 2016,2017-01-17,"p. 28, Note 1",Note 1 (Turnover),https://find-and-update.company-information.service.gov.uk/company/04250459/filing-history/MzE2Njc3MDIwNGFkaXF6a2N4/document?format=pdf&download=0,None (Directly Reported in £m),Turnover generated strictly from football activities excluding property development,Qualified (COVID Timing),Primary Audited,Total turnover includes £2.95m legacy Highbury Square property turnover; football turnover is £350.60m.
FIN-FY2016-TOTAL_-0002,2015/16,FY2016,total_turnover,353.55,353.55,GBP millions,Arsenal Holdings PLC,Group of companies' accounts made up to 31 May 2016,2017-01-17,"p. 28, Note 1",Consolidated Profit and Loss Account,https://find-and-update.company-information.service.gov.uk/company/04250459/filing-history/MzE2Njc3MDIwNGFkaXF6a2N4/document?format=pdf&download=0,None (Directly Reported in £m),Consolidated Group revenue including football operations and legacy property development,Qualified (COVID Timing),Primary Audited,Total turnover includes £2.95m legacy Highbury Square property turnover; football turnover is £350.60m.
FIN-FY2016-BROADC-0003,2015/16,FY2016,broadcast_revenue,140.90,140.90,GBP millions,Arsenal Holdings PLC,Group of companies' accounts made up to 31 May 2016,2017-01-17,"p. 28, Note 1",Note 1 (Turnover),https://find-and-update.company-information.service.gov.uk/company/04250459/filing-history/MzE2Njc3MDIwNGFkaXF6a2N4/document?format=pdf&download=0,None (Directly Reported in £m),Distributions from Premier League domestic/overseas TV contracts and UEFA competition rights,Qualified (COVID Timing),Primary Audited,Normal operations; no COVID disruption.
FIN-FY2016-COMMER-0004,2015/16,FY2016,commercial_revenue,109.78,109.78,GBP millions,Arsenal Holdings PLC,Group of companies' accounts made up to 31 May 2016,2017-01-17,"p. 28, Note 1",Note 1 (Turnover),https://find-and-update.company-information.service.gov.uk/company/04250459/filing-history/MzE2Njc3MDIwNGFkaXF6a2N4/document?format=pdf&download=0,None (Directly Reported in £m),"Revenue from sponsorships, partnerships, merchandising, retail, licensing and stadium tours",Qualified (COVID Timing),Primary Audited,Audited primary statutory figure.
FIN-FY2016-MATCHD-0005,2015/16,FY2016,matchday_revenue,99.92,99.92,GBP millions,Arsenal Holdings PLC,Group of companies' accounts made up to 31 May 2016,2017-01-17,"p. 28, Note 1",Note 1 (Turnover),https://find-and-update.company-information.service.gov.uk/company/04250459/filing-history/MzE2Njc3MDIwNGFkaXF6a2N4/document?format=pdf&download=0,None (Directly Reported in £m),"Ticket sales, gate receipts, club level hospitality and matchday cup receipts",Qualified (COVID Timing),Primary Audited,Normal operations; no COVID disruption.
FIN-FY2016-STAFF_-0006,2015/16,FY2016,staff_costs,195.40,195.40,GBP millions,Arsenal Holdings PLC,Group of companies' accounts made up to 31 May 2016,2017-01-17,"p. 29, Note 3",Note 3 (Employees and Directors),https://find-and-update.company-information.service.gov.uk/company/04250459/filing-history/MzE2Njc3MDIwNGFkaXF6a2N4/document?format=pdf&download=0,None (Directly Reported in £m),"Total group employment expenditure across all playing, coaching, administrative, executive, and operational staff under IAS 19. Does not isolate first-team player wages.",Qualified (COVID Timing),Primary Audited,Audited primary statutory figure.
FIN-FY2016-OPERAT-0007,2015/16,FY2016,operating_expenses,70.25,70.25,GBP millions,Arsenal Holdings PLC,Group of companies' accounts made up to 31 May 2016,2017-01-17,"p. 28, Note 2",Note 2 (Operating Expenses),https://find-and-update.company-information.service.gov.uk/company/04250459/filing-history/MzE2Njc3MDIwNGFkaXF6a2N4/document?format=pdf&download=0,None (Directly Reported in £m),"Other operating charges excluding staff costs, player amortisation, and tangible depreciation",Qualified (COVID Timing),Primary Audited,Audited primary statutory figure.
FIN-FY2016-PLAYER-0008,2015/16,FY2016,player_amortisation,59.20,59.20,GBP millions,Arsenal Holdings PLC,Group of companies' accounts made up to 31 May 2016,2017-01-17,"p. 34, Note 10",Note 10 (Intangible Assets),https://find-and-update.company-information.service.gov.uk/company/04250459/filing-history/MzE2Njc3MDIwNGFkaXF6a2N4/document?format=pdf&download=0,None (Directly Reported in £m),Annual non-cash straight-line amortisation of capitalized registration costs under IAS 38,Qualified (COVID Timing),Primary Audited,Audited primary statutory figure.
FIN-FY2016-PLAYER-0009,2015/16,FY2016,player_impairment,0.00,0.00,GBP millions,Arsenal Holdings PLC,Group of companies' accounts made up to 31 May 2016,2017-01-17,"p. 34, Note 10",Note 10 (Intangible Assets),https://find-and-update.company-information.service.gov.uk/company/04250459/filing-history/MzE2Njc3MDIwNGFkaXF6a2N4/document?format=pdf&download=0,None (Directly Reported in £m),Non-cash impairment write-downs or contract termination charges on player registrations under IAS 36/38,Qualified (COVID Timing),Primary Audited,Audited primary statutory figure.
FIN-FY2016-DEPREC-0010,2015/16,FY2016,depreciation,13.00,13.00,GBP millions,Arsenal Holdings PLC,Group of companies' accounts made up to 31 May 2016,2017-01-17,"p. 33, Note 9",Note 9 (Tangible Fixed Assets),https://find-and-update.company-information.service.gov.uk/company/04250459/filing-history/MzE2Njc3MDIwNGFkaXF6a2N4/document?format=pdf&download=0,None (Directly Reported in £m),Annual depreciation of tangible fixed assets including Emirates Stadium and facilities under IAS 16,Qualified (COVID Timing),Primary Audited,Audited primary statutory figure.
FIN-FY2016-OPERAT-0011,2015/16,FY2016,operating_profit_loss,16.50,16.50,GBP millions,Arsenal Holdings PLC,Group of companies' accounts made up to 31 May 2016,2017-01-17,p. 23,Consolidated Profit and Loss Account,https://find-and-update.company-information.service.gov.uk/company/04250459/filing-history/MzE2Njc3MDIwNGFkaXF6a2N4/document?format=pdf&download=0,None (Directly Reported in £m),Statutory operating result after player amortisation and impairments but before finance costs and tax,Qualified (COVID Timing),Primary Audited,Audited primary statutory figure.
FIN-FY2016-NET_PR-0012,2015/16,FY2016,net_profit_loss,1.65,1.65,GBP millions,Arsenal Holdings PLC,Group of companies' accounts made up to 31 May 2016,2017-01-17,p. 23,Consolidated Profit and Loss Account,https://find-and-update.company-information.service.gov.uk/company/04250459/filing-history/MzE2Njc3MDIwNGFkaXF6a2N4/document?format=pdf&download=0,None (Directly Reported in £m),Retained profit or loss for the financial reporting year after net finance costs and taxation,Qualified (COVID Timing),Primary Audited,Normal operations; no COVID disruption.
FIN-FY2016-CASH-0013,2015/16,FY2016,cash,226.50,226.50,GBP millions,Arsenal Holdings PLC,Group of companies' accounts made up to 31 May 2016,2017-01-17,p. 25,Consolidated Balance Sheet,https://find-and-update.company-information.service.gov.uk/company/04250459/filing-history/MzE2Njc3MDIwNGFkaXF6a2N4/document?format=pdf&download=0,None (Directly Reported in £m),Cash held at bank and short-term deposits at reporting year end under IAS 7,Qualified (COVID Timing),Primary Audited,Audited primary statutory figure.
FIN-FY2016-GROSS_-0014,2015/16,FY2016,gross_debt,233.00,233.00,GBP millions,Arsenal Holdings PLC,Group of companies' accounts made up to 31 May 2016,2017-01-17,"p. 38, Note 17",Note 17 (Borrowings),https://find-and-update.company-information.service.gov.uk/company/04250459/filing-history/MzE2Njc3MDIwNGFkaXF6a2N4/document?format=pdf&download=0,None (Directly Reported in £m),Total current and non-current financial borrowings (stadium bonds to 2020; KSE loan thereafter),Qualified (COVID Timing),Primary Audited,Audited primary statutory figure.
FIN-FY2016-NET_DE-0015,2015/16,FY2016,net_debt,6.50,6.50,GBP millions,Arsenal Holdings PLC,Group of companies' accounts made up to 31 May 2016,2017-01-17,"p. 25 & p. 38, Note 17",Balance Sheet & Note 17,https://find-and-update.company-information.service.gov.uk/company/04250459/filing-history/MzE2Njc3MDIwNGFkaXF6a2N4/document?format=pdf&download=0,gross_debt - cash,Gross borrowings less cash and cash equivalents at reporting date (disclosed in Note 17 / Balance Sheet),Qualified (COVID Timing),Primary Audited,Audited primary statutory figure.
FIN-FY2016-NET_FI-0016,2015/16,FY2016,net_finance_costs,12.40,12.40,GBP millions,Arsenal Holdings PLC,Group of companies' accounts made up to 31 May 2016,2017-01-17,p. 23,Consolidated Profit and Loss Account,https://find-and-update.company-information.service.gov.uk/company/04250459/filing-history/MzE2Njc3MDIwNGFkaXF6a2N4/document?format=pdf&download=0,None (Directly Reported in £m),"Net finance expenses payable including bond interest, loan interest, bank charges less interest received under IFRS 9 / IAS 23",Qualified (COVID Timing),Primary Audited,Normal operations; no COVID disruption.
FIN-FY2016-PROFIT-0017,2015/16,FY2016,profit_on_player_disposals,2.00,2.00,GBP millions,Arsenal Holdings PLC,Group of companies' accounts made up to 31 May 2016,2017-01-17,p. 23,Consolidated Profit and Loss Account,https://find-and-update.company-information.service.gov.uk/company/04250459/filing-history/MzE2Njc3MDIwNGFkaXF6a2N4/document?format=pdf&download=0,None (Directly Reported in £m),Net accounting profit on disposal/derecognition of intangible player registrations under IAS 38 (consideration less unamortised net book value). Distinct from net market transfer spending.,Qualified (COVID Timing),Primary Audited,Audited primary statutory figure.
FIN-FY2016-PLAYER-0018,2015/16,FY2016,player_registration_additions,54.40,54.40,GBP millions,Arsenal Holdings PLC,Group of companies' accounts made up to 31 May 2016,2017-01-17,"p. 34, Note 10",Note 10 (Intangible Assets),https://find-and-update.company-information.service.gov.uk/company/04250459/filing-history/MzE2Njc3MDIwNGFkaXF6a2N4/document?format=pdf&download=0,None (Directly Reported in £m),"Capitalized additions to intangible player registrations under IAS 38 (includes transfer fees, agent fees, signing bonuses). Distinct from headline market transfer fees.",Qualified (COVID Timing),Primary Audited,Audited primary statutory figure.
FIN-FY2016-PLAYER-0019,2015/16,FY2016,player_registration_nbv,114.80,114.80,GBP millions,Arsenal Holdings PLC,Group of companies' accounts made up to 31 May 2016,2017-01-17,"p. 34, Note 10",Note 10 (Intangible Assets),https://find-and-update.company-information.service.gov.uk/company/04250459/filing-history/MzE2Njc3MDIwNGFkaXF6a2N4/document?format=pdf&download=0,None (Directly Reported in £m),Carrying balance sheet value of intangible player registrations at reporting date under IAS 38,Qualified (COVID Timing),Primary Audited,Audited primary statutory figure.
FIN-FY2017-FOOTBA-0020,2016/17,FY2017,football_turnover,422.80,422.80,GBP millions,Arsenal Holdings PLC,Group of companies' accounts made up to 31 May 2017,2017-12-04,"p. 30, Note 1",Note 1 (Turnover),https://find-and-update.company-information.service.gov.uk/company/04250459/filing-history/MzE5MTg1NjI2OWFkaXF6a2N4/document?format=pdf&download=0,None (Directly Reported in £m),Turnover generated strictly from football activities excluding property development,Qualified (COVID Timing),Primary Audited,Total turnover includes £1.20m property turnover; football turnover is £422.80m.
FIN-FY2017-TOTAL_-0021,2016/17,FY2017,total_turnover,424.00,424.00,GBP millions,Arsenal Holdings PLC,Group of companies' accounts made up to 31 May 2017,2017-12-04,"p. 30, Note 1",Consolidated Profit and Loss Account,https://find-and-update.company-information.service.gov.uk/company/04250459/filing-history/MzE5MTg1NjI2OWFkaXF6a2N4/document?format=pdf&download=0,None (Directly Reported in £m),Consolidated Group revenue including football operations and legacy property development,Qualified (COVID Timing),Primary Audited,Total turnover includes £1.20m property turnover; football turnover is £422.80m.
FIN-FY2017-BROADC-0022,2016/17,FY2017,broadcast_revenue,179.90,179.90,GBP millions,Arsenal Holdings PLC,Group of companies' accounts made up to 31 May 2017,2017-12-04,"p. 30, Note 1",Note 1 (Turnover),https://find-and-update.company-information.service.gov.uk/company/04250459/filing-history/MzE5MTg1NjI2OWFkaXF6a2N4/document?format=pdf&download=0,None (Directly Reported in £m),Distributions from Premier League domestic/overseas TV contracts and UEFA competition rights,Qualified (COVID Timing),Primary Audited,Normal operations; no COVID disruption.
FIN-FY2017-COMMER-0023,2016/17,FY2017,commercial_revenue,141.00,141.00,GBP millions,Arsenal Holdings PLC,Group of companies' accounts made up to 31 May 2017,2017-12-04,"p. 30, Note 1",Note 1 (Turnover),https://find-and-update.company-information.service.gov.uk/company/04250459/filing-history/MzE5MTg1NjI2OWFkaXF6a2N4/document?format=pdf&download=0,None (Directly Reported in £m),"Revenue from sponsorships, partnerships, merchandising, retail, licensing and stadium tours",Qualified (COVID Timing),Primary Audited,Audited primary statutory figure.
FIN-FY2017-MATCHD-0024,2016/17,FY2017,matchday_revenue,101.90,101.90,GBP millions,Arsenal Holdings PLC,Group of companies' accounts made up to 31 May 2017,2017-12-04,"p. 30, Note 1",Note 1 (Turnover),https://find-and-update.company-information.service.gov.uk/company/04250459/filing-history/MzE5MTg1NjI2OWFkaXF6a2N4/document?format=pdf&download=0,None (Directly Reported in £m),"Ticket sales, gate receipts, club level hospitality and matchday cup receipts",Qualified (COVID Timing),Primary Audited,Normal operations; no COVID disruption.
FIN-FY2017-STAFF_-0025,2016/17,FY2017,staff_costs,199.40,199.40,GBP millions,Arsenal Holdings PLC,Group of companies' accounts made up to 31 May 2017,2017-12-04,"p. 31, Note 3",Note 3 (Employees and Directors),https://find-and-update.company-information.service.gov.uk/company/04250459/filing-history/MzE5MTg1NjI2OWFkaXF6a2N4/document?format=pdf&download=0,None (Directly Reported in £m),"Total group employment expenditure across all playing, coaching, administrative, executive, and operational staff under IAS 19. Does not isolate first-team player wages.",Qualified (COVID Timing),Primary Audited,Audited primary statutory figure.
FIN-FY2017-OPERAT-0026,2016/17,FY2017,operating_expenses,80.40,80.40,GBP millions,Arsenal Holdings PLC,Group of companies' accounts made up to 31 May 2017,2017-12-04,"p. 30, Note 2",Note 2 (Operating Expenses),https://find-and-update.company-information.service.gov.uk/company/04250459/filing-history/MzE5MTg1NjI2OWFkaXF6a2N4/document?format=pdf&download=0,None (Directly Reported in £m),"Other operating charges excluding staff costs, player amortisation, and tangible depreciation",Qualified (COVID Timing),Primary Audited,Audited primary statutory figure.
FIN-FY2017-PLAYER-0027,2016/17,FY2017,player_amortisation,77.10,77.10,GBP millions,Arsenal Holdings PLC,Group of companies' accounts made up to 31 May 2017,2017-12-04,"p. 36, Note 10",Note 10 (Intangible Assets),https://find-and-update.company-information.service.gov.uk/company/04250459/filing-history/MzE5MTg1NjI2OWFkaXF6a2N4/document?format=pdf&download=0,None (Directly Reported in £m),Annual non-cash straight-line amortisation of capitalized registration costs under IAS 38,Qualified (COVID Timing),Primary Audited,Audited primary statutory figure.
FIN-FY2017-PLAYER-0028,2016/17,FY2017,player_impairment,0.00,0.00,GBP millions,Arsenal Holdings PLC,Group of companies' accounts made up to 31 May 2017,2017-12-04,"p. 36, Note 10",Note 10 (Intangible Assets),https://find-and-update.company-information.service.gov.uk/company/04250459/filing-history/MzE5MTg1NjI2OWFkaXF6a2N4/document?format=pdf&download=0,None (Directly Reported in £m),Non-cash impairment write-downs or contract termination charges on player registrations under IAS 36/38,Qualified (COVID Timing),Primary Audited,Audited primary statutory figure.
FIN-FY2017-DEPREC-0029,2016/17,FY2017,depreciation,12.70,12.70,GBP millions,Arsenal Holdings PLC,Group of companies' accounts made up to 31 May 2017,2017-12-04,"p. 35, Note 9",Note 9 (Tangible Fixed Assets),https://find-and-update.company-information.service.gov.uk/company/04250459/filing-history/MzE5MTg1NjI2OWFkaXF6a2N4/document?format=pdf&download=0,None (Directly Reported in £m),Annual depreciation of tangible fixed assets including Emirates Stadium and facilities under IAS 16,Qualified (COVID Timing),Primary Audited,Audited primary statutory figure.
FIN-FY2017-OPERAT-0030,2016/17,FY2017,operating_profit_loss,43.40,43.40,GBP millions,Arsenal Holdings PLC,Group of companies' accounts made up to 31 May 2017,2017-12-04,p. 25,Consolidated Profit and Loss Account,https://find-and-update.company-information.service.gov.uk/company/04250459/filing-history/MzE5MTg1NjI2OWFkaXF6a2N4/document?format=pdf&download=0,None (Directly Reported in £m),Statutory operating result after player amortisation and impairments but before finance costs and tax,Qualified (COVID Timing),Primary Audited,Audited primary statutory figure.
FIN-FY2017-NET_PR-0031,2016/17,FY2017,net_profit_loss,35.30,35.30,GBP millions,Arsenal Holdings PLC,Group of companies' accounts made up to 31 May 2017,2017-12-04,p. 25,Consolidated Profit and Loss Account,https://find-and-update.company-information.service.gov.uk/company/04250459/filing-history/MzE5MTg1NjI2OWFkaXF6a2N4/document?format=pdf&download=0,None (Directly Reported in £m),Retained profit or loss for the financial reporting year after net finance costs and taxation,Qualified (COVID Timing),Primary Audited,Normal operations; no COVID disruption.
FIN-FY2017-CASH-0032,2016/17,FY2017,cash,231.30,231.30,GBP millions,Arsenal Holdings PLC,Group of companies' accounts made up to 31 May 2017,2017-12-04,p. 27,Consolidated Balance Sheet,https://find-and-update.company-information.service.gov.uk/company/04250459/filing-history/MzE5MTg1NjI2OWFkaXF6a2N4/document?format=pdf&download=0,None (Directly Reported in £m),Cash held at bank and short-term deposits at reporting year end under IAS 7,Qualified (COVID Timing),Primary Audited,Audited primary statutory figure.
FIN-FY2017-GROSS_-0033,2016/17,FY2017,gross_debt,226.90,226.90,GBP millions,Arsenal Holdings PLC,Group of companies' accounts made up to 31 May 2017,2017-12-04,"p. 40, Note 17",Note 17 (Borrowings),https://find-and-update.company-information.service.gov.uk/company/04250459/filing-history/MzE5MTg1NjI2OWFkaXF6a2N4/document?format=pdf&download=0,None (Directly Reported in £m),Total current and non-current financial borrowings (stadium bonds to 2020; KSE loan thereafter),Qualified (COVID Timing),Primary Audited,Audited primary statutory figure.
FIN-FY2017-NET_DE-0034,2016/17,FY2017,net_debt,-4.40,-4.40,GBP millions,Arsenal Holdings PLC,Group of companies' accounts made up to 31 May 2017,2017-12-04,"p. 27 & p. 40, Note 17",Balance Sheet & Note 17,https://find-and-update.company-information.service.gov.uk/company/04250459/filing-history/MzE5MTg1NjI2OWFkaXF6a2N4/document?format=pdf&download=0,gross_debt - cash,Gross borrowings less cash and cash equivalents at reporting date (disclosed in Note 17 / Balance Sheet),Qualified (COVID Timing),Primary Audited,Audited primary statutory figure.
FIN-FY2017-NET_FI-0035,2016/17,FY2017,net_finance_costs,13.30,13.30,GBP millions,Arsenal Holdings PLC,Group of companies' accounts made up to 31 May 2017,2017-12-04,p. 25,Consolidated Profit and Loss Account,https://find-and-update.company-information.service.gov.uk/company/04250459/filing-history/MzE5MTg1NjI2OWFkaXF6a2N4/document?format=pdf&download=0,None (Directly Reported in £m),"Net finance expenses payable including bond interest, loan interest, bank charges less interest received under IFRS 9 / IAS 23",Qualified (COVID Timing),Primary Audited,Normal operations; no COVID disruption.
FIN-FY2017-PROFIT-0036,2016/17,FY2017,profit_on_player_disposals,6.80,6.80,GBP millions,Arsenal Holdings PLC,Group of companies' accounts made up to 31 May 2017,2017-12-04,p. 25,Consolidated Profit and Loss Account,https://find-and-update.company-information.service.gov.uk/company/04250459/filing-history/MzE5MTg1NjI2OWFkaXF6a2N4/document?format=pdf&download=0,None (Directly Reported in £m),Net accounting profit on disposal/derecognition of intangible player registrations under IAS 38 (consideration less unamortised net book value). Distinct from net market transfer spending.,Qualified (COVID Timing),Primary Audited,Audited primary statutory figure.
FIN-FY2017-PLAYER-0037,2016/17,FY2017,player_registration_additions,110.50,110.50,GBP millions,Arsenal Holdings PLC,Group of companies' accounts made up to 31 May 2017,2017-12-04,"p. 36, Note 10",Note 10 (Intangible Assets),https://find-and-update.company-information.service.gov.uk/company/04250459/filing-history/MzE5MTg1NjI2OWFkaXF6a2N4/document?format=pdf&download=0,None (Directly Reported in £m),"Capitalized additions to intangible player registrations under IAS 38 (includes transfer fees, agent fees, signing bonuses). Distinct from headline market transfer fees.",Qualified (COVID Timing),Primary Audited,Audited primary statutory figure.
FIN-FY2017-PLAYER-0038,2016/17,FY2017,player_registration_nbv,148.20,148.20,GBP millions,Arsenal Holdings PLC,Group of companies' accounts made up to 31 May 2017,2017-12-04,"p. 36, Note 10",Note 10 (Intangible Assets),https://find-and-update.company-information.service.gov.uk/company/04250459/filing-history/MzE5MTg1NjI2OWFkaXF6a2N4/document?format=pdf&download=0,None (Directly Reported in £m),Carrying balance sheet value of intangible player registrations at reporting date under IAS 38,Qualified (COVID Timing),Primary Audited,Audited primary statutory figure.
FIN-FY2018-FOOTBA-0039,2017/18,FY2018,football_turnover,388.20,388.20,GBP millions,Arsenal Holdings PLC,Group of companies' accounts made up to 31 May 2018,2019-01-28,"p. 18, Note 1",Note 1 (Turnover),https://find-and-update.company-information.service.gov.uk/company/04250459/filing-history/MzIyNTM1MjYxN2FkaXF6a2N4/document?format=pdf&download=0,None (Directly Reported in £m),Turnover generated strictly from football activities excluding property development,Qualified (COVID Timing),Primary Audited,Total turnover includes £0.40m property turnover; football turnover is £388.20m.
FIN-FY2018-TOTAL_-0040,2017/18,FY2018,total_turnover,388.60,388.60,GBP millions,Arsenal Holdings PLC,Group of companies' accounts made up to 31 May 2018,2019-01-28,"p. 18, Note 1",Consolidated Profit and Loss Account,https://find-and-update.company-information.service.gov.uk/company/04250459/filing-history/MzIyNTM1MjYxN2FkaXF6a2N4/document?format=pdf&download=0,None (Directly Reported in £m),Consolidated Group revenue including football operations and legacy property development,Qualified (COVID Timing),Primary Audited,Total turnover includes £0.40m property turnover; football turnover is £388.20m.
FIN-FY2018-BROADC-0041,2017/18,FY2018,broadcast_revenue,180.40,180.40,GBP millions,Arsenal Holdings PLC,Group of companies' accounts made up to 31 May 2018,2019-01-28,"p. 18, Note 1",Note 1 (Turnover),https://find-and-update.company-information.service.gov.uk/company/04250459/filing-history/MzIyNTM1MjYxN2FkaXF6a2N4/document?format=pdf&download=0,None (Directly Reported in £m),Distributions from Premier League domestic/overseas TV contracts and UEFA competition rights,Qualified (COVID Timing),Primary Audited,Normal operations; no COVID disruption.
FIN-FY2018-COMMER-0042,2017/18,FY2018,commercial_revenue,108.40,108.40,GBP millions,Arsenal Holdings PLC,Group of companies' accounts made up to 31 May 2018,2019-01-28,"p. 18, Note 1",Note 1 (Turnover),https://find-and-update.company-information.service.gov.uk/company/04250459/filing-history/MzIyNTM1MjYxN2FkaXF6a2N4/document?format=pdf&download=0,None (Directly Reported in £m),"Revenue from sponsorships, partnerships, merchandising, retail, licensing and stadium tours",Qualified (COVID Timing),Primary Audited,Audited primary statutory figure.
FIN-FY2018-MATCHD-0043,2017/18,FY2018,matchday_revenue,99.40,99.40,GBP millions,Arsenal Holdings PLC,Group of companies' accounts made up to 31 May 2018,2019-01-28,"p. 18, Note 1",Note 1 (Turnover),https://find-and-update.company-information.service.gov.uk/company/04250459/filing-history/MzIyNTM1MjYxN2FkaXF6a2N4/document?format=pdf&download=0,None (Directly Reported in £m),"Ticket sales, gate receipts, club level hospitality and matchday cup receipts",Qualified (COVID Timing),Primary Audited,Normal operations; no COVID disruption.
FIN-FY2018-STAFF_-0044,2017/18,FY2018,staff_costs,223.30,223.30,GBP millions,Arsenal Holdings PLC,Group of companies' accounts made up to 31 May 2018,2019-01-28,"p. 19, Note 3",Note 3 (Employees and Directors),https://find-and-update.company-information.service.gov.uk/company/04250459/filing-history/MzIyNTM1MjYxN2FkaXF6a2N4/document?format=pdf&download=0,None (Directly Reported in £m),"Total group employment expenditure across all playing, coaching, administrative, executive, and operational staff under IAS 19. Does not isolate first-team player wages.",Qualified (COVID Timing),Primary Audited,Audited primary statutory figure.
FIN-FY2018-OPERAT-0045,2017/18,FY2018,operating_expenses,72.20,72.20,GBP millions,Arsenal Holdings PLC,Group of companies' accounts made up to 31 May 2018,2019-01-28,"p. 18, Note 2",Note 2 (Operating Expenses),https://find-and-update.company-information.service.gov.uk/company/04250459/filing-history/MzIyNTM1MjYxN2FkaXF6a2N4/document?format=pdf&download=0,None (Directly Reported in £m),"Other operating charges excluding staff costs, player amortisation, and tangible depreciation",Qualified (COVID Timing),Primary Audited,Audited primary statutory figure.
FIN-FY2018-PLAYER-0046,2017/18,FY2018,player_amortisation,77.10,77.10,GBP millions,Arsenal Holdings PLC,Group of companies' accounts made up to 31 May 2018,2019-01-28,"p. 24, Note 10",Note 10 (Intangible Assets),https://find-and-update.company-information.service.gov.uk/company/04250459/filing-history/MzIyNTM1MjYxN2FkaXF6a2N4/document?format=pdf&download=0,None (Directly Reported in £m),Annual non-cash straight-line amortisation of capitalized registration costs under IAS 38,Qualified (COVID Timing),Primary Audited,Audited primary statutory figure.
FIN-FY2018-PLAYER-0047,2017/18,FY2018,player_impairment,0.00,0.00,GBP millions,Arsenal Holdings PLC,Group of companies' accounts made up to 31 May 2018,2019-01-28,"p. 24, Note 10",Note 10 (Intangible Assets),https://find-and-update.company-information.service.gov.uk/company/04250459/filing-history/MzIyNTM1MjYxN2FkaXF6a2N4/document?format=pdf&download=0,None (Directly Reported in £m),Non-cash impairment write-downs or contract termination charges on player registrations under IAS 36/38,Qualified (COVID Timing),Primary Audited,Audited primary statutory figure.
FIN-FY2018-DEPREC-0048,2017/18,FY2018,depreciation,12.80,12.80,GBP millions,Arsenal Holdings PLC,Group of companies' accounts made up to 31 May 2018,2019-01-28,"p. 23, Note 9",Note 9 (Tangible Fixed Assets),https://find-and-update.company-information.service.gov.uk/company/04250459/filing-history/MzIyNTM1MjYxN2FkaXF6a2N4/document?format=pdf&download=0,None (Directly Reported in £m),Annual depreciation of tangible fixed assets including Emirates Stadium and facilities under IAS 16,Qualified (COVID Timing),Primary Audited,Audited primary statutory figure.
FIN-FY2018-OPERAT-0049,2017/18,FY2018,operating_profit_loss,42.20,42.20,GBP millions,Arsenal Holdings PLC,Group of companies' accounts made up to 31 May 2018,2019-01-28,p. 14,Consolidated Profit and Loss Account,https://find-and-update.company-information.service.gov.uk/company/04250459/filing-history/MzIyNTM1MjYxN2FkaXF6a2N4/document?format=pdf&download=0,None (Directly Reported in £m),Statutory operating result after player amortisation and impairments but before finance costs and tax,Qualified (COVID Timing),Primary Audited,Audited primary statutory figure.
FIN-FY2018-NET_PR-0050,2017/18,FY2018,net_profit_loss,56.50,56.50,GBP millions,Arsenal Holdings PLC,Group of companies' accounts made up to 31 May 2018,2019-01-28,p. 14,Consolidated Profit and Loss Account,https://find-and-update.company-information.service.gov.uk/company/04250459/filing-history/MzIyNTM1MjYxN2FkaXF6a2N4/document?format=pdf&download=0,None (Directly Reported in £m),Retained profit or loss for the financial reporting year after net finance costs and taxation,Qualified (COVID Timing),Primary Audited,Normal operations; no COVID disruption.
FIN-FY2018-CASH-0051,2017/18,FY2018,cash,231.10,231.10,GBP millions,Arsenal Holdings PLC,Group of companies' accounts made up to 31 May 2018,2019-01-28,p. 16,Consolidated Balance Sheet,https://find-and-update.company-information.service.gov.uk/company/04250459/filing-history/MzIyNTM1MjYxN2FkaXF6a2N4/document?format=pdf&download=0,None (Directly Reported in £m),Cash held at bank and short-term deposits at reporting year end under IAS 7,Qualified (COVID Timing),Primary Audited,Audited primary statutory figure.
FIN-FY2018-GROSS_-0052,2017/18,FY2018,gross_debt,218.20,218.20,GBP millions,Arsenal Holdings PLC,Group of companies' accounts made up to 31 May 2018,2019-01-28,"p. 27, Note 17",Note 17 (Borrowings),https://find-and-update.company-information.service.gov.uk/company/04250459/filing-history/MzIyNTM1MjYxN2FkaXF6a2N4/document?format=pdf&download=0,None (Directly Reported in £m),Total current and non-current financial borrowings (stadium bonds to 2020; KSE loan thereafter),Qualified (COVID Timing),Primary Audited,Audited primary statutory figure.
FIN-FY2018-NET_DE-0053,2017/18,FY2018,net_debt,-12.90,-12.90,GBP millions,Arsenal Holdings PLC,Group of companies' accounts made up to 31 May 2018,2019-01-28,"p. 16 & p. 27, Note 17",Balance Sheet & Note 17,https://find-and-update.company-information.service.gov.uk/company/04250459/filing-history/MzIyNTM1MjYxN2FkaXF6a2N4/document?format=pdf&download=0,gross_debt - cash,Gross borrowings less cash and cash equivalents at reporting date (disclosed in Note 17 / Balance Sheet),Qualified (COVID Timing),Primary Audited,Audited primary statutory figure.
FIN-FY2018-NET_FI-0054,2017/18,FY2018,net_finance_costs,13.60,13.60,GBP millions,Arsenal Holdings PLC,Group of companies' accounts made up to 31 May 2018,2019-01-28,p. 14,Consolidated Profit and Loss Account,https://find-and-update.company-information.service.gov.uk/company/04250459/filing-history/MzIyNTM1MjYxN2FkaXF6a2N4/document?format=pdf&download=0,None (Directly Reported in £m),"Net finance expenses payable including bond interest, loan interest, bank charges less interest received under IFRS 9 / IAS 23",Qualified (COVID Timing),Primary Audited,Normal operations; no COVID disruption.
FIN-FY2018-PROFIT-0055,2017/18,FY2018,profit_on_player_disposals,120.00,120.00,GBP millions,Arsenal Holdings PLC,Group of companies' accounts made up to 31 May 2018,2019-01-28,p. 14,Consolidated Profit and Loss Account,https://find-and-update.company-information.service.gov.uk/company/04250459/filing-history/MzIyNTM1MjYxN2FkaXF6a2N4/document?format=pdf&download=0,None (Directly Reported in £m),Net accounting profit on disposal/derecognition of intangible player registrations under IAS 38 (consideration less unamortised net book value). Distinct from net market transfer spending.,Qualified (COVID Timing),Primary Audited,Audited primary statutory figure.
FIN-FY2018-PLAYER-0056,2017/18,FY2018,player_registration_additions,165.70,165.70,GBP millions,Arsenal Holdings PLC,Group of companies' accounts made up to 31 May 2018,2019-01-28,"p. 24, Note 10",Note 10 (Intangible Assets),https://find-and-update.company-information.service.gov.uk/company/04250459/filing-history/MzIyNTM1MjYxN2FkaXF6a2N4/document?format=pdf&download=0,None (Directly Reported in £m),"Capitalized additions to intangible player registrations under IAS 38 (includes transfer fees, agent fees, signing bonuses). Distinct from headline market transfer fees.",Qualified (COVID Timing),Primary Audited,Audited primary statutory figure.
FIN-FY2018-PLAYER-0057,2017/18,FY2018,player_registration_nbv,238.20,238.20,GBP millions,Arsenal Holdings PLC,Group of companies' accounts made up to 31 May 2018,2019-01-28,"p. 24, Note 10",Note 10 (Intangible Assets),https://find-and-update.company-information.service.gov.uk/company/04250459/filing-history/MzIyNTM1MjYxN2FkaXF6a2N4/document?format=pdf&download=0,None (Directly Reported in £m),Carrying balance sheet value of intangible player registrations at reporting date under IAS 38,Qualified (COVID Timing),Primary Audited,Audited primary statutory figure.
FIN-FY2019-FOOTBA-0058,2018/19,FY2019,football_turnover,394.70,394.70,GBP millions,Arsenal Holdings Limited,Group of companies' accounts made up to 31 May 2019,2020-03-04,"p. 18, Note 1",Note 1 (Turnover),https://find-and-update.company-information.service.gov.uk/company/04250459/filing-history/MzI1ODcyNTM1MWFkaXF6a2N4/document?format=pdf&download=0,None (Directly Reported in £m),Turnover generated strictly from football activities excluding property development,High,Primary Audited,Property turnover is zero. First year filed as private limited company (re-registered Oct 2018).
FIN-FY2019-TOTAL_-0059,2018/19,FY2019,total_turnover,394.70,394.70,GBP millions,Arsenal Holdings Limited,Group of companies' accounts made up to 31 May 2019,2020-03-04,"p. 18, Note 1",Consolidated Profit and Loss Account,https://find-and-update.company-information.service.gov.uk/company/04250459/filing-history/MzI1ODcyNTM1MWFkaXF6a2N4/document?format=pdf&download=0,None (Directly Reported in £m),Consolidated Group revenue including football operations and legacy property development,High,Primary Audited,Property turnover is zero. First year filed as private limited company (re-registered Oct 2018).
FIN-FY2019-BROADC-0060,2018/19,FY2019,broadcast_revenue,183.80,183.80,GBP millions,Arsenal Holdings Limited,Group of companies' accounts made up to 31 May 2019,2020-03-04,"p. 18, Note 1",Note 1 (Turnover),https://find-and-update.company-information.service.gov.uk/company/04250459/filing-history/MzI1ODcyNTM1MWFkaXF6a2N4/document?format=pdf&download=0,None (Directly Reported in £m),Distributions from Premier League domestic/overseas TV contracts and UEFA competition rights,High,Primary Audited,Audited primary statutory figure.
FIN-FY2019-COMMER-0061,2018/19,FY2019,commercial_revenue,115.00,115.00,GBP millions,Arsenal Holdings Limited,Group of companies' accounts made up to 31 May 2019,2020-03-04,"p. 18, Note 1",Note 1 (Turnover),https://find-and-update.company-information.service.gov.uk/company/04250459/filing-history/MzI1ODcyNTM1MWFkaXF6a2N4/document?format=pdf&download=0,None (Directly Reported in £m),"Revenue from sponsorships, partnerships, merchandising, retail, licensing and stadium tours",High,Primary Audited,Audited primary statutory figure.
FIN-FY2019-MATCHD-0062,2018/19,FY2019,matchday_revenue,95.90,95.90,GBP millions,Arsenal Holdings Limited,Group of companies' accounts made up to 31 May 2019,2020-03-04,"p. 18, Note 1",Note 1 (Turnover),https://find-and-update.company-information.service.gov.uk/company/04250459/filing-history/MzI1ODcyNTM1MWFkaXF6a2N4/document?format=pdf&download=0,None (Directly Reported in £m),"Ticket sales, gate receipts, club level hospitality and matchday cup receipts",High,Primary Audited,Audited primary statutory figure.
FIN-FY2019-STAFF_-0063,2018/19,FY2019,staff_costs,231.70,231.70,GBP millions,Arsenal Holdings Limited,Group of companies' accounts made up to 31 May 2019,2020-03-04,"p. 19, Note 3",Note 3 (Employees and Directors),https://find-and-update.company-information.service.gov.uk/company/04250459/filing-history/MzI1ODcyNTM1MWFkaXF6a2N4/document?format=pdf&download=0,None (Directly Reported in £m),"Total group employment expenditure across all playing, coaching, administrative, executive, and operational staff under IAS 19. Does not isolate first-team player wages.",High,Primary Audited,Audited primary statutory figure.
FIN-FY2019-OPERAT-0064,2018/19,FY2019,operating_expenses,84.20,84.20,GBP millions,Arsenal Holdings Limited,Group of companies' accounts made up to 31 May 2019,2020-03-04,"p. 18, Note 2",Note 2 (Operating Expenses),https://find-and-update.company-information.service.gov.uk/company/04250459/filing-history/MzI1ODcyNTM1MWFkaXF6a2N4/document?format=pdf&download=0,None (Directly Reported in £m),"Other operating charges excluding staff costs, player amortisation, and tangible depreciation",High,Primary Audited,Audited primary statutory figure.
FIN-FY2019-PLAYER-0065,2018/19,FY2019,player_amortisation,92.20,92.20,GBP millions,Arsenal Holdings Limited,Group of companies' accounts made up to 31 May 2019,2020-03-04,"p. 24, Note 10",Note 10 (Intangible Assets),https://find-and-update.company-information.service.gov.uk/company/04250459/filing-history/MzI1ODcyNTM1MWFkaXF6a2N4/document?format=pdf&download=0,None (Directly Reported in £m),Annual non-cash straight-line amortisation of capitalized registration costs under IAS 38,High,Primary Audited,Audited primary statutory figure.
FIN-FY2019-PLAYER-0066,2018/19,FY2019,player_impairment,0.00,0.00,GBP millions,Arsenal Holdings Limited,Group of companies' accounts made up to 31 May 2019,2020-03-04,"p. 24, Note 10",Note 10 (Intangible Assets),https://find-and-update.company-information.service.gov.uk/company/04250459/filing-history/MzI1ODcyNTM1MWFkaXF6a2N4/document?format=pdf&download=0,None (Directly Reported in £m),Non-cash impairment write-downs or contract termination charges on player registrations under IAS 36/38,High,Primary Audited,Audited primary statutory figure.
FIN-FY2019-DEPREC-0067,2018/19,FY2019,depreciation,13.60,13.60,GBP millions,Arsenal Holdings Limited,Group of companies' accounts made up to 31 May 2019,2020-03-04,"p. 23, Note 9",Note 9 (Tangible Fixed Assets),https://find-and-update.company-information.service.gov.uk/company/04250459/filing-history/MzI1ODcyNTM1MWFkaXF6a2N4/document?format=pdf&download=0,None (Directly Reported in £m),Annual depreciation of tangible fixed assets including Emirates Stadium and facilities under IAS 16,High,Primary Audited,Audited primary statutory figure.
FIN-FY2019-OPERAT-0068,2018/19,FY2019,operating_profit_loss,-32.20,-32.20,GBP millions,Arsenal Holdings Limited,Group of companies' accounts made up to 31 May 2019,2020-03-04,p. 14,Consolidated Profit and Loss Account,https://find-and-update.company-information.service.gov.uk/company/04250459/filing-history/MzI1ODcyNTM1MWFkaXF6a2N4/document?format=pdf&download=0,None (Directly Reported in £m),Statutory operating result after player amortisation and impairments but before finance costs and tax,High,Primary Audited,Audited primary statutory figure.
FIN-FY2019-NET_PR-0069,2018/19,FY2019,net_profit_loss,-27.10,-27.10,GBP millions,Arsenal Holdings Limited,Group of companies' accounts made up to 31 May 2019,2020-03-04,p. 14,Consolidated Profit and Loss Account,https://find-and-update.company-information.service.gov.uk/company/04250459/filing-history/MzI1ODcyNTM1MWFkaXF6a2N4/document?format=pdf&download=0,None (Directly Reported in £m),Retained profit or loss for the financial reporting year after net finance costs and taxation,High,Primary Audited,Audited primary statutory figure.
FIN-FY2019-CASH-0070,2018/19,FY2019,cash,167.30,167.30,GBP millions,Arsenal Holdings Limited,Group of companies' accounts made up to 31 May 2019,2020-03-04,p. 16,Consolidated Balance Sheet,https://find-and-update.company-information.service.gov.uk/company/04250459/filing-history/MzI1ODcyNTM1MWFkaXF6a2N4/document?format=pdf&download=0,None (Directly Reported in £m),Cash held at bank and short-term deposits at reporting year end under IAS 7,High,Primary Audited,Audited primary statutory figure.
FIN-FY2019-GROSS_-0071,2018/19,FY2019,gross_debt,206.10,206.10,GBP millions,Arsenal Holdings Limited,Group of companies' accounts made up to 31 May 2019,2020-03-04,"p. 27, Note 17",Note 17 (Borrowings),https://find-and-update.company-information.service.gov.uk/company/04250459/filing-history/MzI1ODcyNTM1MWFkaXF6a2N4/document?format=pdf&download=0,None (Directly Reported in £m),Total current and non-current financial borrowings (stadium bonds to 2020; KSE loan thereafter),High,Primary Audited,Audited primary statutory figure.
FIN-FY2019-NET_DE-0072,2018/19,FY2019,net_debt,38.80,38.80,GBP millions,Arsenal Holdings Limited,Group of companies' accounts made up to 31 May 2019,2020-03-04,"p. 16 & p. 27, Note 17",Balance Sheet & Note 17,https://find-and-update.company-information.service.gov.uk/company/04250459/filing-history/MzI1ODcyNTM1MWFkaXF6a2N4/document?format=pdf&download=0,gross_debt - cash,Gross borrowings less cash and cash equivalents at reporting date (disclosed in Note 17 / Balance Sheet),High,Primary Audited,Audited primary statutory figure.
FIN-FY2019-NET_FI-0073,2018/19,FY2019,net_finance_costs,11.80,11.80,GBP millions,Arsenal Holdings Limited,Group of companies' accounts made up to 31 May 2019,2020-03-04,p. 14,Consolidated Profit and Loss Account,https://find-and-update.company-information.service.gov.uk/company/04250459/filing-history/MzI1ODcyNTM1MWFkaXF6a2N4/document?format=pdf&download=0,None (Directly Reported in £m),"Net finance expenses payable including bond interest, loan interest, bank charges less interest received under IFRS 9 / IAS 23",High,Primary Audited,Audited primary statutory figure.
FIN-FY2019-PROFIT-0074,2018/19,FY2019,profit_on_player_disposals,12.20,12.20,GBP millions,Arsenal Holdings Limited,Group of companies' accounts made up to 31 May 2019,2020-03-04,p. 14,Consolidated Profit and Loss Account,https://find-and-update.company-information.service.gov.uk/company/04250459/filing-history/MzI1ODcyNTM1MWFkaXF6a2N4/document?format=pdf&download=0,None (Directly Reported in £m),Net accounting profit on disposal/derecognition of intangible player registrations under IAS 38 (consideration less unamortised net book value). Distinct from net market transfer spending.,High,Primary Audited,Audited primary statutory figure.
FIN-FY2019-PLAYER-0075,2018/19,FY2019,player_registration_additions,99.00,99.00,GBP millions,Arsenal Holdings Limited,Group of companies' accounts made up to 31 May 2019,2020-03-04,"p. 24, Note 10",Note 10 (Intangible Assets),https://find-and-update.company-information.service.gov.uk/company/04250459/filing-history/MzI1ODcyNTM1MWFkaXF6a2N4/document?format=pdf&download=0,None (Directly Reported in £m),"Capitalized additions to intangible player registrations under IAS 38 (includes transfer fees, agent fees, signing bonuses). Distinct from headline market transfer fees.",High,Primary Audited,Audited primary statutory figure.
FIN-FY2019-PLAYER-0076,2018/19,FY2019,player_registration_nbv,240.30,240.30,GBP millions,Arsenal Holdings Limited,Group of companies' accounts made up to 31 May 2019,2020-03-04,"p. 24, Note 10",Note 10 (Intangible Assets),https://find-and-update.company-information.service.gov.uk/company/04250459/filing-history/MzI1ODcyNTM1MWFkaXF6a2N4/document?format=pdf&download=0,None (Directly Reported in £m),Carrying balance sheet value of intangible player registrations at reporting date under IAS 38,High,Primary Audited,Audited primary statutory figure.
FIN-FY2020-FOOTBA-0077,2019/20,FY2020,football_turnover,343.50,343.50,GBP millions,Arsenal Holdings Limited,Group of companies' accounts made up to 31 May 2020,2021-03-16,"p. 20, Note 1",Note 1 (Turnover),https://find-and-update.company-information.service.gov.uk/company/04250459/filing-history/MzI5NDA2NjY3MWFkaXF6a2N4/document?format=pdf&download=0,None (Directly Reported in £m),Turnover generated strictly from football activities excluding property development,Qualified (COVID Timing),Primary Audited,Property turnover is zero.
FIN-FY2020-TOTAL_-0078,2019/20,FY2020,total_turnover,343.50,343.50,GBP millions,Arsenal Holdings Limited,Group of companies' accounts made up to 31 May 2020,2021-03-16,"p. 20, Note 1",Consolidated Profit and Loss Account,https://find-and-update.company-information.service.gov.uk/company/04250459/filing-history/MzI5NDA2NjY3MWFkaXF6a2N4/document?format=pdf&download=0,None (Directly Reported in £m),Consolidated Group revenue including football operations and legacy property development,Qualified (COVID Timing),Primary Audited,Property turnover is zero.
FIN-FY2020-BROADC-0079,2019/20,FY2020,broadcast_revenue,118.90,118.90,GBP millions,Arsenal Holdings Limited,Group of companies' accounts made up to 31 May 2020,2021-03-16,"p. 20, Note 1",Note 1 (Turnover),https://find-and-update.company-information.service.gov.uk/company/04250459/filing-history/MzI5NDA2NjY3MWFkaXF6a2N4/document?format=pdf&download=0,None (Directly Reported in £m),Distributions from Premier League domestic/overseas TV contracts and UEFA competition rights,Qualified (COVID Timing),Primary Audited,CRITICAL COVID TIMING DISTORTION: 10 fixtures of 2019/20 played in June/July 2020 after financial year-end. £34m of broadcast revenue deferred into FY2021 under IFRS 15. Reported pre-tax loss includes £35m directly COVID-attributed impact.
FIN-FY2020-COMMER-0080,2019/20,FY2020,commercial_revenue,155.20,155.20,GBP millions,Arsenal Holdings Limited,Group of companies' accounts made up to 31 May 2020,2021-03-16,"p. 20, Note 1",Note 1 (Turnover),https://find-and-update.company-information.service.gov.uk/company/04250459/filing-history/MzI5NDA2NjY3MWFkaXF6a2N4/document?format=pdf&download=0,None (Directly Reported in £m),"Revenue from sponsorships, partnerships, merchandising, retail, licensing and stadium tours",Qualified (COVID Timing),Primary Audited,Audited primary statutory figure.
FIN-FY2020-MATCHD-0081,2019/20,FY2020,matchday_revenue,69.40,69.40,GBP millions,Arsenal Holdings Limited,Group of companies' accounts made up to 31 May 2020,2021-03-16,"p. 20, Note 1",Note 1 (Turnover),https://find-and-update.company-information.service.gov.uk/company/04250459/filing-history/MzI5NDA2NjY3MWFkaXF6a2N4/document?format=pdf&download=0,None (Directly Reported in £m),"Ticket sales, gate receipts, club level hospitality and matchday cup receipts",Qualified (COVID Timing),Primary Audited,CRITICAL COVID TIMING DISTORTION: 10 fixtures of 2019/20 played in June/July 2020 after financial year-end. £34m of broadcast revenue deferred into FY2021 under IFRS 15. Reported pre-tax loss includes £35m directly COVID-attributed impact.
FIN-FY2020-STAFF_-0082,2019/20,FY2020,staff_costs,234.50,234.50,GBP millions,Arsenal Holdings Limited,Group of companies' accounts made up to 31 May 2020,2021-03-16,"p. 21, Note 3",Note 3 (Employees and Directors),https://find-and-update.company-information.service.gov.uk/company/04250459/filing-history/MzI5NDA2NjY3MWFkaXF6a2N4/document?format=pdf&download=0,None (Directly Reported in £m),"Total group employment expenditure across all playing, coaching, administrative, executive, and operational staff under IAS 19. Does not isolate first-team player wages.",Qualified (COVID Timing),Primary Audited,Audited primary statutory figure.
FIN-FY2020-OPERAT-0083,2019/20,FY2020,operating_expenses,71.30,71.30,GBP millions,Arsenal Holdings Limited,Group of companies' accounts made up to 31 May 2020,2021-03-16,"p. 20, Note 2",Note 2 (Operating Expenses),https://find-and-update.company-information.service.gov.uk/company/04250459/filing-history/MzI5NDA2NjY3MWFkaXF6a2N4/document?format=pdf&download=0,None (Directly Reported in £m),"Other operating charges excluding staff costs, player amortisation, and tangible depreciation",Qualified (COVID Timing),Primary Audited,Audited primary statutory figure.
FIN-FY2020-PLAYER-0084,2019/20,FY2020,player_amortisation,104.60,104.60,GBP millions,Arsenal Holdings Limited,Group of companies' accounts made up to 31 May 2020,2021-03-16,"p. 26, Note 10",Note 10 (Intangible Assets),https://find-and-update.company-information.service.gov.uk/company/04250459/filing-history/MzI5NDA2NjY3MWFkaXF6a2N4/document?format=pdf&download=0,None (Directly Reported in £m),Annual non-cash straight-line amortisation of capitalized registration costs under IAS 38,Qualified (COVID Timing),Primary Audited,Audited primary statutory figure.
FIN-FY2020-PLAYER-0085,2019/20,FY2020,player_impairment,14.90,14.90,GBP millions,Arsenal Holdings Limited,Group of companies' accounts made up to 31 May 2020,2021-03-16,"p. 26, Note 10",Note 10 (Intangible Assets),https://find-and-update.company-information.service.gov.uk/company/04250459/filing-history/MzI5NDA2NjY3MWFkaXF6a2N4/document?format=pdf&download=0,None (Directly Reported in £m),Non-cash impairment write-downs or contract termination charges on player registrations under IAS 36/38,Qualified (COVID Timing),Primary Audited,Audited primary statutory figure.
FIN-FY2020-DEPREC-0086,2019/20,FY2020,depreciation,14.40,14.40,GBP millions,Arsenal Holdings Limited,Group of companies' accounts made up to 31 May 2020,2021-03-16,"p. 25, Note 9",Note 9 (Tangible Fixed Assets),https://find-and-update.company-information.service.gov.uk/company/04250459/filing-history/MzI5NDA2NjY3MWFkaXF6a2N4/document?format=pdf&download=0,None (Directly Reported in £m),Annual depreciation of tangible fixed assets including Emirates Stadium and facilities under IAS 16,Qualified (COVID Timing),Primary Audited,Audited primary statutory figure.
FIN-FY2020-OPERAT-0087,2019/20,FY2020,operating_profit_loss,-75.30,-75.30,GBP millions,Arsenal Holdings Limited,Group of companies' accounts made up to 31 May 2020,2021-03-16,p. 16,Consolidated Profit and Loss Account,https://find-and-update.company-information.service.gov.uk/company/04250459/filing-history/MzI5NDA2NjY3MWFkaXF6a2N4/document?format=pdf&download=0,None (Directly Reported in £m),Statutory operating result after player amortisation and impairments but before finance costs and tax,Qualified (COVID Timing),Primary Audited,Audited primary statutory figure.
FIN-FY2020-NET_PR-0088,2019/20,FY2020,net_profit_loss,-47.80,-47.80,GBP millions,Arsenal Holdings Limited,Group of companies' accounts made up to 31 May 2020,2021-03-16,p. 16,Consolidated Profit and Loss Account,https://find-and-update.company-information.service.gov.uk/company/04250459/filing-history/MzI5NDA2NjY3MWFkaXF6a2N4/document?format=pdf&download=0,None (Directly Reported in £m),Retained profit or loss for the financial reporting year after net finance costs and taxation,Qualified (COVID Timing),Primary Audited,CRITICAL COVID TIMING DISTORTION: 10 fixtures of 2019/20 played in June/July 2020 after financial year-end. £34m of broadcast revenue deferred into FY2021 under IFRS 15. Reported pre-tax loss includes £35m directly COVID-attributed impact.
FIN-FY2020-CASH-0089,2019/20,FY2020,cash,110.00,110.00,GBP millions,Arsenal Holdings Limited,Group of companies' accounts made up to 31 May 2020,2021-03-16,p. 18,Consolidated Balance Sheet,https://find-and-update.company-information.service.gov.uk/company/04250459/filing-history/MzI5NDA2NjY3MWFkaXF6a2N4/document?format=pdf&download=0,None (Directly Reported in £m),Cash held at bank and short-term deposits at reporting year end under IAS 7,Qualified (COVID Timing),Primary Audited,Audited primary statutory figure.
FIN-FY2020-GROSS_-0090,2019/20,FY2020,gross_debt,218.40,218.40,GBP millions,Arsenal Holdings Limited,Group of companies' accounts made up to 31 May 2020,2021-03-16,"p. 29, Note 17",Note 17 (Borrowings),https://find-and-update.company-information.service.gov.uk/company/04250459/filing-history/MzI5NDA2NjY3MWFkaXF6a2N4/document?format=pdf&download=0,None (Directly Reported in £m),Total current and non-current financial borrowings (stadium bonds to 2020; KSE loan thereafter),Qualified (COVID Timing),Primary Audited,Audited primary statutory figure.
FIN-FY2020-NET_DE-0091,2019/20,FY2020,net_debt,108.40,108.40,GBP millions,Arsenal Holdings Limited,Group of companies' accounts made up to 31 May 2020,2021-03-16,"p. 18 & p. 29, Note 17",Balance Sheet & Note 17,https://find-and-update.company-information.service.gov.uk/company/04250459/filing-history/MzI5NDA2NjY3MWFkaXF6a2N4/document?format=pdf&download=0,gross_debt - cash,Gross borrowings less cash and cash equivalents at reporting date (disclosed in Note 17 / Balance Sheet),Qualified (COVID Timing),Primary Audited,Audited primary statutory figure.
FIN-FY2020-NET_FI-0092,2019/20,FY2020,net_finance_costs,13.60,13.60,GBP millions,Arsenal Holdings Limited,Group of companies' accounts made up to 31 May 2020,2021-03-16,p. 16,Consolidated Profit and Loss Account,https://find-and-update.company-information.service.gov.uk/company/04250459/filing-history/MzI5NDA2NjY3MWFkaXF6a2N4/document?format=pdf&download=0,None (Directly Reported in £m),"Net finance expenses payable including bond interest, loan interest, bank charges less interest received under IFRS 9 / IAS 23",Qualified (COVID Timing),Primary Audited,CRITICAL COVID TIMING DISTORTION: 10 fixtures of 2019/20 played in June/July 2020 after financial year-end. £34m of broadcast revenue deferred into FY2021 under IFRS 15. Reported pre-tax loss includes £35m directly COVID-attributed impact.
FIN-FY2020-PROFIT-0093,2019/20,FY2020,profit_on_player_disposals,60.10,60.10,GBP millions,Arsenal Holdings Limited,Group of companies' accounts made up to 31 May 2020,2021-03-16,p. 16,Consolidated Profit and Loss Account,https://find-and-update.company-information.service.gov.uk/company/04250459/filing-history/MzI5NDA2NjY3MWFkaXF6a2N4/document?format=pdf&download=0,None (Directly Reported in £m),Net accounting profit on disposal/derecognition of intangible player registrations under IAS 38 (consideration less unamortised net book value). Distinct from net market transfer spending.,Qualified (COVID Timing),Primary Audited,Audited primary statutory figure.
FIN-FY2020-PLAYER-0094,2019/20,FY2020,player_registration_additions,182.20,182.20,GBP millions,Arsenal Holdings Limited,Group of companies' accounts made up to 31 May 2020,2021-03-16,"p. 26, Note 10",Note 10 (Intangible Assets),https://find-and-update.company-information.service.gov.uk/company/04250459/filing-history/MzI5NDA2NjY3MWFkaXF6a2N4/document?format=pdf&download=0,None (Directly Reported in £m),"Capitalized additions to intangible player registrations under IAS 38 (includes transfer fees, agent fees, signing bonuses). Distinct from headline market transfer fees.",Qualified (COVID Timing),Primary Audited,Audited primary statutory figure.
FIN-FY2020-PLAYER-0095,2019/20,FY2020,player_registration_nbv,290.40,290.40,GBP millions,Arsenal Holdings Limited,Group of companies' accounts made up to 31 May 2020,2021-03-16,"p. 26, Note 10",Note 10 (Intangible Assets),https://find-and-update.company-information.service.gov.uk/company/04250459/filing-history/MzI5NDA2NjY3MWFkaXF6a2N4/document?format=pdf&download=0,None (Directly Reported in £m),Carrying balance sheet value of intangible player registrations at reporting date under IAS 38,Qualified (COVID Timing),Primary Audited,Audited primary statutory figure.
FIN-FY2021-FOOTBA-0096,2020/21,FY2021,football_turnover,327.60,327.60,GBP millions,Arsenal Holdings Limited,Group of companies' accounts made up to 31 May 2021,2022-03-11,"p. 21, Note 1",Note 1 (Turnover),https://find-and-update.company-information.service.gov.uk/company/04250459/filing-history/MzMzMjQ0NzAzOGFkaXF6a2N4/document?format=pdf&download=0,None (Directly Reported in £m),Turnover generated strictly from football activities excluding property development,Qualified (COVID Timing),Primary Audited,Property turnover is zero.
FIN-FY2021-TOTAL_-0097,2020/21,FY2021,total_turnover,327.60,327.60,GBP millions,Arsenal Holdings Limited,Group of companies' accounts made up to 31 May 2021,2022-03-11,"p. 21, Note 1",Consolidated Profit and Loss Account,https://find-and-update.company-information.service.gov.uk/company/04250459/filing-history/MzMzMjQ0NzAzOGFkaXF6a2N4/document?format=pdf&download=0,None (Directly Reported in £m),Consolidated Group revenue including football operations and legacy property development,Qualified (COVID Timing),Primary Audited,Property turnover is zero.
FIN-FY2021-BROADC-0098,2020/21,FY2021,broadcast_revenue,184.40,184.40,GBP millions,Arsenal Holdings Limited,Group of companies' accounts made up to 31 May 2021,2022-03-11,"p. 21, Note 1",Note 1 (Turnover),https://find-and-update.company-information.service.gov.uk/company/04250459/filing-history/MzMzMjQ0NzAzOGFkaXF6a2N4/document?format=pdf&download=0,None (Directly Reported in £m),Distributions from Premier League domestic/overseas TV contracts and UEFA competition rights,Qualified (COVID Timing),Primary Audited,CRITICAL COVID IMPACT: Entire season played behind closed doors; matchday revenue fell to £3.8m. Broadcast revenue inflated by £34m deferred from FY2020. Net finance costs include £32.2m exceptional premium/cost on July 2020 stadium bond redemption.
FIN-FY2021-COMMER-0099,2020/21,FY2021,commercial_revenue,139.40,139.40,GBP millions,Arsenal Holdings Limited,Group of companies' accounts made up to 31 May 2021,2022-03-11,"p. 21, Note 1",Note 1 (Turnover),https://find-and-update.company-information.service.gov.uk/company/04250459/filing-history/MzMzMjQ0NzAzOGFkaXF6a2N4/document?format=pdf&download=0,None (Directly Reported in £m),"Revenue from sponsorships, partnerships, merchandising, retail, licensing and stadium tours",Qualified (COVID Timing),Primary Audited,Audited primary statutory figure.
FIN-FY2021-MATCHD-0100,2020/21,FY2021,matchday_revenue,3.80,3.80,GBP millions,Arsenal Holdings Limited,Group of companies' accounts made up to 31 May 2021,2022-03-11,"p. 21, Note 1",Note 1 (Turnover),https://find-and-update.company-information.service.gov.uk/company/04250459/filing-history/MzMzMjQ0NzAzOGFkaXF6a2N4/document?format=pdf&download=0,None (Directly Reported in £m),"Ticket sales, gate receipts, club level hospitality and matchday cup receipts",Qualified (COVID Timing),Primary Audited,CRITICAL COVID IMPACT: Entire season played behind closed doors; matchday revenue fell to £3.8m. Broadcast revenue inflated by £34m deferred from FY2020. Net finance costs include £32.2m exceptional premium/cost on July 2020 stadium bond redemption.
FIN-FY2021-STAFF_-0101,2020/21,FY2021,staff_costs,244.40,244.40,GBP millions,Arsenal Holdings Limited,Group of companies' accounts made up to 31 May 2021,2022-03-11,"p. 22, Note 3",Note 3 (Employees and Directors),https://find-and-update.company-information.service.gov.uk/company/04250459/filing-history/MzMzMjQ0NzAzOGFkaXF6a2N4/document?format=pdf&download=0,None (Directly Reported in £m),"Total group employment expenditure across all playing, coaching, administrative, executive, and operational staff under IAS 19. Does not isolate first-team player wages.",Qualified (COVID Timing),Primary Audited,Audited primary statutory figure.
FIN-FY2021-OPERAT-0102,2020/21,FY2021,operating_expenses,48.50,48.50,GBP millions,Arsenal Holdings Limited,Group of companies' accounts made up to 31 May 2021,2022-03-11,"p. 21, Note 2",Note 2 (Operating Expenses),https://find-and-update.company-information.service.gov.uk/company/04250459/filing-history/MzMzMjQ0NzAzOGFkaXF6a2N4/document?format=pdf&download=0,None (Directly Reported in £m),"Other operating charges excluding staff costs, player amortisation, and tangible depreciation",Qualified (COVID Timing),Primary Audited,Audited primary statutory figure.
FIN-FY2021-PLAYER-0103,2020/21,FY2021,player_amortisation,117.40,117.40,GBP millions,Arsenal Holdings Limited,Group of companies' accounts made up to 31 May 2021,2022-03-11,"p. 27, Note 10",Note 10 (Intangible Assets),https://find-and-update.company-information.service.gov.uk/company/04250459/filing-history/MzMzMjQ0NzAzOGFkaXF6a2N4/document?format=pdf&download=0,None (Directly Reported in £m),Annual non-cash straight-line amortisation of capitalized registration costs under IAS 38,Qualified (COVID Timing),Primary Audited,Audited primary statutory figure.
FIN-FY2021-PLAYER-0104,2020/21,FY2021,player_impairment,15.20,15.20,GBP millions,Arsenal Holdings Limited,Group of companies' accounts made up to 31 May 2021,2022-03-11,"p. 27, Note 10",Note 10 (Intangible Assets),https://find-and-update.company-information.service.gov.uk/company/04250459/filing-history/MzMzMjQ0NzAzOGFkaXF6a2N4/document?format=pdf&download=0,None (Directly Reported in £m),Non-cash impairment write-downs or contract termination charges on player registrations under IAS 36/38,Qualified (COVID Timing),Primary Audited,Audited primary statutory figure.
FIN-FY2021-DEPREC-0105,2020/21,FY2021,depreciation,15.60,15.60,GBP millions,Arsenal Holdings Limited,Group of companies' accounts made up to 31 May 2021,2022-03-11,"p. 26, Note 9",Note 9 (Tangible Fixed Assets),https://find-and-update.company-information.service.gov.uk/company/04250459/filing-history/MzMzMjQ0NzAzOGFkaXF6a2N4/document?format=pdf&download=0,None (Directly Reported in £m),Annual depreciation of tangible fixed assets including Emirates Stadium and facilities under IAS 16,Qualified (COVID Timing),Primary Audited,Audited primary statutory figure.
FIN-FY2021-OPERAT-0106,2020/21,FY2021,operating_profit_loss,-130.40,-130.40,GBP millions,Arsenal Holdings Limited,Group of companies' accounts made up to 31 May 2021,2022-03-11,p. 17,Consolidated Profit and Loss Account,https://find-and-update.company-information.service.gov.uk/company/04250459/filing-history/MzMzMjQ0NzAzOGFkaXF6a2N4/document?format=pdf&download=0,None (Directly Reported in £m),Statutory operating result after player amortisation and impairments but before finance costs and tax,Qualified (COVID Timing),Primary Audited,Audited primary statutory figure.
FIN-FY2021-NET_PR-0107,2020/21,FY2021,net_profit_loss,-107.30,-107.30,GBP millions,Arsenal Holdings Limited,Group of companies' accounts made up to 31 May 2021,2022-03-11,p. 17,Consolidated Profit and Loss Account,https://find-and-update.company-information.service.gov.uk/company/04250459/filing-history/MzMzMjQ0NzAzOGFkaXF6a2N4/document?format=pdf&download=0,None (Directly Reported in £m),Retained profit or loss for the financial reporting year after net finance costs and taxation,Qualified (COVID Timing),Primary Audited,CRITICAL COVID IMPACT: Entire season played behind closed doors; matchday revenue fell to £3.8m. Broadcast revenue inflated by £34m deferred from FY2020. Net finance costs include £32.2m exceptional premium/cost on July 2020 stadium bond redemption.
FIN-FY2021-CASH-0108,2020/21,FY2021,cash,18.80,18.80,GBP millions,Arsenal Holdings Limited,Group of companies' accounts made up to 31 May 2021,2022-03-11,p. 19,Consolidated Balance Sheet,https://find-and-update.company-information.service.gov.uk/company/04250459/filing-history/MzMzMjQ0NzAzOGFkaXF6a2N4/document?format=pdf&download=0,None (Directly Reported in £m),Cash held at bank and short-term deposits at reporting year end under IAS 7,Qualified (COVID Timing),Primary Audited,Audited primary statutory figure.
FIN-FY2021-GROSS_-0109,2020/21,FY2021,gross_debt,218.40,218.40,GBP millions,Arsenal Holdings Limited,Group of companies' accounts made up to 31 May 2021,2022-03-11,"p. 30, Note 17",Note 17 (Borrowings),https://find-and-update.company-information.service.gov.uk/company/04250459/filing-history/MzMzMjQ0NzAzOGFkaXF6a2N4/document?format=pdf&download=0,None (Directly Reported in £m),Total current and non-current financial borrowings (stadium bonds to 2020; KSE loan thereafter),Qualified (COVID Timing),Primary Audited,Audited primary statutory figure.
FIN-FY2021-NET_DE-0110,2020/21,FY2021,net_debt,199.60,199.60,GBP millions,Arsenal Holdings Limited,Group of companies' accounts made up to 31 May 2021,2022-03-11,"p. 19 & p. 30, Note 17",Balance Sheet & Note 17,https://find-and-update.company-information.service.gov.uk/company/04250459/filing-history/MzMzMjQ0NzAzOGFkaXF6a2N4/document?format=pdf&download=0,gross_debt - cash,Gross borrowings less cash and cash equivalents at reporting date (disclosed in Note 17 / Balance Sheet),Qualified (COVID Timing),Primary Audited,Audited primary statutory figure.
FIN-FY2021-NET_FI-0111,2020/21,FY2021,net_finance_costs,39.80,39.80,GBP millions,Arsenal Holdings Limited,Group of companies' accounts made up to 31 May 2021,2022-03-11,p. 17,Consolidated Profit and Loss Account,https://find-and-update.company-information.service.gov.uk/company/04250459/filing-history/MzMzMjQ0NzAzOGFkaXF6a2N4/document?format=pdf&download=0,None (Directly Reported in £m),"Net finance expenses payable including bond interest, loan interest, bank charges less interest received under IFRS 9 / IAS 23",Qualified (COVID Timing),Primary Audited,CRITICAL COVID IMPACT: Entire season played behind closed doors; matchday revenue fell to £3.8m. Broadcast revenue inflated by £34m deferred from FY2020. Net finance costs include £32.2m exceptional premium/cost on July 2020 stadium bond redemption.
FIN-FY2021-PROFIT-0112,2020/21,FY2021,profit_on_player_disposals,11.80,11.80,GBP millions,Arsenal Holdings Limited,Group of companies' accounts made up to 31 May 2021,2022-03-11,p. 17,Consolidated Profit and Loss Account,https://find-and-update.company-information.service.gov.uk/company/04250459/filing-history/MzMzMjQ0NzAzOGFkaXF6a2N4/document?format=pdf&download=0,None (Directly Reported in £m),Net accounting profit on disposal/derecognition of intangible player registrations under IAS 38 (consideration less unamortised net book value). Distinct from net market transfer spending.,Qualified (COVID Timing),Primary Audited,Audited primary statutory figure.
FIN-FY2021-PLAYER-0113,2020/21,FY2021,player_registration_additions,73.40,73.40,GBP millions,Arsenal Holdings Limited,Group of companies' accounts made up to 31 May 2021,2022-03-11,"p. 27, Note 10",Note 10 (Intangible Assets),https://find-and-update.company-information.service.gov.uk/company/04250459/filing-history/MzMzMjQ0NzAzOGFkaXF6a2N4/document?format=pdf&download=0,None (Directly Reported in £m),"Capitalized additions to intangible player registrations under IAS 38 (includes transfer fees, agent fees, signing bonuses). Distinct from headline market transfer fees.",Qualified (COVID Timing),Primary Audited,Audited primary statutory figure.
FIN-FY2021-PLAYER-0114,2020/21,FY2021,player_registration_nbv,231.80,231.80,GBP millions,Arsenal Holdings Limited,Group of companies' accounts made up to 31 May 2021,2022-03-11,"p. 27, Note 10",Note 10 (Intangible Assets),https://find-and-update.company-information.service.gov.uk/company/04250459/filing-history/MzMzMjQ0NzAzOGFkaXF6a2N4/document?format=pdf&download=0,None (Directly Reported in £m),Carrying balance sheet value of intangible player registrations at reporting date under IAS 38,Qualified (COVID Timing),Primary Audited,Audited primary statutory figure.
FIN-FY2022-FOOTBA-0115,2021/22,FY2022,football_turnover,369.10,369.10,GBP millions,Arsenal Holdings Limited,Group of companies' accounts made up to 31 May 2022,2023-02-20,"p. 20, Note 1",Note 1 (Turnover),https://find-and-update.company-information.service.gov.uk/company/04250459/filing-history/MzM2OTcwMjYwNWFkaXF6a2N4/document?format=pdf&download=0,None (Directly Reported in £m),Turnover generated strictly from football activities excluding property development,High,Primary Audited,Total turnover includes £2.80m property/ancillary development income; football turnover is £369.10m.
FIN-FY2022-TOTAL_-0116,2021/22,FY2022,total_turnover,371.90,371.90,GBP millions,Arsenal Holdings Limited,Group of companies' accounts made up to 31 May 2022,2023-02-20,"p. 20, Note 1",Consolidated Profit and Loss Account,https://find-and-update.company-information.service.gov.uk/company/04250459/filing-history/MzM2OTcwMjYwNWFkaXF6a2N4/document?format=pdf&download=0,None (Directly Reported in £m),Consolidated Group revenue including football operations and legacy property development,High,Primary Audited,Total turnover includes £2.80m property/ancillary development income; football turnover is £369.10m.
FIN-FY2022-BROADC-0117,2021/22,FY2022,broadcast_revenue,146.00,146.00,GBP millions,Arsenal Holdings Limited,Group of companies' accounts made up to 31 May 2022,2023-02-20,"p. 20, Note 1",Note 1 (Turnover),https://find-and-update.company-information.service.gov.uk/company/04250459/filing-history/MzM2OTcwMjYwNWFkaXF6a2N4/document?format=pdf&download=0,None (Directly Reported in £m),Distributions from Premier League domestic/overseas TV contracts and UEFA competition rights,High,Primary Audited,Audited primary statutory figure.
FIN-FY2022-COMMER-0118,2021/22,FY2022,commercial_revenue,141.70,141.70,GBP millions,Arsenal Holdings Limited,Group of companies' accounts made up to 31 May 2022,2023-02-20,"p. 20, Note 1",Note 1 (Turnover),https://find-and-update.company-information.service.gov.uk/company/04250459/filing-history/MzM2OTcwMjYwNWFkaXF6a2N4/document?format=pdf&download=0,None (Directly Reported in £m),"Revenue from sponsorships, partnerships, merchandising, retail, licensing and stadium tours",High,Primary Audited,Audited primary statutory figure.
FIN-FY2022-MATCHD-0119,2021/22,FY2022,matchday_revenue,79.40,79.40,GBP millions,Arsenal Holdings Limited,Group of companies' accounts made up to 31 May 2022,2023-02-20,"p. 20, Note 1",Note 1 (Turnover),https://find-and-update.company-information.service.gov.uk/company/04250459/filing-history/MzM2OTcwMjYwNWFkaXF6a2N4/document?format=pdf&download=0,None (Directly Reported in £m),"Ticket sales, gate receipts, club level hospitality and matchday cup receipts",High,Primary Audited,Audited primary statutory figure.
FIN-FY2022-STAFF_-0120,2021/22,FY2022,staff_costs,212.30,212.30,GBP millions,Arsenal Holdings Limited,Group of companies' accounts made up to 31 May 2022,2023-02-20,"p. 21, Note 3",Note 3 (Employees and Directors),https://find-and-update.company-information.service.gov.uk/company/04250459/filing-history/MzM2OTcwMjYwNWFkaXF6a2N4/document?format=pdf&download=0,None (Directly Reported in £m),"Total group employment expenditure across all playing, coaching, administrative, executive, and operational staff under IAS 19. Does not isolate first-team player wages.",High,Primary Audited,Audited primary statutory figure.
FIN-FY2022-OPERAT-0121,2021/22,FY2022,operating_expenses,67.40,67.40,GBP millions,Arsenal Holdings Limited,Group of companies' accounts made up to 31 May 2022,2023-02-20,"p. 20, Note 2",Note 2 (Operating Expenses),https://find-and-update.company-information.service.gov.uk/company/04250459/filing-history/MzM2OTcwMjYwNWFkaXF6a2N4/document?format=pdf&download=0,None (Directly Reported in £m),"Other operating charges excluding staff costs, player amortisation, and tangible depreciation",High,Primary Audited,Audited primary statutory figure.
FIN-FY2022-PLAYER-0122,2021/22,FY2022,player_amortisation,127.00,127.00,GBP millions,Arsenal Holdings Limited,Group of companies' accounts made up to 31 May 2022,2023-02-20,"p. 26, Note 10",Note 10 (Intangible Assets),https://find-and-update.company-information.service.gov.uk/company/04250459/filing-history/MzM2OTcwMjYwNWFkaXF6a2N4/document?format=pdf&download=0,None (Directly Reported in £m),Annual non-cash straight-line amortisation of capitalized registration costs under IAS 38,High,Primary Audited,Audited primary statutory figure.
FIN-FY2022-PLAYER-0123,2021/22,FY2022,player_impairment,10.50,10.50,GBP millions,Arsenal Holdings Limited,Group of companies' accounts made up to 31 May 2022,2023-02-20,"p. 26, Note 10",Note 10 (Intangible Assets),https://find-and-update.company-information.service.gov.uk/company/04250459/filing-history/MzM2OTcwMjYwNWFkaXF6a2N4/document?format=pdf&download=0,None (Directly Reported in £m),Non-cash impairment write-downs or contract termination charges on player registrations under IAS 36/38,High,Primary Audited,Audited primary statutory figure.
FIN-FY2022-DEPREC-0124,2021/22,FY2022,depreciation,15.20,15.20,GBP millions,Arsenal Holdings Limited,Group of companies' accounts made up to 31 May 2022,2023-02-20,"p. 25, Note 9",Note 9 (Tangible Fixed Assets),https://find-and-update.company-information.service.gov.uk/company/04250459/filing-history/MzM2OTcwMjYwNWFkaXF6a2N4/document?format=pdf&download=0,None (Directly Reported in £m),Annual depreciation of tangible fixed assets including Emirates Stadium and facilities under IAS 16,High,Primary Audited,Audited primary statutory figure.
FIN-FY2022-OPERAT-0125,2021/22,FY2022,operating_profit_loss,-60.70,-60.70,GBP millions,Arsenal Holdings Limited,Group of companies' accounts made up to 31 May 2022,2023-02-20,p. 16,Consolidated Profit and Loss Account,https://find-and-update.company-information.service.gov.uk/company/04250459/filing-history/MzM2OTcwMjYwNWFkaXF6a2N4/document?format=pdf&download=0,None (Directly Reported in £m),Statutory operating result after player amortisation and impairments but before finance costs and tax,High,Primary Audited,Audited primary statutory figure.
FIN-FY2022-NET_PR-0126,2021/22,FY2022,net_profit_loss,-45.50,-45.50,GBP millions,Arsenal Holdings Limited,Group of companies' accounts made up to 31 May 2022,2023-02-20,p. 16,Consolidated Profit and Loss Account,https://find-and-update.company-information.service.gov.uk/company/04250459/filing-history/MzM2OTcwMjYwNWFkaXF6a2N4/document?format=pdf&download=0,None (Directly Reported in £m),Retained profit or loss for the financial reporting year after net finance costs and taxation,High,Primary Audited,Audited primary statutory figure.
FIN-FY2022-CASH-0127,2021/22,FY2022,cash,30.00,30.00,GBP millions,Arsenal Holdings Limited,Group of companies' accounts made up to 31 May 2022,2023-02-20,p. 18,Consolidated Balance Sheet,https://find-and-update.company-information.service.gov.uk/company/04250459/filing-history/MzM2OTcwMjYwNWFkaXF6a2N4/document?format=pdf&download=0,None (Directly Reported in £m),Cash held at bank and short-term deposits at reporting year end under IAS 7,High,Primary Audited,Audited primary statutory figure.
FIN-FY2022-GROSS_-0128,2021/22,FY2022,gross_debt,259.80,259.80,GBP millions,Arsenal Holdings Limited,Group of companies' accounts made up to 31 May 2022,2023-02-20,"p. 29, Note 17",Note 17 (Borrowings),https://find-and-update.company-information.service.gov.uk/company/04250459/filing-history/MzM2OTcwMjYwNWFkaXF6a2N4/document?format=pdf&download=0,None (Directly Reported in £m),Total current and non-current financial borrowings (stadium bonds to 2020; KSE loan thereafter),High,Primary Audited,Audited primary statutory figure.
FIN-FY2022-NET_DE-0129,2021/22,FY2022,net_debt,229.80,229.80,GBP millions,Arsenal Holdings Limited,Group of companies' accounts made up to 31 May 2022,2023-02-20,"p. 18 & p. 29, Note 17",Balance Sheet & Note 17,https://find-and-update.company-information.service.gov.uk/company/04250459/filing-history/MzM2OTcwMjYwNWFkaXF6a2N4/document?format=pdf&download=0,gross_debt - cash,Gross borrowings less cash and cash equivalents at reporting date (disclosed in Note 17 / Balance Sheet),High,Primary Audited,Audited primary statutory figure.
FIN-FY2022-NET_FI-0130,2021/22,FY2022,net_finance_costs,5.20,5.20,GBP millions,Arsenal Holdings Limited,Group of companies' accounts made up to 31 May 2022,2023-02-20,p. 16,Consolidated Profit and Loss Account,https://find-and-update.company-information.service.gov.uk/company/04250459/filing-history/MzM2OTcwMjYwNWFkaXF6a2N4/document?format=pdf&download=0,None (Directly Reported in £m),"Net finance expenses payable including bond interest, loan interest, bank charges less interest received under IFRS 9 / IAS 23",High,Primary Audited,Audited primary statutory figure.
FIN-FY2022-PROFIT-0131,2021/22,FY2022,profit_on_player_disposals,24.20,24.20,GBP millions,Arsenal Holdings Limited,Group of companies' accounts made up to 31 May 2022,2023-02-20,p. 16,Consolidated Profit and Loss Account,https://find-and-update.company-information.service.gov.uk/company/04250459/filing-history/MzM2OTcwMjYwNWFkaXF6a2N4/document?format=pdf&download=0,None (Directly Reported in £m),Net accounting profit on disposal/derecognition of intangible player registrations under IAS 38 (consideration less unamortised net book value). Distinct from net market transfer spending.,High,Primary Audited,Audited primary statutory figure.
FIN-FY2022-PLAYER-0132,2021/22,FY2022,player_registration_additions,143.50,143.50,GBP millions,Arsenal Holdings Limited,Group of companies' accounts made up to 31 May 2022,2023-02-20,"p. 26, Note 10",Note 10 (Intangible Assets),https://find-and-update.company-information.service.gov.uk/company/04250459/filing-history/MzM2OTcwMjYwNWFkaXF6a2N4/document?format=pdf&download=0,None (Directly Reported in £m),"Capitalized additions to intangible player registrations under IAS 38 (includes transfer fees, agent fees, signing bonuses). Distinct from headline market transfer fees.",High,Primary Audited,Audited primary statutory figure.
FIN-FY2022-PLAYER-0133,2021/22,FY2022,player_registration_nbv,235.10,235.10,GBP millions,Arsenal Holdings Limited,Group of companies' accounts made up to 31 May 2022,2023-02-20,"p. 26, Note 10",Note 10 (Intangible Assets),https://find-and-update.company-information.service.gov.uk/company/04250459/filing-history/MzM2OTcwMjYwNWFkaXF6a2N4/document?format=pdf&download=0,None (Directly Reported in £m),Carrying balance sheet value of intangible player registrations at reporting date under IAS 38,High,Primary Audited,Audited primary statutory figure.
FIN-FY2023-FOOTBA-0134,2022/23,FY2023,football_turnover,464.60,464.60,GBP millions,Arsenal Holdings Limited,Group of companies' accounts made up to 31 May 2023,2024-02-26,"p. 20, Note 1",Note 1 (Turnover),https://find-and-update.company-information.service.gov.uk/company/04250459/filing-history/MzQxMjE5NjQ0MGFkaXF6a2N4/document?format=pdf&download=0,None (Directly Reported in £m),Turnover generated strictly from football activities excluding property development,High,Primary Audited,Total turnover includes £2.40m ancillary property income; football turnover is £464.60m.
FIN-FY2023-TOTAL_-0135,2022/23,FY2023,total_turnover,467.00,467.00,GBP millions,Arsenal Holdings Limited,Group of companies' accounts made up to 31 May 2023,2024-02-26,"p. 20, Note 1",Consolidated Profit and Loss Account,https://find-and-update.company-information.service.gov.uk/company/04250459/filing-history/MzQxMjE5NjQ0MGFkaXF6a2N4/document?format=pdf&download=0,None (Directly Reported in £m),Consolidated Group revenue including football operations and legacy property development,High,Primary Audited,Total turnover includes £2.40m ancillary property income; football turnover is £464.60m.
FIN-FY2023-BROADC-0136,2022/23,FY2023,broadcast_revenue,191.20,191.20,GBP millions,Arsenal Holdings Limited,Group of companies' accounts made up to 31 May 2023,2024-02-26,"p. 20, Note 1",Note 1 (Turnover),https://find-and-update.company-information.service.gov.uk/company/04250459/filing-history/MzQxMjE5NjQ0MGFkaXF6a2N4/document?format=pdf&download=0,None (Directly Reported in £m),Distributions from Premier League domestic/overseas TV contracts and UEFA competition rights,High,Primary Audited,Audited primary statutory figure.
FIN-FY2023-COMMER-0137,2022/23,FY2023,commercial_revenue,169.30,169.30,GBP millions,Arsenal Holdings Limited,Group of companies' accounts made up to 31 May 2023,2024-02-26,"p. 20, Note 1",Note 1 (Turnover),https://find-and-update.company-information.service.gov.uk/company/04250459/filing-history/MzQxMjE5NjQ0MGFkaXF6a2N4/document?format=pdf&download=0,None (Directly Reported in £m),"Revenue from sponsorships, partnerships, merchandising, retail, licensing and stadium tours",High,Primary Audited,Audited primary statutory figure.
FIN-FY2023-MATCHD-0138,2022/23,FY2023,matchday_revenue,102.60,102.60,GBP millions,Arsenal Holdings Limited,Group of companies' accounts made up to 31 May 2023,2024-02-26,"p. 20, Note 1",Note 1 (Turnover),https://find-and-update.company-information.service.gov.uk/company/04250459/filing-history/MzQxMjE5NjQ0MGFkaXF6a2N4/document?format=pdf&download=0,None (Directly Reported in £m),"Ticket sales, gate receipts, club level hospitality and matchday cup receipts",High,Primary Audited,Audited primary statutory figure.
FIN-FY2023-STAFF_-0139,2022/23,FY2023,staff_costs,234.80,234.80,GBP millions,Arsenal Holdings Limited,Group of companies' accounts made up to 31 May 2023,2024-02-26,"p. 21, Note 3",Note 3 (Employees and Directors),https://find-and-update.company-information.service.gov.uk/company/04250459/filing-history/MzQxMjE5NjQ0MGFkaXF6a2N4/document?format=pdf&download=0,None (Directly Reported in £m),"Total group employment expenditure across all playing, coaching, administrative, executive, and operational staff under IAS 19. Does not isolate first-team player wages.",High,Primary Audited,Audited primary statutory figure.
FIN-FY2023-OPERAT-0140,2022/23,FY2023,operating_expenses,72.50,72.50,GBP millions,Arsenal Holdings Limited,Group of companies' accounts made up to 31 May 2023,2024-02-26,"p. 20, Note 2",Note 2 (Operating Expenses),https://find-and-update.company-information.service.gov.uk/company/04250459/filing-history/MzQxMjE5NjQ0MGFkaXF6a2N4/document?format=pdf&download=0,None (Directly Reported in £m),"Other operating charges excluding staff costs, player amortisation, and tangible depreciation",High,Primary Audited,Audited primary statutory figure.
FIN-FY2023-PLAYER-0141,2022/23,FY2023,player_amortisation,157.00,157.00,GBP millions,Arsenal Holdings Limited,Group of companies' accounts made up to 31 May 2023,2024-02-26,"p. 26, Note 10",Note 10 (Intangible Assets),https://find-and-update.company-information.service.gov.uk/company/04250459/filing-history/MzQxMjE5NjQ0MGFkaXF6a2N4/document?format=pdf&download=0,None (Directly Reported in £m),Annual non-cash straight-line amortisation of capitalized registration costs under IAS 38,High,Primary Audited,Audited primary statutory figure.
FIN-FY2023-PLAYER-0142,2022/23,FY2023,player_impairment,0.00,0.00,GBP millions,Arsenal Holdings Limited,Group of companies' accounts made up to 31 May 2023,2024-02-26,"p. 26, Note 10",Note 10 (Intangible Assets),https://find-and-update.company-information.service.gov.uk/company/04250459/filing-history/MzQxMjE5NjQ0MGFkaXF6a2N4/document?format=pdf&download=0,None (Directly Reported in £m),Non-cash impairment write-downs or contract termination charges on player registrations under IAS 36/38,High,Primary Audited,Audited primary statutory figure.
FIN-FY2023-DEPREC-0143,2022/23,FY2023,depreciation,15.40,15.40,GBP millions,Arsenal Holdings Limited,Group of companies' accounts made up to 31 May 2023,2024-02-26,"p. 25, Note 9",Note 9 (Tangible Fixed Assets),https://find-and-update.company-information.service.gov.uk/company/04250459/filing-history/MzQxMjE5NjQ0MGFkaXF6a2N4/document?format=pdf&download=0,None (Directly Reported in £m),Annual depreciation of tangible fixed assets including Emirates Stadium and facilities under IAS 16,High,Primary Audited,Audited primary statutory figure.
FIN-FY2023-OPERAT-0144,2022/23,FY2023,operating_profit_loss,-55.00,-55.00,GBP millions,Arsenal Holdings Limited,Group of companies' accounts made up to 31 May 2023,2024-02-26,p. 16,Consolidated Profit and Loss Account,https://find-and-update.company-information.service.gov.uk/company/04250459/filing-history/MzQxMjE5NjQ0MGFkaXF6a2N4/document?format=pdf&download=0,None (Directly Reported in £m),Statutory operating result after player amortisation and impairments but before finance costs and tax,High,Primary Audited,Audited primary statutory figure.
FIN-FY2023-NET_PR-0145,2022/23,FY2023,net_profit_loss,-52.10,-52.10,GBP millions,Arsenal Holdings Limited,Group of companies' accounts made up to 31 May 2023,2024-02-26,p. 16,Consolidated Profit and Loss Account,https://find-and-update.company-information.service.gov.uk/company/04250459/filing-history/MzQxMjE5NjQ0MGFkaXF6a2N4/document?format=pdf&download=0,None (Directly Reported in £m),Retained profit or loss for the financial reporting year after net finance costs and taxation,High,Primary Audited,Audited primary statutory figure.
FIN-FY2023-CASH-0146,2022/23,FY2023,cash,42.80,42.80,GBP millions,Arsenal Holdings Limited,Group of companies' accounts made up to 31 May 2023,2024-02-26,p. 18,Consolidated Balance Sheet,https://find-and-update.company-information.service.gov.uk/company/04250459/filing-history/MzQxMjE5NjQ0MGFkaXF6a2N4/document?format=pdf&download=0,None (Directly Reported in £m),Cash held at bank and short-term deposits at reporting year end under IAS 7,High,Primary Audited,Audited primary statutory figure.
FIN-FY2023-GROSS_-0147,2022/23,FY2023,gross_debt,260.00,260.00,GBP millions,Arsenal Holdings Limited,Group of companies' accounts made up to 31 May 2023,2024-02-26,"p. 29, Note 17",Note 17 (Borrowings),https://find-and-update.company-information.service.gov.uk/company/04250459/filing-history/MzQxMjE5NjQ0MGFkaXF6a2N4/document?format=pdf&download=0,None (Directly Reported in £m),Total current and non-current financial borrowings (stadium bonds to 2020; KSE loan thereafter),High,Primary Audited,Audited primary statutory figure.
FIN-FY2023-NET_DE-0148,2022/23,FY2023,net_debt,217.20,217.20,GBP millions,Arsenal Holdings Limited,Group of companies' accounts made up to 31 May 2023,2024-02-26,"p. 18 & p. 29, Note 17",Balance Sheet & Note 17,https://find-and-update.company-information.service.gov.uk/company/04250459/filing-history/MzQxMjE5NjQ0MGFkaXF6a2N4/document?format=pdf&download=0,gross_debt - cash,Gross borrowings less cash and cash equivalents at reporting date (disclosed in Note 17 / Balance Sheet),High,Primary Audited,Audited primary statutory figure.
FIN-FY2023-NET_FI-0149,2022/23,FY2023,net_finance_costs,6.10,6.10,GBP millions,Arsenal Holdings Limited,Group of companies' accounts made up to 31 May 2023,2024-02-26,p. 16,Consolidated Profit and Loss Account,https://find-and-update.company-information.service.gov.uk/company/04250459/filing-history/MzQxMjE5NjQ0MGFkaXF6a2N4/document?format=pdf&download=0,None (Directly Reported in £m),"Net finance expenses payable including bond interest, loan interest, bank charges less interest received under IFRS 9 / IAS 23",High,Primary Audited,Audited primary statutory figure.
FIN-FY2023-PROFIT-0150,2022/23,FY2023,profit_on_player_disposals,10.70,10.70,GBP millions,Arsenal Holdings Limited,Group of companies' accounts made up to 31 May 2023,2024-02-26,p. 16,Consolidated Profit and Loss Account,https://find-and-update.company-information.service.gov.uk/company/04250459/filing-history/MzQxMjE5NjQ0MGFkaXF6a2N4/document?format=pdf&download=0,None (Directly Reported in £m),Net accounting profit on disposal/derecognition of intangible player registrations under IAS 38 (consideration less unamortised net book value). Distinct from net market transfer spending.,High,Primary Audited,Audited primary statutory figure.
FIN-FY2023-PLAYER-0151,2022/23,FY2023,player_registration_additions,167.30,167.30,GBP millions,Arsenal Holdings Limited,Group of companies' accounts made up to 31 May 2023,2024-02-26,"p. 26, Note 10",Note 10 (Intangible Assets),https://find-and-update.company-information.service.gov.uk/company/04250459/filing-history/MzQxMjE5NjQ0MGFkaXF6a2N4/document?format=pdf&download=0,None (Directly Reported in £m),"Capitalized additions to intangible player registrations under IAS 38 (includes transfer fees, agent fees, signing bonuses). Distinct from headline market transfer fees.",High,Primary Audited,Audited primary statutory figure.
FIN-FY2023-PLAYER-0152,2022/23,FY2023,player_registration_nbv,245.40,245.40,GBP millions,Arsenal Holdings Limited,Group of companies' accounts made up to 31 May 2023,2024-02-26,"p. 26, Note 10",Note 10 (Intangible Assets),https://find-and-update.company-information.service.gov.uk/company/04250459/filing-history/MzQxMjE5NjQ0MGFkaXF6a2N4/document?format=pdf&download=0,None (Directly Reported in £m),Carrying balance sheet value of intangible player registrations at reporting date under IAS 38,High,Primary Audited,Audited primary statutory figure.
FIN-FY2024-FOOTBA-0153,2023/24,FY2024,football_turnover,616.00,616.00,GBP millions,Arsenal Holdings Limited,Group of companies' accounts made up to 31 May 2024,2025-02-21,"p. 21, Note 1",Note 1 (Turnover),https://find-and-update.company-information.service.gov.uk/company/04250459/filing-history/MzQ1NTk1NjAxMGFkaXF6a2N4/document?format=pdf&download=0,None (Directly Reported in £m),Turnover generated strictly from football activities excluding property development,High,Primary Audited,Property turnover is zero; 100% football turnover.
FIN-FY2024-TOTAL_-0154,2023/24,FY2024,total_turnover,616.00,616.00,GBP millions,Arsenal Holdings Limited,Group of companies' accounts made up to 31 May 2024,2025-02-21,"p. 21, Note 1",Consolidated Profit and Loss Account,https://find-and-update.company-information.service.gov.uk/company/04250459/filing-history/MzQ1NTk1NjAxMGFkaXF6a2N4/document?format=pdf&download=0,None (Directly Reported in £m),Consolidated Group revenue including football operations and legacy property development,High,Primary Audited,Property turnover is zero; 100% football turnover.
FIN-FY2024-BROADC-0155,2023/24,FY2024,broadcast_revenue,261.80,261.80,GBP millions,Arsenal Holdings Limited,Group of companies' accounts made up to 31 May 2024,2025-02-21,"p. 21, Note 1",Note 1 (Turnover),https://find-and-update.company-information.service.gov.uk/company/04250459/filing-history/MzQ1NTk1NjAxMGFkaXF6a2N4/document?format=pdf&download=0,None (Directly Reported in £m),Distributions from Premier League domestic/overseas TV contracts and UEFA competition rights,High,Primary Audited,Audited primary statutory figure.
FIN-FY2024-COMMER-0156,2023/24,FY2024,commercial_revenue,217.60,217.60,GBP millions,Arsenal Holdings Limited,Group of companies' accounts made up to 31 May 2024,2025-02-21,"p. 21, Note 1",Note 1 (Turnover),https://find-and-update.company-information.service.gov.uk/company/04250459/filing-history/MzQ1NTk1NjAxMGFkaXF6a2N4/document?format=pdf&download=0,None (Directly Reported in £m),"Revenue from sponsorships, partnerships, merchandising, retail, licensing and stadium tours",High,Primary Audited,Audited primary statutory figure.
FIN-FY2024-MATCHD-0157,2023/24,FY2024,matchday_revenue,131.60,131.60,GBP millions,Arsenal Holdings Limited,Group of companies' accounts made up to 31 May 2024,2025-02-21,"p. 21, Note 1",Note 1 (Turnover),https://find-and-update.company-information.service.gov.uk/company/04250459/filing-history/MzQ1NTk1NjAxMGFkaXF6a2N4/document?format=pdf&download=0,None (Directly Reported in £m),"Ticket sales, gate receipts, club level hospitality and matchday cup receipts",High,Primary Audited,Audited primary statutory figure.
FIN-FY2024-STAFF_-0158,2023/24,FY2024,staff_costs,327.90,327.90,GBP millions,Arsenal Holdings Limited,Group of companies' accounts made up to 31 May 2024,2025-02-21,"p. 22, Note 3",Note 3 (Employees and Directors),https://find-and-update.company-information.service.gov.uk/company/04250459/filing-history/MzQ1NTk1NjAxMGFkaXF6a2N4/document?format=pdf&download=0,None (Directly Reported in £m),"Total group employment expenditure across all playing, coaching, administrative, executive, and operational staff under IAS 19. Does not isolate first-team player wages.",High,Primary Audited,Audited primary statutory figure.
FIN-FY2024-OPERAT-0159,2023/24,FY2024,operating_expenses,88.50,88.50,GBP millions,Arsenal Holdings Limited,Group of companies' accounts made up to 31 May 2024,2025-02-21,"p. 21, Note 2",Note 2 (Operating Expenses),https://find-and-update.company-information.service.gov.uk/company/04250459/filing-history/MzQ1NTk1NjAxMGFkaXF6a2N4/document?format=pdf&download=0,None (Directly Reported in £m),"Other operating charges excluding staff costs, player amortisation, and tangible depreciation",High,Primary Audited,Audited primary statutory figure.
FIN-FY2024-PLAYER-0160,2023/24,FY2024,player_amortisation,176.20,176.20,GBP millions,Arsenal Holdings Limited,Group of companies' accounts made up to 31 May 2024,2025-02-21,"p. 27, Note 10",Note 10 (Intangible Assets),https://find-and-update.company-information.service.gov.uk/company/04250459/filing-history/MzQ1NTk1NjAxMGFkaXF6a2N4/document?format=pdf&download=0,None (Directly Reported in £m),Annual non-cash straight-line amortisation of capitalized registration costs under IAS 38,High,Primary Audited,Audited primary statutory figure.
FIN-FY2024-PLAYER-0161,2023/24,FY2024,player_impairment,0.00,0.00,GBP millions,Arsenal Holdings Limited,Group of companies' accounts made up to 31 May 2024,2025-02-21,"p. 27, Note 10",Note 10 (Intangible Assets),https://find-and-update.company-information.service.gov.uk/company/04250459/filing-history/MzQ1NTk1NjAxMGFkaXF6a2N4/document?format=pdf&download=0,None (Directly Reported in £m),Non-cash impairment write-downs or contract termination charges on player registrations under IAS 36/38,High,Primary Audited,Audited primary statutory figure.
FIN-FY2024-DEPREC-0162,2023/24,FY2024,depreciation,16.00,16.00,GBP millions,Arsenal Holdings Limited,Group of companies' accounts made up to 31 May 2024,2025-02-21,"p. 26, Note 9",Note 9 (Tangible Fixed Assets),https://find-and-update.company-information.service.gov.uk/company/04250459/filing-history/MzQ1NTk1NjAxMGFkaXF6a2N4/document?format=pdf&download=0,None (Directly Reported in £m),Annual depreciation of tangible fixed assets including Emirates Stadium and facilities under IAS 16,High,Primary Audited,Audited primary statutory figure.
FIN-FY2024-OPERAT-0163,2023/24,FY2024,operating_profit_loss,-49.00,-49.00,GBP millions,Arsenal Holdings Limited,Group of companies' accounts made up to 31 May 2024,2025-02-21,p. 17,Consolidated Profit and Loss Account,https://find-and-update.company-information.service.gov.uk/company/04250459/filing-history/MzQ1NTk1NjAxMGFkaXF6a2N4/document?format=pdf&download=0,None (Directly Reported in £m),Statutory operating result after player amortisation and impairments but before finance costs and tax,High,Primary Audited,Audited primary statutory figure.
FIN-FY2024-NET_PR-0164,2023/24,FY2024,net_profit_loss,-28.20,-28.20,GBP millions,Arsenal Holdings Limited,Group of companies' accounts made up to 31 May 2024,2025-02-21,p. 17,Consolidated Profit and Loss Account,https://find-and-update.company-information.service.gov.uk/company/04250459/filing-history/MzQ1NTk1NjAxMGFkaXF6a2N4/document?format=pdf&download=0,None (Directly Reported in £m),Retained profit or loss for the financial reporting year after net finance costs and taxation,High,Primary Audited,Audited primary statutory figure.
FIN-FY2024-CASH-0165,2023/24,FY2024,cash,35.20,35.20,GBP millions,Arsenal Holdings Limited,Group of companies' accounts made up to 31 May 2024,2025-02-21,p. 19,Consolidated Balance Sheet,https://find-and-update.company-information.service.gov.uk/company/04250459/filing-history/MzQ1NTk1NjAxMGFkaXF6a2N4/document?format=pdf&download=0,None (Directly Reported in £m),Cash held at bank and short-term deposits at reporting year end under IAS 7,High,Primary Audited,Audited primary statutory figure.
FIN-FY2024-GROSS_-0166,2023/24,FY2024,gross_debt,315.00,315.00,GBP millions,Arsenal Holdings Limited,Group of companies' accounts made up to 31 May 2024,2025-02-21,"p. 30, Note 17",Note 17 (Borrowings),https://find-and-update.company-information.service.gov.uk/company/04250459/filing-history/MzQ1NTk1NjAxMGFkaXF6a2N4/document?format=pdf&download=0,None (Directly Reported in £m),Total current and non-current financial borrowings (stadium bonds to 2020; KSE loan thereafter),High,Primary Audited,Audited primary statutory figure.
FIN-FY2024-NET_DE-0167,2023/24,FY2024,net_debt,279.80,279.80,GBP millions,Arsenal Holdings Limited,Group of companies' accounts made up to 31 May 2024,2025-02-21,"p. 19 & p. 30, Note 17",Balance Sheet & Note 17,https://find-and-update.company-information.service.gov.uk/company/04250459/filing-history/MzQ1NTk1NjAxMGFkaXF6a2N4/document?format=pdf&download=0,gross_debt - cash,Gross borrowings less cash and cash equivalents at reporting date (disclosed in Note 17 / Balance Sheet),High,Primary Audited,Audited primary statutory figure.
FIN-FY2024-NET_FI-0168,2023/24,FY2024,net_finance_costs,16.00,16.00,GBP millions,Arsenal Holdings Limited,Group of companies' accounts made up to 31 May 2024,2025-02-21,p. 17,Consolidated Profit and Loss Account,https://find-and-update.company-information.service.gov.uk/company/04250459/filing-history/MzQ1NTk1NjAxMGFkaXF6a2N4/document?format=pdf&download=0,None (Directly Reported in £m),"Net finance expenses payable including bond interest, loan interest, bank charges less interest received under IFRS 9 / IAS 23",High,Primary Audited,Audited primary statutory figure.
FIN-FY2024-PROFIT-0169,2023/24,FY2024,profit_on_player_disposals,36.80,36.80,GBP millions,Arsenal Holdings Limited,Group of companies' accounts made up to 31 May 2024,2025-02-21,p. 17,Consolidated Profit and Loss Account,https://find-and-update.company-information.service.gov.uk/company/04250459/filing-history/MzQ1NTk1NjAxMGFkaXF6a2N4/document?format=pdf&download=0,None (Directly Reported in £m),Net accounting profit on disposal/derecognition of intangible player registrations under IAS 38 (consideration less unamortised net book value). Distinct from net market transfer spending.,High,Primary Audited,Audited primary statutory figure.
FIN-FY2024-PLAYER-0170,2023/24,FY2024,player_registration_additions,222.00,222.00,GBP millions,Arsenal Holdings Limited,Group of companies' accounts made up to 31 May 2024,2025-02-21,"p. 27, Note 10",Note 10 (Intangible Assets),https://find-and-update.company-information.service.gov.uk/company/04250459/filing-history/MzQ1NTk1NjAxMGFkaXF6a2N4/document?format=pdf&download=0,None (Directly Reported in £m),"Capitalized additions to intangible player registrations under IAS 38 (includes transfer fees, agent fees, signing bonuses). Distinct from headline market transfer fees.",High,Primary Audited,Audited primary statutory figure.
FIN-FY2024-PLAYER-0171,2023/24,FY2024,player_registration_nbv,289.40,289.40,GBP millions,Arsenal Holdings Limited,Group of companies' accounts made up to 31 May 2024,2025-02-21,"p. 27, Note 10",Note 10 (Intangible Assets),https://find-and-update.company-information.service.gov.uk/company/04250459/filing-history/MzQ1NTk1NjAxMGFkaXF6a2N4/document?format=pdf&download=0,None (Directly Reported in £m),Carrying balance sheet value of intangible player registrations at reporting date under IAS 38,High,Primary Audited,Audited primary statutory figure.
FIN-FY2025-FOOTBA-0172,2024/25,FY2025,football_turnover,691.00,691.00,GBP millions,Arsenal Holdings Limited,Group of companies' accounts made up to 31 May 2025,2026-02-27,"p. 21, Note 1",Note 1 (Turnover),https://find-and-update.company-information.service.gov.uk/company/04250459/filing-history/MzUwNzE0ODU1NmFkaXF6a2N4/document?format=pdf&download=0,None (Directly Reported in £m),Turnover generated strictly from football activities excluding property development,High,Primary Audited,Property turnover is zero.
FIN-FY2025-TOTAL_-0173,2024/25,FY2025,total_turnover,691.00,691.00,GBP millions,Arsenal Holdings Limited,Group of companies' accounts made up to 31 May 2025,2026-02-27,"p. 21, Note 1",Consolidated Profit and Loss Account,https://find-and-update.company-information.service.gov.uk/company/04250459/filing-history/MzUwNzE0ODU1NmFkaXF6a2N4/document?format=pdf&download=0,None (Directly Reported in £m),Consolidated Group revenue including football operations and legacy property development,High,Primary Audited,Property turnover is zero.
FIN-FY2025-BROADC-0174,2024/25,FY2025,broadcast_revenue,278.20,278.20,GBP millions,Arsenal Holdings Limited,Group of companies' accounts made up to 31 May 2025,2026-02-27,"p. 21, Note 1",Note 1 (Turnover),https://find-and-update.company-information.service.gov.uk/company/04250459/filing-history/MzUwNzE0ODU1NmFkaXF6a2N4/document?format=pdf&download=0,None (Directly Reported in £m),Distributions from Premier League domestic/overseas TV contracts and UEFA competition rights,High,Primary Audited,Audited primary statutory figure.
FIN-FY2025-COMMER-0175,2024/25,FY2025,commercial_revenue,268.00,268.00,GBP millions,Arsenal Holdings Limited,Group of companies' accounts made up to 31 May 2025,2026-02-27,"p. 21, Note 1",Note 1 (Turnover),https://find-and-update.company-information.service.gov.uk/company/04250459/filing-history/MzUwNzE0ODU1NmFkaXF6a2N4/document?format=pdf&download=0,None (Directly Reported in £m),"Revenue from sponsorships, partnerships, merchandising, retail, licensing and stadium tours",High,Primary Audited,Audited primary statutory figure.
FIN-FY2025-MATCHD-0176,2024/25,FY2025,matchday_revenue,153.80,153.80,GBP millions,Arsenal Holdings Limited,Group of companies' accounts made up to 31 May 2025,2026-02-27,"p. 21, Note 1",Note 1 (Turnover),https://find-and-update.company-information.service.gov.uk/company/04250459/filing-history/MzUwNzE0ODU1NmFkaXF6a2N4/document?format=pdf&download=0,None (Directly Reported in £m),"Ticket sales, gate receipts, club level hospitality and matchday cup receipts",High,Primary Audited,Audited primary statutory figure.
FIN-FY2025-STAFF_-0177,2024/25,FY2025,staff_costs,347.00,347.00,GBP millions,Arsenal Holdings Limited,Group of companies' accounts made up to 31 May 2025,2026-02-27,"p. 22, Note 3",Note 3 (Employees and Directors),https://find-and-update.company-information.service.gov.uk/company/04250459/filing-history/MzUwNzE0ODU1NmFkaXF6a2N4/document?format=pdf&download=0,None (Directly Reported in £m),"Total group employment expenditure across all playing, coaching, administrative, executive, and operational staff under IAS 19. Does not isolate first-team player wages.",High,Primary Audited,Audited primary statutory figure.
FIN-FY2025-OPERAT-0178,2024/25,FY2025,operating_expenses,95.00,95.00,GBP millions,Arsenal Holdings Limited,Group of companies' accounts made up to 31 May 2025,2026-02-27,"p. 21, Note 2",Note 2 (Operating Expenses),https://find-and-update.company-information.service.gov.uk/company/04250459/filing-history/MzUwNzE0ODU1NmFkaXF6a2N4/document?format=pdf&download=0,None (Directly Reported in £m),"Other operating charges excluding staff costs, player amortisation, and tangible depreciation",High,Primary Audited,Audited primary statutory figure.
FIN-FY2025-PLAYER-0179,2024/25,FY2025,player_amortisation,187.00,187.00,GBP millions,Arsenal Holdings Limited,Group of companies' accounts made up to 31 May 2025,2026-02-27,"p. 27, Note 10",Note 10 (Intangible Assets),https://find-and-update.company-information.service.gov.uk/company/04250459/filing-history/MzUwNzE0ODU1NmFkaXF6a2N4/document?format=pdf&download=0,None (Directly Reported in £m),Annual non-cash straight-line amortisation of capitalized registration costs under IAS 38,High,Primary Audited,Audited primary statutory figure.
FIN-FY2025-PLAYER-0180,2024/25,FY2025,player_impairment,0.00,0.00,GBP millions,Arsenal Holdings Limited,Group of companies' accounts made up to 31 May 2025,2026-02-27,"p. 27, Note 10",Note 10 (Intangible Assets),https://find-and-update.company-information.service.gov.uk/company/04250459/filing-history/MzUwNzE0ODU1NmFkaXF6a2N4/document?format=pdf&download=0,None (Directly Reported in £m),Non-cash impairment write-downs or contract termination charges on player registrations under IAS 36/38,High,Primary Audited,Audited primary statutory figure.
FIN-FY2025-DEPREC-0181,2024/25,FY2025,depreciation,16.50,16.50,GBP millions,Arsenal Holdings Limited,Group of companies' accounts made up to 31 May 2025,2026-02-27,"p. 26, Note 9",Note 9 (Tangible Fixed Assets),https://find-and-update.company-information.service.gov.uk/company/04250459/filing-history/MzUwNzE0ODU1NmFkaXF6a2N4/document?format=pdf&download=0,None (Directly Reported in £m),Annual depreciation of tangible fixed assets including Emirates Stadium and facilities under IAS 16,High,Primary Audited,Audited primary statutory figure.
FIN-FY2025-OPERAT-0182,2024/25,FY2025,operating_profit_loss,-65.00,-65.00,GBP millions,Arsenal Holdings Limited,Group of companies' accounts made up to 31 May 2025,2026-02-27,p. 17,Consolidated Profit and Loss Account,https://find-and-update.company-information.service.gov.uk/company/04250459/filing-history/MzUwNzE0ODU1NmFkaXF6a2N4/document?format=pdf&download=0,None (Directly Reported in £m),Statutory operating result after player amortisation and impairments but before finance costs and tax,High,Primary Audited,Audited primary statutory figure.
FIN-FY2025-NET_PR-0183,2024/25,FY2025,net_profit_loss,-1.00,-1.00,GBP millions,Arsenal Holdings Limited,Group of companies' accounts made up to 31 May 2025,2026-02-27,p. 17,Consolidated Profit and Loss Account,https://find-and-update.company-information.service.gov.uk/company/04250459/filing-history/MzUwNzE0ODU1NmFkaXF6a2N4/document?format=pdf&download=0,None (Directly Reported in £m),Retained profit or loss for the financial reporting year after net finance costs and taxation,High,Primary Audited,Audited primary statutory figure.
FIN-FY2025-CASH-0184,2024/25,FY2025,cash,48.00,48.00,GBP millions,Arsenal Holdings Limited,Group of companies' accounts made up to 31 May 2025,2026-02-27,p. 19,Consolidated Balance Sheet,https://find-and-update.company-information.service.gov.uk/company/04250459/filing-history/MzUwNzE0ODU1NmFkaXF6a2N4/document?format=pdf&download=0,None (Directly Reported in £m),Cash held at bank and short-term deposits at reporting year end under IAS 7,High,Primary Audited,Audited primary statutory figure.
FIN-FY2025-GROSS_-0185,2024/25,FY2025,gross_debt,331.00,331.00,GBP millions,Arsenal Holdings Limited,Group of companies' accounts made up to 31 May 2025,2026-02-27,"p. 30, Note 17",Note 17 (Borrowings),https://find-and-update.company-information.service.gov.uk/company/04250459/filing-history/MzUwNzE0ODU1NmFkaXF6a2N4/document?format=pdf&download=0,None (Directly Reported in £m),Total current and non-current financial borrowings (stadium bonds to 2020; KSE loan thereafter),High,Primary Audited,Audited primary statutory figure.
FIN-FY2025-NET_DE-0186,2024/25,FY2025,net_debt,283.00,283.00,GBP millions,Arsenal Holdings Limited,Group of companies' accounts made up to 31 May 2025,2026-02-27,"p. 19 & p. 30, Note 17",Balance Sheet & Note 17,https://find-and-update.company-information.service.gov.uk/company/04250459/filing-history/MzUwNzE0ODU1NmFkaXF6a2N4/document?format=pdf&download=0,gross_debt - cash,Gross borrowings less cash and cash equivalents at reporting date (disclosed in Note 17 / Balance Sheet),High,Primary Audited,Audited primary statutory figure.
FIN-FY2025-NET_FI-0187,2024/25,FY2025,net_finance_costs,14.00,14.00,GBP millions,Arsenal Holdings Limited,Group of companies' accounts made up to 31 May 2025,2026-02-27,p. 17,Consolidated Profit and Loss Account,https://find-and-update.company-information.service.gov.uk/company/04250459/filing-history/MzUwNzE0ODU1NmFkaXF6a2N4/document?format=pdf&download=0,None (Directly Reported in £m),"Net finance expenses payable including bond interest, loan interest, bank charges less interest received under IFRS 9 / IAS 23",High,Primary Audited,Audited primary statutory figure.
FIN-FY2025-PROFIT-0188,2024/25,FY2025,profit_on_player_disposals,78.00,78.00,GBP millions,Arsenal Holdings Limited,Group of companies' accounts made up to 31 May 2025,2026-02-27,p. 17,Consolidated Profit and Loss Account,https://find-and-update.company-information.service.gov.uk/company/04250459/filing-history/MzUwNzE0ODU1NmFkaXF6a2N4/document?format=pdf&download=0,None (Directly Reported in £m),Net accounting profit on disposal/derecognition of intangible player registrations under IAS 38 (consideration less unamortised net book value). Distinct from net market transfer spending.,High,Primary Audited,Audited primary statutory figure.
FIN-FY2025-PLAYER-0189,2024/25,FY2025,player_registration_additions,135.00,135.00,GBP millions,Arsenal Holdings Limited,Group of companies' accounts made up to 31 May 2025,2026-02-27,"p. 27, Note 10",Note 10 (Intangible Assets),https://find-and-update.company-information.service.gov.uk/company/04250459/filing-history/MzUwNzE0ODU1NmFkaXF6a2N4/document?format=pdf&download=0,None (Directly Reported in £m),"Capitalized additions to intangible player registrations under IAS 38 (includes transfer fees, agent fees, signing bonuses). Distinct from headline market transfer fees.",High,Primary Audited,Audited primary statutory figure.
FIN-FY2025-PLAYER-0190,2024/25,FY2025,player_registration_nbv,237.40,237.40,GBP millions,Arsenal Holdings Limited,Group of companies' accounts made up to 31 May 2025,2026-02-27,"p. 27, Note 10",Note 10 (Intangible Assets),https://find-and-update.company-information.service.gov.uk/company/04250459/filing-history/MzUwNzE0ODU1NmFkaXF6a2N4/document?format=pdf&download=0,None (Directly Reported in £m),Carrying balance sheet value of intangible player registrations at reporting date under IAS 38,High,Primary Audited,Audited primary statutory figure.
DER-FY2016-REVENU-0191,2015/16,FY2016,revenue_growth_pct,6.47,Calculated from primary inputs,Percentage (%),Arsenal Holdings PLC,Group of companies' accounts made up to 31 May 2016,2017-01-17,"Derived from Note 1, Note 3, Balance Sheet",Analytical Calculation,https://find-and-update.company-information.service.gov.uk/company/04250459/filing-history/MzE2Njc3MDIwNGFkaXF6a2N4/document?format=pdf&download=0,((football_turnover_t - football_turnover_{t-1}) / football_turnover_{t-1}) * 100,Year-on-year percentage growth in football turnover,Qualified (COVID Timing),Derived Analytical,Calculated strictly via formula: ((football_turnover_t - football_turnover_{t-1}) / football_turnover_{t-1}) * 100
DER-FY2016-COMMER-0192,2015/16,FY2016,commercial_share_pct,31.31,Calculated from primary inputs,Percentage (%),Arsenal Holdings PLC,Group of companies' accounts made up to 31 May 2016,2017-01-17,"Derived from Note 1, Note 3, Balance Sheet",Analytical Calculation,https://find-and-update.company-information.service.gov.uk/company/04250459/filing-history/MzE2Njc3MDIwNGFkaXF6a2N4/document?format=pdf&download=0,(commercial_revenue / football_turnover) * 100,Commercial revenue as a percentage of football turnover,Qualified (COVID Timing),Derived Analytical,Calculated strictly via formula: (commercial_revenue / football_turnover) * 100
DER-FY2016-BROADC-0193,2015/16,FY2016,broadcast_share_pct,40.19,Calculated from primary inputs,Percentage (%),Arsenal Holdings PLC,Group of companies' accounts made up to 31 May 2016,2017-01-17,"Derived from Note 1, Note 3, Balance Sheet",Analytical Calculation,https://find-and-update.company-information.service.gov.uk/company/04250459/filing-history/MzE2Njc3MDIwNGFkaXF6a2N4/document?format=pdf&download=0,(broadcast_revenue / football_turnover) * 100,Broadcast revenue as a percentage of football turnover,Qualified (COVID Timing),Derived Analytical,Calculated strictly via formula: (broadcast_revenue / football_turnover) * 100
DER-FY2016-MATCHD-0194,2015/16,FY2016,matchday_share_pct,28.50,Calculated from primary inputs,Percentage (%),Arsenal Holdings PLC,Group of companies' accounts made up to 31 May 2016,2017-01-17,"Derived from Note 1, Note 3, Balance Sheet",Analytical Calculation,https://find-and-update.company-information.service.gov.uk/company/04250459/filing-history/MzE2Njc3MDIwNGFkaXF6a2N4/document?format=pdf&download=0,(matchday_revenue / football_turnover) * 100,Matchday revenue as a percentage of football turnover,Qualified (COVID Timing),Derived Analytical,Calculated strictly via formula: (matchday_revenue / football_turnover) * 100
DER-FY2016-WAGE_T-0195,2015/16,FY2016,wage_to_revenue_pct,55.73,Calculated from primary inputs,Percentage (%),Arsenal Holdings PLC,Group of companies' accounts made up to 31 May 2016,2017-01-17,"Derived from Note 1, Note 3, Balance Sheet",Analytical Calculation,https://find-and-update.company-information.service.gov.uk/company/04250459/filing-history/MzE2Njc3MDIwNGFkaXF6a2N4/document?format=pdf&download=0,(staff_costs / football_turnover) * 100,"Total group staff costs as a percentage of football turnover (standard academic wage-to-revenue ratio, measuring total personnel expenditure under IAS 19)",Qualified (COVID Timing),Derived Analytical,Calculated strictly via formula: (staff_costs / football_turnover) * 100
DER-FY2016-OPERAT-0196,2015/16,FY2016,operating_margin_pct,4.71,Calculated from primary inputs,Percentage (%),Arsenal Holdings PLC,Group of companies' accounts made up to 31 May 2016,2017-01-17,"Derived from Note 1, Note 3, Balance Sheet",Analytical Calculation,https://find-and-update.company-information.service.gov.uk/company/04250459/filing-history/MzE2Njc3MDIwNGFkaXF6a2N4/document?format=pdf&download=0,(operating_profit_loss / football_turnover) * 100,Operating profit/loss as a percentage of football turnover,Qualified (COVID Timing),Derived Analytical,Calculated strictly via formula: (operating_profit_loss / football_turnover) * 100
DER-FY2016-NET_MA-0197,2015/16,FY2016,net_margin_pct,0.47,Calculated from primary inputs,Percentage (%),Arsenal Holdings PLC,Group of companies' accounts made up to 31 May 2016,2017-01-17,"Derived from Note 1, Note 3, Balance Sheet",Analytical Calculation,https://find-and-update.company-information.service.gov.uk/company/04250459/filing-history/MzE2Njc3MDIwNGFkaXF6a2N4/document?format=pdf&download=0,(net_profit_loss / football_turnover) * 100,Net profit/loss after tax as a percentage of football turnover,Qualified (COVID Timing),Derived Analytical,Calculated strictly via formula: (net_profit_loss / football_turnover) * 100
DER-FY2016-NET_DE-0198,2015/16,FY2016,net_debt_to_revenue_pct,1.85,Calculated from primary inputs,Percentage (%),Arsenal Holdings PLC,Group of companies' accounts made up to 31 May 2016,2017-01-17,"Derived from Note 1, Note 3, Balance Sheet",Analytical Calculation,https://find-and-update.company-information.service.gov.uk/company/04250459/filing-history/MzE2Njc3MDIwNGFkaXF6a2N4/document?format=pdf&download=0,(net_debt / football_turnover) * 100,Net debt as a percentage of football turnover,Qualified (COVID Timing),Derived Analytical,Calculated strictly via formula: (net_debt / football_turnover) * 100
DER-FY2016-NET_FI-0199,2015/16,FY2016,net_finance_cost_to_revenue_pct,3.54,Calculated from primary inputs,Percentage (%),Arsenal Holdings PLC,Group of companies' accounts made up to 31 May 2016,2017-01-17,"Derived from Note 1, Note 3, Balance Sheet",Analytical Calculation,https://find-and-update.company-information.service.gov.uk/company/04250459/filing-history/MzE2Njc3MDIwNGFkaXF6a2N4/document?format=pdf&download=0,(net_finance_costs / football_turnover) * 100,Net finance costs as a percentage of football turnover,Qualified (COVID Timing),Derived Analytical,Calculated strictly via formula: (net_finance_costs / football_turnover) * 100
DER-FY2016-AMORTI-0200,2015/16,FY2016,amortisation_to_revenue_pct,16.89,Calculated from primary inputs,Percentage (%),Arsenal Holdings PLC,Group of companies' accounts made up to 31 May 2016,2017-01-17,"Derived from Note 1, Note 3, Balance Sheet",Analytical Calculation,https://find-and-update.company-information.service.gov.uk/company/04250459/filing-history/MzE2Njc3MDIwNGFkaXF6a2N4/document?format=pdf&download=0,(player_amortisation / football_turnover) * 100,Player amortisation as a percentage of football turnover,Qualified (COVID Timing),Derived Analytical,Calculated strictly via formula: (player_amortisation / football_turnover) * 100
DER-FY2017-REVENU-0201,2016/17,FY2017,revenue_growth_pct,20.59,Calculated from primary inputs,Percentage (%),Arsenal Holdings PLC,Group of companies' accounts made up to 31 May 2017,2017-12-04,"Derived from Note 1, Note 3, Balance Sheet",Analytical Calculation,https://find-and-update.company-information.service.gov.uk/company/04250459/filing-history/MzE5MTg1NjI2OWFkaXF6a2N4/document?format=pdf&download=0,((football_turnover_t - football_turnover_{t-1}) / football_turnover_{t-1}) * 100,Year-on-year percentage growth in football turnover,Qualified (COVID Timing),Derived Analytical,Calculated strictly via formula: ((football_turnover_t - football_turnover_{t-1}) / football_turnover_{t-1}) * 100
DER-FY2017-COMMER-0202,2016/17,FY2017,commercial_share_pct,33.35,Calculated from primary inputs,Percentage (%),Arsenal Holdings PLC,Group of companies' accounts made up to 31 May 2017,2017-12-04,"Derived from Note 1, Note 3, Balance Sheet",Analytical Calculation,https://find-and-update.company-information.service.gov.uk/company/04250459/filing-history/MzE5MTg1NjI2OWFkaXF6a2N4/document?format=pdf&download=0,(commercial_revenue / football_turnover) * 100,Commercial revenue as a percentage of football turnover,Qualified (COVID Timing),Derived Analytical,Calculated strictly via formula: (commercial_revenue / football_turnover) * 100
DER-FY2017-BROADC-0203,2016/17,FY2017,broadcast_share_pct,42.55,Calculated from primary inputs,Percentage (%),Arsenal Holdings PLC,Group of companies' accounts made up to 31 May 2017,2017-12-04,"Derived from Note 1, Note 3, Balance Sheet",Analytical Calculation,https://find-and-update.company-information.service.gov.uk/company/04250459/filing-history/MzE5MTg1NjI2OWFkaXF6a2N4/document?format=pdf&download=0,(broadcast_revenue / football_turnover) * 100,Broadcast revenue as a percentage of football turnover,Qualified (COVID Timing),Derived Analytical,Calculated strictly via formula: (broadcast_revenue / football_turnover) * 100
DER-FY2017-MATCHD-0204,2016/17,FY2017,matchday_share_pct,24.10,Calculated from primary inputs,Percentage (%),Arsenal Holdings PLC,Group of companies' accounts made up to 31 May 2017,2017-12-04,"Derived from Note 1, Note 3, Balance Sheet",Analytical Calculation,https://find-and-update.company-information.service.gov.uk/company/04250459/filing-history/MzE5MTg1NjI2OWFkaXF6a2N4/document?format=pdf&download=0,(matchday_revenue / football_turnover) * 100,Matchday revenue as a percentage of football turnover,Qualified (COVID Timing),Derived Analytical,Calculated strictly via formula: (matchday_revenue / football_turnover) * 100
DER-FY2017-WAGE_T-0205,2016/17,FY2017,wage_to_revenue_pct,47.16,Calculated from primary inputs,Percentage (%),Arsenal Holdings PLC,Group of companies' accounts made up to 31 May 2017,2017-12-04,"Derived from Note 1, Note 3, Balance Sheet",Analytical Calculation,https://find-and-update.company-information.service.gov.uk/company/04250459/filing-history/MzE5MTg1NjI2OWFkaXF6a2N4/document?format=pdf&download=0,(staff_costs / football_turnover) * 100,"Total group staff costs as a percentage of football turnover (standard academic wage-to-revenue ratio, measuring total personnel expenditure under IAS 19)",Qualified (COVID Timing),Derived Analytical,Calculated strictly via formula: (staff_costs / football_turnover) * 100
DER-FY2017-OPERAT-0206,2016/17,FY2017,operating_margin_pct,10.26,Calculated from primary inputs,Percentage (%),Arsenal Holdings PLC,Group of companies' accounts made up to 31 May 2017,2017-12-04,"Derived from Note 1, Note 3, Balance Sheet",Analytical Calculation,https://find-and-update.company-information.service.gov.uk/company/04250459/filing-history/MzE5MTg1NjI2OWFkaXF6a2N4/document?format=pdf&download=0,(operating_profit_loss / football_turnover) * 100,Operating profit/loss as a percentage of football turnover,Qualified (COVID Timing),Derived Analytical,Calculated strictly via formula: (operating_profit_loss / football_turnover) * 100
DER-FY2017-NET_MA-0207,2016/17,FY2017,net_margin_pct,8.35,Calculated from primary inputs,Percentage (%),Arsenal Holdings PLC,Group of companies' accounts made up to 31 May 2017,2017-12-04,"Derived from Note 1, Note 3, Balance Sheet",Analytical Calculation,https://find-and-update.company-information.service.gov.uk/company/04250459/filing-history/MzE5MTg1NjI2OWFkaXF6a2N4/document?format=pdf&download=0,(net_profit_loss / football_turnover) * 100,Net profit/loss after tax as a percentage of football turnover,Qualified (COVID Timing),Derived Analytical,Calculated strictly via formula: (net_profit_loss / football_turnover) * 100
DER-FY2017-NET_DE-0208,2016/17,FY2017,net_debt_to_revenue_pct,-1.04,Calculated from primary inputs,Percentage (%),Arsenal Holdings PLC,Group of companies' accounts made up to 31 May 2017,2017-12-04,"Derived from Note 1, Note 3, Balance Sheet",Analytical Calculation,https://find-and-update.company-information.service.gov.uk/company/04250459/filing-history/MzE5MTg1NjI2OWFkaXF6a2N4/document?format=pdf&download=0,(net_debt / football_turnover) * 100,Net debt as a percentage of football turnover,Qualified (COVID Timing),Derived Analytical,Calculated strictly via formula: (net_debt / football_turnover) * 100
DER-FY2017-NET_FI-0209,2016/17,FY2017,net_finance_cost_to_revenue_pct,3.15,Calculated from primary inputs,Percentage (%),Arsenal Holdings PLC,Group of companies' accounts made up to 31 May 2017,2017-12-04,"Derived from Note 1, Note 3, Balance Sheet",Analytical Calculation,https://find-and-update.company-information.service.gov.uk/company/04250459/filing-history/MzE5MTg1NjI2OWFkaXF6a2N4/document?format=pdf&download=0,(net_finance_costs / football_turnover) * 100,Net finance costs as a percentage of football turnover,Qualified (COVID Timing),Derived Analytical,Calculated strictly via formula: (net_finance_costs / football_turnover) * 100
DER-FY2017-AMORTI-0210,2016/17,FY2017,amortisation_to_revenue_pct,18.24,Calculated from primary inputs,Percentage (%),Arsenal Holdings PLC,Group of companies' accounts made up to 31 May 2017,2017-12-04,"Derived from Note 1, Note 3, Balance Sheet",Analytical Calculation,https://find-and-update.company-information.service.gov.uk/company/04250459/filing-history/MzE5MTg1NjI2OWFkaXF6a2N4/document?format=pdf&download=0,(player_amortisation / football_turnover) * 100,Player amortisation as a percentage of football turnover,Qualified (COVID Timing),Derived Analytical,Calculated strictly via formula: (player_amortisation / football_turnover) * 100
DER-FY2018-REVENU-0211,2017/18,FY2018,revenue_growth_pct,-8.18,Calculated from primary inputs,Percentage (%),Arsenal Holdings PLC,Group of companies' accounts made up to 31 May 2018,2019-01-28,"Derived from Note 1, Note 3, Balance Sheet",Analytical Calculation,https://find-and-update.company-information.service.gov.uk/company/04250459/filing-history/MzIyNTM1MjYxN2FkaXF6a2N4/document?format=pdf&download=0,((football_turnover_t - football_turnover_{t-1}) / football_turnover_{t-1}) * 100,Year-on-year percentage growth in football turnover,Qualified (COVID Timing),Derived Analytical,Calculated strictly via formula: ((football_turnover_t - football_turnover_{t-1}) / football_turnover_{t-1}) * 100
DER-FY2018-COMMER-0212,2017/18,FY2018,commercial_share_pct,27.92,Calculated from primary inputs,Percentage (%),Arsenal Holdings PLC,Group of companies' accounts made up to 31 May 2018,2019-01-28,"Derived from Note 1, Note 3, Balance Sheet",Analytical Calculation,https://find-and-update.company-information.service.gov.uk/company/04250459/filing-history/MzIyNTM1MjYxN2FkaXF6a2N4/document?format=pdf&download=0,(commercial_revenue / football_turnover) * 100,Commercial revenue as a percentage of football turnover,Qualified (COVID Timing),Derived Analytical,Calculated strictly via formula: (commercial_revenue / football_turnover) * 100
DER-FY2018-BROADC-0213,2017/18,FY2018,broadcast_share_pct,46.47,Calculated from primary inputs,Percentage (%),Arsenal Holdings PLC,Group of companies' accounts made up to 31 May 2018,2019-01-28,"Derived from Note 1, Note 3, Balance Sheet",Analytical Calculation,https://find-and-update.company-information.service.gov.uk/company/04250459/filing-history/MzIyNTM1MjYxN2FkaXF6a2N4/document?format=pdf&download=0,(broadcast_revenue / football_turnover) * 100,Broadcast revenue as a percentage of football turnover,Qualified (COVID Timing),Derived Analytical,Calculated strictly via formula: (broadcast_revenue / football_turnover) * 100
DER-FY2018-MATCHD-0214,2017/18,FY2018,matchday_share_pct,25.61,Calculated from primary inputs,Percentage (%),Arsenal Holdings PLC,Group of companies' accounts made up to 31 May 2018,2019-01-28,"Derived from Note 1, Note 3, Balance Sheet",Analytical Calculation,https://find-and-update.company-information.service.gov.uk/company/04250459/filing-history/MzIyNTM1MjYxN2FkaXF6a2N4/document?format=pdf&download=0,(matchday_revenue / football_turnover) * 100,Matchday revenue as a percentage of football turnover,Qualified (COVID Timing),Derived Analytical,Calculated strictly via formula: (matchday_revenue / football_turnover) * 100
DER-FY2018-WAGE_T-0215,2017/18,FY2018,wage_to_revenue_pct,57.52,Calculated from primary inputs,Percentage (%),Arsenal Holdings PLC,Group of companies' accounts made up to 31 May 2018,2019-01-28,"Derived from Note 1, Note 3, Balance Sheet",Analytical Calculation,https://find-and-update.company-information.service.gov.uk/company/04250459/filing-history/MzIyNTM1MjYxN2FkaXF6a2N4/document?format=pdf&download=0,(staff_costs / football_turnover) * 100,"Total group staff costs as a percentage of football turnover (standard academic wage-to-revenue ratio, measuring total personnel expenditure under IAS 19)",Qualified (COVID Timing),Derived Analytical,Calculated strictly via formula: (staff_costs / football_turnover) * 100
DER-FY2018-OPERAT-0216,2017/18,FY2018,operating_margin_pct,10.87,Calculated from primary inputs,Percentage (%),Arsenal Holdings PLC,Group of companies' accounts made up to 31 May 2018,2019-01-28,"Derived from Note 1, Note 3, Balance Sheet",Analytical Calculation,https://find-and-update.company-information.service.gov.uk/company/04250459/filing-history/MzIyNTM1MjYxN2FkaXF6a2N4/document?format=pdf&download=0,(operating_profit_loss / football_turnover) * 100,Operating profit/loss as a percentage of football turnover,Qualified (COVID Timing),Derived Analytical,Calculated strictly via formula: (operating_profit_loss / football_turnover) * 100
DER-FY2018-NET_MA-0217,2017/18,FY2018,net_margin_pct,14.55,Calculated from primary inputs,Percentage (%),Arsenal Holdings PLC,Group of companies' accounts made up to 31 May 2018,2019-01-28,"Derived from Note 1, Note 3, Balance Sheet",Analytical Calculation,https://find-and-update.company-information.service.gov.uk/company/04250459/filing-history/MzIyNTM1MjYxN2FkaXF6a2N4/document?format=pdf&download=0,(net_profit_loss / football_turnover) * 100,Net profit/loss after tax as a percentage of football turnover,Qualified (COVID Timing),Derived Analytical,Calculated strictly via formula: (net_profit_loss / football_turnover) * 100
DER-FY2018-NET_DE-0218,2017/18,FY2018,net_debt_to_revenue_pct,-3.32,Calculated from primary inputs,Percentage (%),Arsenal Holdings PLC,Group of companies' accounts made up to 31 May 2018,2019-01-28,"Derived from Note 1, Note 3, Balance Sheet",Analytical Calculation,https://find-and-update.company-information.service.gov.uk/company/04250459/filing-history/MzIyNTM1MjYxN2FkaXF6a2N4/document?format=pdf&download=0,(net_debt / football_turnover) * 100,Net debt as a percentage of football turnover,Qualified (COVID Timing),Derived Analytical,Calculated strictly via formula: (net_debt / football_turnover) * 100
DER-FY2018-NET_FI-0219,2017/18,FY2018,net_finance_cost_to_revenue_pct,3.50,Calculated from primary inputs,Percentage (%),Arsenal Holdings PLC,Group of companies' accounts made up to 31 May 2018,2019-01-28,"Derived from Note 1, Note 3, Balance Sheet",Analytical Calculation,https://find-and-update.company-information.service.gov.uk/company/04250459/filing-history/MzIyNTM1MjYxN2FkaXF6a2N4/document?format=pdf&download=0,(net_finance_costs / football_turnover) * 100,Net finance costs as a percentage of football turnover,Qualified (COVID Timing),Derived Analytical,Calculated strictly via formula: (net_finance_costs / football_turnover) * 100
DER-FY2018-AMORTI-0220,2017/18,FY2018,amortisation_to_revenue_pct,19.86,Calculated from primary inputs,Percentage (%),Arsenal Holdings PLC,Group of companies' accounts made up to 31 May 2018,2019-01-28,"Derived from Note 1, Note 3, Balance Sheet",Analytical Calculation,https://find-and-update.company-information.service.gov.uk/company/04250459/filing-history/MzIyNTM1MjYxN2FkaXF6a2N4/document?format=pdf&download=0,(player_amortisation / football_turnover) * 100,Player amortisation as a percentage of football turnover,Qualified (COVID Timing),Derived Analytical,Calculated strictly via formula: (player_amortisation / football_turnover) * 100
DER-FY2019-REVENU-0221,2018/19,FY2019,revenue_growth_pct,1.67,Calculated from primary inputs,Percentage (%),Arsenal Holdings Limited,Group of companies' accounts made up to 31 May 2019,2020-03-04,"Derived from Note 1, Note 3, Balance Sheet",Analytical Calculation,https://find-and-update.company-information.service.gov.uk/company/04250459/filing-history/MzI1ODcyNTM1MWFkaXF6a2N4/document?format=pdf&download=0,((football_turnover_t - football_turnover_{t-1}) / football_turnover_{t-1}) * 100,Year-on-year percentage growth in football turnover,High,Derived Analytical,Calculated strictly via formula: ((football_turnover_t - football_turnover_{t-1}) / football_turnover_{t-1}) * 100
DER-FY2019-COMMER-0222,2018/19,FY2019,commercial_share_pct,29.14,Calculated from primary inputs,Percentage (%),Arsenal Holdings Limited,Group of companies' accounts made up to 31 May 2019,2020-03-04,"Derived from Note 1, Note 3, Balance Sheet",Analytical Calculation,https://find-and-update.company-information.service.gov.uk/company/04250459/filing-history/MzI1ODcyNTM1MWFkaXF6a2N4/document?format=pdf&download=0,(commercial_revenue / football_turnover) * 100,Commercial revenue as a percentage of football turnover,High,Derived Analytical,Calculated strictly via formula: (commercial_revenue / football_turnover) * 100
DER-FY2019-BROADC-0223,2018/19,FY2019,broadcast_share_pct,46.57,Calculated from primary inputs,Percentage (%),Arsenal Holdings Limited,Group of companies' accounts made up to 31 May 2019,2020-03-04,"Derived from Note 1, Note 3, Balance Sheet",Analytical Calculation,https://find-and-update.company-information.service.gov.uk/company/04250459/filing-history/MzI1ODcyNTM1MWFkaXF6a2N4/document?format=pdf&download=0,(broadcast_revenue / football_turnover) * 100,Broadcast revenue as a percentage of football turnover,High,Derived Analytical,Calculated strictly via formula: (broadcast_revenue / football_turnover) * 100
DER-FY2019-MATCHD-0224,2018/19,FY2019,matchday_share_pct,24.30,Calculated from primary inputs,Percentage (%),Arsenal Holdings Limited,Group of companies' accounts made up to 31 May 2019,2020-03-04,"Derived from Note 1, Note 3, Balance Sheet",Analytical Calculation,https://find-and-update.company-information.service.gov.uk/company/04250459/filing-history/MzI1ODcyNTM1MWFkaXF6a2N4/document?format=pdf&download=0,(matchday_revenue / football_turnover) * 100,Matchday revenue as a percentage of football turnover,High,Derived Analytical,Calculated strictly via formula: (matchday_revenue / football_turnover) * 100
DER-FY2019-WAGE_T-0225,2018/19,FY2019,wage_to_revenue_pct,58.70,Calculated from primary inputs,Percentage (%),Arsenal Holdings Limited,Group of companies' accounts made up to 31 May 2019,2020-03-04,"Derived from Note 1, Note 3, Balance Sheet",Analytical Calculation,https://find-and-update.company-information.service.gov.uk/company/04250459/filing-history/MzI1ODcyNTM1MWFkaXF6a2N4/document?format=pdf&download=0,(staff_costs / football_turnover) * 100,"Total group staff costs as a percentage of football turnover (standard academic wage-to-revenue ratio, measuring total personnel expenditure under IAS 19)",High,Derived Analytical,Calculated strictly via formula: (staff_costs / football_turnover) * 100
DER-FY2019-OPERAT-0226,2018/19,FY2019,operating_margin_pct,-8.16,Calculated from primary inputs,Percentage (%),Arsenal Holdings Limited,Group of companies' accounts made up to 31 May 2019,2020-03-04,"Derived from Note 1, Note 3, Balance Sheet",Analytical Calculation,https://find-and-update.company-information.service.gov.uk/company/04250459/filing-history/MzI1ODcyNTM1MWFkaXF6a2N4/document?format=pdf&download=0,(operating_profit_loss / football_turnover) * 100,Operating profit/loss as a percentage of football turnover,High,Derived Analytical,Calculated strictly via formula: (operating_profit_loss / football_turnover) * 100
DER-FY2019-NET_MA-0227,2018/19,FY2019,net_margin_pct,-6.87,Calculated from primary inputs,Percentage (%),Arsenal Holdings Limited,Group of companies' accounts made up to 31 May 2019,2020-03-04,"Derived from Note 1, Note 3, Balance Sheet",Analytical Calculation,https://find-and-update.company-information.service.gov.uk/company/04250459/filing-history/MzI1ODcyNTM1MWFkaXF6a2N4/document?format=pdf&download=0,(net_profit_loss / football_turnover) * 100,Net profit/loss after tax as a percentage of football turnover,High,Derived Analytical,Calculated strictly via formula: (net_profit_loss / football_turnover) * 100
DER-FY2019-NET_DE-0228,2018/19,FY2019,net_debt_to_revenue_pct,9.83,Calculated from primary inputs,Percentage (%),Arsenal Holdings Limited,Group of companies' accounts made up to 31 May 2019,2020-03-04,"Derived from Note 1, Note 3, Balance Sheet",Analytical Calculation,https://find-and-update.company-information.service.gov.uk/company/04250459/filing-history/MzI1ODcyNTM1MWFkaXF6a2N4/document?format=pdf&download=0,(net_debt / football_turnover) * 100,Net debt as a percentage of football turnover,High,Derived Analytical,Calculated strictly via formula: (net_debt / football_turnover) * 100
DER-FY2019-NET_FI-0229,2018/19,FY2019,net_finance_cost_to_revenue_pct,2.99,Calculated from primary inputs,Percentage (%),Arsenal Holdings Limited,Group of companies' accounts made up to 31 May 2019,2020-03-04,"Derived from Note 1, Note 3, Balance Sheet",Analytical Calculation,https://find-and-update.company-information.service.gov.uk/company/04250459/filing-history/MzI1ODcyNTM1MWFkaXF6a2N4/document?format=pdf&download=0,(net_finance_costs / football_turnover) * 100,Net finance costs as a percentage of football turnover,High,Derived Analytical,Calculated strictly via formula: (net_finance_costs / football_turnover) * 100
DER-FY2019-AMORTI-0230,2018/19,FY2019,amortisation_to_revenue_pct,23.36,Calculated from primary inputs,Percentage (%),Arsenal Holdings Limited,Group of companies' accounts made up to 31 May 2019,2020-03-04,"Derived from Note 1, Note 3, Balance Sheet",Analytical Calculation,https://find-and-update.company-information.service.gov.uk/company/04250459/filing-history/MzI1ODcyNTM1MWFkaXF6a2N4/document?format=pdf&download=0,(player_amortisation / football_turnover) * 100,Player amortisation as a percentage of football turnover,High,Derived Analytical,Calculated strictly via formula: (player_amortisation / football_turnover) * 100
DER-FY2020-REVENU-0231,2019/20,FY2020,revenue_growth_pct,-12.97,Calculated from primary inputs,Percentage (%),Arsenal Holdings Limited,Group of companies' accounts made up to 31 May 2020,2021-03-16,"Derived from Note 1, Note 3, Balance Sheet",Analytical Calculation,https://find-and-update.company-information.service.gov.uk/company/04250459/filing-history/MzI5NDA2NjY3MWFkaXF6a2N4/document?format=pdf&download=0,((football_turnover_t - football_turnover_{t-1}) / football_turnover_{t-1}) * 100,Year-on-year percentage growth in football turnover,Qualified (COVID Timing),Derived Analytical,Calculated strictly via formula: ((football_turnover_t - football_turnover_{t-1}) / football_turnover_{t-1}) * 100
DER-FY2020-COMMER-0232,2019/20,FY2020,commercial_share_pct,45.18,Calculated from primary inputs,Percentage (%),Arsenal Holdings Limited,Group of companies' accounts made up to 31 May 2020,2021-03-16,"Derived from Note 1, Note 3, Balance Sheet",Analytical Calculation,https://find-and-update.company-information.service.gov.uk/company/04250459/filing-history/MzI5NDA2NjY3MWFkaXF6a2N4/document?format=pdf&download=0,(commercial_revenue / football_turnover) * 100,Commercial revenue as a percentage of football turnover,Qualified (COVID Timing),Derived Analytical,Calculated strictly via formula: (commercial_revenue / football_turnover) * 100
DER-FY2020-BROADC-0233,2019/20,FY2020,broadcast_share_pct,34.61,Calculated from primary inputs,Percentage (%),Arsenal Holdings Limited,Group of companies' accounts made up to 31 May 2020,2021-03-16,"Derived from Note 1, Note 3, Balance Sheet",Analytical Calculation,https://find-and-update.company-information.service.gov.uk/company/04250459/filing-history/MzI5NDA2NjY3MWFkaXF6a2N4/document?format=pdf&download=0,(broadcast_revenue / football_turnover) * 100,Broadcast revenue as a percentage of football turnover,Qualified (COVID Timing),Derived Analytical,Calculated strictly via formula: (broadcast_revenue / football_turnover) * 100
DER-FY2020-MATCHD-0234,2019/20,FY2020,matchday_share_pct,20.20,Calculated from primary inputs,Percentage (%),Arsenal Holdings Limited,Group of companies' accounts made up to 31 May 2020,2021-03-16,"Derived from Note 1, Note 3, Balance Sheet",Analytical Calculation,https://find-and-update.company-information.service.gov.uk/company/04250459/filing-history/MzI5NDA2NjY3MWFkaXF6a2N4/document?format=pdf&download=0,(matchday_revenue / football_turnover) * 100,Matchday revenue as a percentage of football turnover,Qualified (COVID Timing),Derived Analytical,Calculated strictly via formula: (matchday_revenue / football_turnover) * 100
DER-FY2020-WAGE_T-0235,2019/20,FY2020,wage_to_revenue_pct,68.27,Calculated from primary inputs,Percentage (%),Arsenal Holdings Limited,Group of companies' accounts made up to 31 May 2020,2021-03-16,"Derived from Note 1, Note 3, Balance Sheet",Analytical Calculation,https://find-and-update.company-information.service.gov.uk/company/04250459/filing-history/MzI5NDA2NjY3MWFkaXF6a2N4/document?format=pdf&download=0,(staff_costs / football_turnover) * 100,"Total group staff costs as a percentage of football turnover (standard academic wage-to-revenue ratio, measuring total personnel expenditure under IAS 19)",Qualified (COVID Timing),Derived Analytical,Calculated strictly via formula: (staff_costs / football_turnover) * 100
DER-FY2020-OPERAT-0236,2019/20,FY2020,operating_margin_pct,-21.92,Calculated from primary inputs,Percentage (%),Arsenal Holdings Limited,Group of companies' accounts made up to 31 May 2020,2021-03-16,"Derived from Note 1, Note 3, Balance Sheet",Analytical Calculation,https://find-and-update.company-information.service.gov.uk/company/04250459/filing-history/MzI5NDA2NjY3MWFkaXF6a2N4/document?format=pdf&download=0,(operating_profit_loss / football_turnover) * 100,Operating profit/loss as a percentage of football turnover,Qualified (COVID Timing),Derived Analytical,Calculated strictly via formula: (operating_profit_loss / football_turnover) * 100
DER-FY2020-NET_MA-0237,2019/20,FY2020,net_margin_pct,-13.92,Calculated from primary inputs,Percentage (%),Arsenal Holdings Limited,Group of companies' accounts made up to 31 May 2020,2021-03-16,"Derived from Note 1, Note 3, Balance Sheet",Analytical Calculation,https://find-and-update.company-information.service.gov.uk/company/04250459/filing-history/MzI5NDA2NjY3MWFkaXF6a2N4/document?format=pdf&download=0,(net_profit_loss / football_turnover) * 100,Net profit/loss after tax as a percentage of football turnover,Qualified (COVID Timing),Derived Analytical,Calculated strictly via formula: (net_profit_loss / football_turnover) * 100
DER-FY2020-NET_DE-0238,2019/20,FY2020,net_debt_to_revenue_pct,31.56,Calculated from primary inputs,Percentage (%),Arsenal Holdings Limited,Group of companies' accounts made up to 31 May 2020,2021-03-16,"Derived from Note 1, Note 3, Balance Sheet",Analytical Calculation,https://find-and-update.company-information.service.gov.uk/company/04250459/filing-history/MzI5NDA2NjY3MWFkaXF6a2N4/document?format=pdf&download=0,(net_debt / football_turnover) * 100,Net debt as a percentage of football turnover,Qualified (COVID Timing),Derived Analytical,Calculated strictly via formula: (net_debt / football_turnover) * 100
DER-FY2020-NET_FI-0239,2019/20,FY2020,net_finance_cost_to_revenue_pct,3.96,Calculated from primary inputs,Percentage (%),Arsenal Holdings Limited,Group of companies' accounts made up to 31 May 2020,2021-03-16,"Derived from Note 1, Note 3, Balance Sheet",Analytical Calculation,https://find-and-update.company-information.service.gov.uk/company/04250459/filing-history/MzI5NDA2NjY3MWFkaXF6a2N4/document?format=pdf&download=0,(net_finance_costs / football_turnover) * 100,Net finance costs as a percentage of football turnover,Qualified (COVID Timing),Derived Analytical,Calculated strictly via formula: (net_finance_costs / football_turnover) * 100
DER-FY2020-AMORTI-0240,2019/20,FY2020,amortisation_to_revenue_pct,30.45,Calculated from primary inputs,Percentage (%),Arsenal Holdings Limited,Group of companies' accounts made up to 31 May 2020,2021-03-16,"Derived from Note 1, Note 3, Balance Sheet",Analytical Calculation,https://find-and-update.company-information.service.gov.uk/company/04250459/filing-history/MzI5NDA2NjY3MWFkaXF6a2N4/document?format=pdf&download=0,(player_amortisation / football_turnover) * 100,Player amortisation as a percentage of football turnover,Qualified (COVID Timing),Derived Analytical,Calculated strictly via formula: (player_amortisation / football_turnover) * 100
DER-FY2021-REVENU-0241,2020/21,FY2021,revenue_growth_pct,-4.63,Calculated from primary inputs,Percentage (%),Arsenal Holdings Limited,Group of companies' accounts made up to 31 May 2021,2022-03-11,"Derived from Note 1, Note 3, Balance Sheet",Analytical Calculation,https://find-and-update.company-information.service.gov.uk/company/04250459/filing-history/MzMzMjQ0NzAzOGFkaXF6a2N4/document?format=pdf&download=0,((football_turnover_t - football_turnover_{t-1}) / football_turnover_{t-1}) * 100,Year-on-year percentage growth in football turnover,Qualified (COVID Timing),Derived Analytical,Calculated strictly via formula: ((football_turnover_t - football_turnover_{t-1}) / football_turnover_{t-1}) * 100
DER-FY2021-COMMER-0242,2020/21,FY2021,commercial_share_pct,42.55,Calculated from primary inputs,Percentage (%),Arsenal Holdings Limited,Group of companies' accounts made up to 31 May 2021,2022-03-11,"Derived from Note 1, Note 3, Balance Sheet",Analytical Calculation,https://find-and-update.company-information.service.gov.uk/company/04250459/filing-history/MzMzMjQ0NzAzOGFkaXF6a2N4/document?format=pdf&download=0,(commercial_revenue / football_turnover) * 100,Commercial revenue as a percentage of football turnover,Qualified (COVID Timing),Derived Analytical,Calculated strictly via formula: (commercial_revenue / football_turnover) * 100
DER-FY2021-BROADC-0243,2020/21,FY2021,broadcast_share_pct,56.29,Calculated from primary inputs,Percentage (%),Arsenal Holdings Limited,Group of companies' accounts made up to 31 May 2021,2022-03-11,"Derived from Note 1, Note 3, Balance Sheet",Analytical Calculation,https://find-and-update.company-information.service.gov.uk/company/04250459/filing-history/MzMzMjQ0NzAzOGFkaXF6a2N4/document?format=pdf&download=0,(broadcast_revenue / football_turnover) * 100,Broadcast revenue as a percentage of football turnover,Qualified (COVID Timing),Derived Analytical,Calculated strictly via formula: (broadcast_revenue / football_turnover) * 100
DER-FY2021-MATCHD-0244,2020/21,FY2021,matchday_share_pct,1.16,Calculated from primary inputs,Percentage (%),Arsenal Holdings Limited,Group of companies' accounts made up to 31 May 2021,2022-03-11,"Derived from Note 1, Note 3, Balance Sheet",Analytical Calculation,https://find-and-update.company-information.service.gov.uk/company/04250459/filing-history/MzMzMjQ0NzAzOGFkaXF6a2N4/document?format=pdf&download=0,(matchday_revenue / football_turnover) * 100,Matchday revenue as a percentage of football turnover,Qualified (COVID Timing),Derived Analytical,Calculated strictly via formula: (matchday_revenue / football_turnover) * 100
DER-FY2021-WAGE_T-0245,2020/21,FY2021,wage_to_revenue_pct,74.60,Calculated from primary inputs,Percentage (%),Arsenal Holdings Limited,Group of companies' accounts made up to 31 May 2021,2022-03-11,"Derived from Note 1, Note 3, Balance Sheet",Analytical Calculation,https://find-and-update.company-information.service.gov.uk/company/04250459/filing-history/MzMzMjQ0NzAzOGFkaXF6a2N4/document?format=pdf&download=0,(staff_costs / football_turnover) * 100,"Total group staff costs as a percentage of football turnover (standard academic wage-to-revenue ratio, measuring total personnel expenditure under IAS 19)",Qualified (COVID Timing),Derived Analytical,Calculated strictly via formula: (staff_costs / football_turnover) * 100
DER-FY2021-OPERAT-0246,2020/21,FY2021,operating_margin_pct,-39.80,Calculated from primary inputs,Percentage (%),Arsenal Holdings Limited,Group of companies' accounts made up to 31 May 2021,2022-03-11,"Derived from Note 1, Note 3, Balance Sheet",Analytical Calculation,https://find-and-update.company-information.service.gov.uk/company/04250459/filing-history/MzMzMjQ0NzAzOGFkaXF6a2N4/document?format=pdf&download=0,(operating_profit_loss / football_turnover) * 100,Operating profit/loss as a percentage of football turnover,Qualified (COVID Timing),Derived Analytical,Calculated strictly via formula: (operating_profit_loss / football_turnover) * 100
DER-FY2021-NET_MA-0247,2020/21,FY2021,net_margin_pct,-32.75,Calculated from primary inputs,Percentage (%),Arsenal Holdings Limited,Group of companies' accounts made up to 31 May 2021,2022-03-11,"Derived from Note 1, Note 3, Balance Sheet",Analytical Calculation,https://find-and-update.company-information.service.gov.uk/company/04250459/filing-history/MzMzMjQ0NzAzOGFkaXF6a2N4/document?format=pdf&download=0,(net_profit_loss / football_turnover) * 100,Net profit/loss after tax as a percentage of football turnover,Qualified (COVID Timing),Derived Analytical,Calculated strictly via formula: (net_profit_loss / football_turnover) * 100
DER-FY2021-NET_DE-0248,2020/21,FY2021,net_debt_to_revenue_pct,60.93,Calculated from primary inputs,Percentage (%),Arsenal Holdings Limited,Group of companies' accounts made up to 31 May 2021,2022-03-11,"Derived from Note 1, Note 3, Balance Sheet",Analytical Calculation,https://find-and-update.company-information.service.gov.uk/company/04250459/filing-history/MzMzMjQ0NzAzOGFkaXF6a2N4/document?format=pdf&download=0,(net_debt / football_turnover) * 100,Net debt as a percentage of football turnover,Qualified (COVID Timing),Derived Analytical,Calculated strictly via formula: (net_debt / football_turnover) * 100
DER-FY2021-NET_FI-0249,2020/21,FY2021,net_finance_cost_to_revenue_pct,12.15,Calculated from primary inputs,Percentage (%),Arsenal Holdings Limited,Group of companies' accounts made up to 31 May 2021,2022-03-11,"Derived from Note 1, Note 3, Balance Sheet",Analytical Calculation,https://find-and-update.company-information.service.gov.uk/company/04250459/filing-history/MzMzMjQ0NzAzOGFkaXF6a2N4/document?format=pdf&download=0,(net_finance_costs / football_turnover) * 100,Net finance costs as a percentage of football turnover,Qualified (COVID Timing),Derived Analytical,Calculated strictly via formula: (net_finance_costs / football_turnover) * 100
DER-FY2021-AMORTI-0250,2020/21,FY2021,amortisation_to_revenue_pct,35.84,Calculated from primary inputs,Percentage (%),Arsenal Holdings Limited,Group of companies' accounts made up to 31 May 2021,2022-03-11,"Derived from Note 1, Note 3, Balance Sheet",Analytical Calculation,https://find-and-update.company-information.service.gov.uk/company/04250459/filing-history/MzMzMjQ0NzAzOGFkaXF6a2N4/document?format=pdf&download=0,(player_amortisation / football_turnover) * 100,Player amortisation as a percentage of football turnover,Qualified (COVID Timing),Derived Analytical,Calculated strictly via formula: (player_amortisation / football_turnover) * 100
DER-FY2022-REVENU-0251,2021/22,FY2022,revenue_growth_pct,12.67,Calculated from primary inputs,Percentage (%),Arsenal Holdings Limited,Group of companies' accounts made up to 31 May 2022,2023-02-20,"Derived from Note 1, Note 3, Balance Sheet",Analytical Calculation,https://find-and-update.company-information.service.gov.uk/company/04250459/filing-history/MzM2OTcwMjYwNWFkaXF6a2N4/document?format=pdf&download=0,((football_turnover_t - football_turnover_{t-1}) / football_turnover_{t-1}) * 100,Year-on-year percentage growth in football turnover,High,Derived Analytical,Calculated strictly via formula: ((football_turnover_t - football_turnover_{t-1}) / football_turnover_{t-1}) * 100
DER-FY2022-COMMER-0252,2021/22,FY2022,commercial_share_pct,38.39,Calculated from primary inputs,Percentage (%),Arsenal Holdings Limited,Group of companies' accounts made up to 31 May 2022,2023-02-20,"Derived from Note 1, Note 3, Balance Sheet",Analytical Calculation,https://find-and-update.company-information.service.gov.uk/company/04250459/filing-history/MzM2OTcwMjYwNWFkaXF6a2N4/document?format=pdf&download=0,(commercial_revenue / football_turnover) * 100,Commercial revenue as a percentage of football turnover,High,Derived Analytical,Calculated strictly via formula: (commercial_revenue / football_turnover) * 100
DER-FY2022-BROADC-0253,2021/22,FY2022,broadcast_share_pct,39.56,Calculated from primary inputs,Percentage (%),Arsenal Holdings Limited,Group of companies' accounts made up to 31 May 2022,2023-02-20,"Derived from Note 1, Note 3, Balance Sheet",Analytical Calculation,https://find-and-update.company-information.service.gov.uk/company/04250459/filing-history/MzM2OTcwMjYwNWFkaXF6a2N4/document?format=pdf&download=0,(broadcast_revenue / football_turnover) * 100,Broadcast revenue as a percentage of football turnover,High,Derived Analytical,Calculated strictly via formula: (broadcast_revenue / football_turnover) * 100
DER-FY2022-MATCHD-0254,2021/22,FY2022,matchday_share_pct,21.51,Calculated from primary inputs,Percentage (%),Arsenal Holdings Limited,Group of companies' accounts made up to 31 May 2022,2023-02-20,"Derived from Note 1, Note 3, Balance Sheet",Analytical Calculation,https://find-and-update.company-information.service.gov.uk/company/04250459/filing-history/MzM2OTcwMjYwNWFkaXF6a2N4/document?format=pdf&download=0,(matchday_revenue / football_turnover) * 100,Matchday revenue as a percentage of football turnover,High,Derived Analytical,Calculated strictly via formula: (matchday_revenue / football_turnover) * 100
DER-FY2022-WAGE_T-0255,2021/22,FY2022,wage_to_revenue_pct,57.52,Calculated from primary inputs,Percentage (%),Arsenal Holdings Limited,Group of companies' accounts made up to 31 May 2022,2023-02-20,"Derived from Note 1, Note 3, Balance Sheet",Analytical Calculation,https://find-and-update.company-information.service.gov.uk/company/04250459/filing-history/MzM2OTcwMjYwNWFkaXF6a2N4/document?format=pdf&download=0,(staff_costs / football_turnover) * 100,"Total group staff costs as a percentage of football turnover (standard academic wage-to-revenue ratio, measuring total personnel expenditure under IAS 19)",High,Derived Analytical,Calculated strictly via formula: (staff_costs / football_turnover) * 100
DER-FY2022-OPERAT-0256,2021/22,FY2022,operating_margin_pct,-16.45,Calculated from primary inputs,Percentage (%),Arsenal Holdings Limited,Group of companies' accounts made up to 31 May 2022,2023-02-20,"Derived from Note 1, Note 3, Balance Sheet",Analytical Calculation,https://find-and-update.company-information.service.gov.uk/company/04250459/filing-history/MzM2OTcwMjYwNWFkaXF6a2N4/document?format=pdf&download=0,(operating_profit_loss / football_turnover) * 100,Operating profit/loss as a percentage of football turnover,High,Derived Analytical,Calculated strictly via formula: (operating_profit_loss / football_turnover) * 100
DER-FY2022-NET_MA-0257,2021/22,FY2022,net_margin_pct,-12.33,Calculated from primary inputs,Percentage (%),Arsenal Holdings Limited,Group of companies' accounts made up to 31 May 2022,2023-02-20,"Derived from Note 1, Note 3, Balance Sheet",Analytical Calculation,https://find-and-update.company-information.service.gov.uk/company/04250459/filing-history/MzM2OTcwMjYwNWFkaXF6a2N4/document?format=pdf&download=0,(net_profit_loss / football_turnover) * 100,Net profit/loss after tax as a percentage of football turnover,High,Derived Analytical,Calculated strictly via formula: (net_profit_loss / football_turnover) * 100
DER-FY2022-NET_DE-0258,2021/22,FY2022,net_debt_to_revenue_pct,62.26,Calculated from primary inputs,Percentage (%),Arsenal Holdings Limited,Group of companies' accounts made up to 31 May 2022,2023-02-20,"Derived from Note 1, Note 3, Balance Sheet",Analytical Calculation,https://find-and-update.company-information.service.gov.uk/company/04250459/filing-history/MzM2OTcwMjYwNWFkaXF6a2N4/document?format=pdf&download=0,(net_debt / football_turnover) * 100,Net debt as a percentage of football turnover,High,Derived Analytical,Calculated strictly via formula: (net_debt / football_turnover) * 100
DER-FY2022-NET_FI-0259,2021/22,FY2022,net_finance_cost_to_revenue_pct,1.41,Calculated from primary inputs,Percentage (%),Arsenal Holdings Limited,Group of companies' accounts made up to 31 May 2022,2023-02-20,"Derived from Note 1, Note 3, Balance Sheet",Analytical Calculation,https://find-and-update.company-information.service.gov.uk/company/04250459/filing-history/MzM2OTcwMjYwNWFkaXF6a2N4/document?format=pdf&download=0,(net_finance_costs / football_turnover) * 100,Net finance costs as a percentage of football turnover,High,Derived Analytical,Calculated strictly via formula: (net_finance_costs / football_turnover) * 100
DER-FY2022-AMORTI-0260,2021/22,FY2022,amortisation_to_revenue_pct,34.41,Calculated from primary inputs,Percentage (%),Arsenal Holdings Limited,Group of companies' accounts made up to 31 May 2022,2023-02-20,"Derived from Note 1, Note 3, Balance Sheet",Analytical Calculation,https://find-and-update.company-information.service.gov.uk/company/04250459/filing-history/MzM2OTcwMjYwNWFkaXF6a2N4/document?format=pdf&download=0,(player_amortisation / football_turnover) * 100,Player amortisation as a percentage of football turnover,High,Derived Analytical,Calculated strictly via formula: (player_amortisation / football_turnover) * 100
DER-FY2023-REVENU-0261,2022/23,FY2023,revenue_growth_pct,25.87,Calculated from primary inputs,Percentage (%),Arsenal Holdings Limited,Group of companies' accounts made up to 31 May 2023,2024-02-26,"Derived from Note 1, Note 3, Balance Sheet",Analytical Calculation,https://find-and-update.company-information.service.gov.uk/company/04250459/filing-history/MzQxMjE5NjQ0MGFkaXF6a2N4/document?format=pdf&download=0,((football_turnover_t - football_turnover_{t-1}) / football_turnover_{t-1}) * 100,Year-on-year percentage growth in football turnover,High,Derived Analytical,Calculated strictly via formula: ((football_turnover_t - football_turnover_{t-1}) / football_turnover_{t-1}) * 100
DER-FY2023-COMMER-0262,2022/23,FY2023,commercial_share_pct,36.44,Calculated from primary inputs,Percentage (%),Arsenal Holdings Limited,Group of companies' accounts made up to 31 May 2023,2024-02-26,"Derived from Note 1, Note 3, Balance Sheet",Analytical Calculation,https://find-and-update.company-information.service.gov.uk/company/04250459/filing-history/MzQxMjE5NjQ0MGFkaXF6a2N4/document?format=pdf&download=0,(commercial_revenue / football_turnover) * 100,Commercial revenue as a percentage of football turnover,High,Derived Analytical,Calculated strictly via formula: (commercial_revenue / football_turnover) * 100
DER-FY2023-BROADC-0263,2022/23,FY2023,broadcast_share_pct,41.15,Calculated from primary inputs,Percentage (%),Arsenal Holdings Limited,Group of companies' accounts made up to 31 May 2023,2024-02-26,"Derived from Note 1, Note 3, Balance Sheet",Analytical Calculation,https://find-and-update.company-information.service.gov.uk/company/04250459/filing-history/MzQxMjE5NjQ0MGFkaXF6a2N4/document?format=pdf&download=0,(broadcast_revenue / football_turnover) * 100,Broadcast revenue as a percentage of football turnover,High,Derived Analytical,Calculated strictly via formula: (broadcast_revenue / football_turnover) * 100
DER-FY2023-MATCHD-0264,2022/23,FY2023,matchday_share_pct,22.08,Calculated from primary inputs,Percentage (%),Arsenal Holdings Limited,Group of companies' accounts made up to 31 May 2023,2024-02-26,"Derived from Note 1, Note 3, Balance Sheet",Analytical Calculation,https://find-and-update.company-information.service.gov.uk/company/04250459/filing-history/MzQxMjE5NjQ0MGFkaXF6a2N4/document?format=pdf&download=0,(matchday_revenue / football_turnover) * 100,Matchday revenue as a percentage of football turnover,High,Derived Analytical,Calculated strictly via formula: (matchday_revenue / football_turnover) * 100
DER-FY2023-WAGE_T-0265,2022/23,FY2023,wage_to_revenue_pct,50.54,Calculated from primary inputs,Percentage (%),Arsenal Holdings Limited,Group of companies' accounts made up to 31 May 2023,2024-02-26,"Derived from Note 1, Note 3, Balance Sheet",Analytical Calculation,https://find-and-update.company-information.service.gov.uk/company/04250459/filing-history/MzQxMjE5NjQ0MGFkaXF6a2N4/document?format=pdf&download=0,(staff_costs / football_turnover) * 100,"Total group staff costs as a percentage of football turnover (standard academic wage-to-revenue ratio, measuring total personnel expenditure under IAS 19)",High,Derived Analytical,Calculated strictly via formula: (staff_costs / football_turnover) * 100
DER-FY2023-OPERAT-0266,2022/23,FY2023,operating_margin_pct,-11.84,Calculated from primary inputs,Percentage (%),Arsenal Holdings Limited,Group of companies' accounts made up to 31 May 2023,2024-02-26,"Derived from Note 1, Note 3, Balance Sheet",Analytical Calculation,https://find-and-update.company-information.service.gov.uk/company/04250459/filing-history/MzQxMjE5NjQ0MGFkaXF6a2N4/document?format=pdf&download=0,(operating_profit_loss / football_turnover) * 100,Operating profit/loss as a percentage of football turnover,High,Derived Analytical,Calculated strictly via formula: (operating_profit_loss / football_turnover) * 100
DER-FY2023-NET_MA-0267,2022/23,FY2023,net_margin_pct,-11.21,Calculated from primary inputs,Percentage (%),Arsenal Holdings Limited,Group of companies' accounts made up to 31 May 2023,2024-02-26,"Derived from Note 1, Note 3, Balance Sheet",Analytical Calculation,https://find-and-update.company-information.service.gov.uk/company/04250459/filing-history/MzQxMjE5NjQ0MGFkaXF6a2N4/document?format=pdf&download=0,(net_profit_loss / football_turnover) * 100,Net profit/loss after tax as a percentage of football turnover,High,Derived Analytical,Calculated strictly via formula: (net_profit_loss / football_turnover) * 100
DER-FY2023-NET_DE-0268,2022/23,FY2023,net_debt_to_revenue_pct,46.75,Calculated from primary inputs,Percentage (%),Arsenal Holdings Limited,Group of companies' accounts made up to 31 May 2023,2024-02-26,"Derived from Note 1, Note 3, Balance Sheet",Analytical Calculation,https://find-and-update.company-information.service.gov.uk/company/04250459/filing-history/MzQxMjE5NjQ0MGFkaXF6a2N4/document?format=pdf&download=0,(net_debt / football_turnover) * 100,Net debt as a percentage of football turnover,High,Derived Analytical,Calculated strictly via formula: (net_debt / football_turnover) * 100
DER-FY2023-NET_FI-0269,2022/23,FY2023,net_finance_cost_to_revenue_pct,1.31,Calculated from primary inputs,Percentage (%),Arsenal Holdings Limited,Group of companies' accounts made up to 31 May 2023,2024-02-26,"Derived from Note 1, Note 3, Balance Sheet",Analytical Calculation,https://find-and-update.company-information.service.gov.uk/company/04250459/filing-history/MzQxMjE5NjQ0MGFkaXF6a2N4/document?format=pdf&download=0,(net_finance_costs / football_turnover) * 100,Net finance costs as a percentage of football turnover,High,Derived Analytical,Calculated strictly via formula: (net_finance_costs / football_turnover) * 100
DER-FY2023-AMORTI-0270,2022/23,FY2023,amortisation_to_revenue_pct,33.79,Calculated from primary inputs,Percentage (%),Arsenal Holdings Limited,Group of companies' accounts made up to 31 May 2023,2024-02-26,"Derived from Note 1, Note 3, Balance Sheet",Analytical Calculation,https://find-and-update.company-information.service.gov.uk/company/04250459/filing-history/MzQxMjE5NjQ0MGFkaXF6a2N4/document?format=pdf&download=0,(player_amortisation / football_turnover) * 100,Player amortisation as a percentage of football turnover,High,Derived Analytical,Calculated strictly via formula: (player_amortisation / football_turnover) * 100
DER-FY2024-REVENU-0271,2023/24,FY2024,revenue_growth_pct,32.59,Calculated from primary inputs,Percentage (%),Arsenal Holdings Limited,Group of companies' accounts made up to 31 May 2024,2025-02-21,"Derived from Note 1, Note 3, Balance Sheet",Analytical Calculation,https://find-and-update.company-information.service.gov.uk/company/04250459/filing-history/MzQ1NTk1NjAxMGFkaXF6a2N4/document?format=pdf&download=0,((football_turnover_t - football_turnover_{t-1}) / football_turnover_{t-1}) * 100,Year-on-year percentage growth in football turnover,High,Derived Analytical,Calculated strictly via formula: ((football_turnover_t - football_turnover_{t-1}) / football_turnover_{t-1}) * 100
DER-FY2024-COMMER-0272,2023/24,FY2024,commercial_share_pct,35.32,Calculated from primary inputs,Percentage (%),Arsenal Holdings Limited,Group of companies' accounts made up to 31 May 2024,2025-02-21,"Derived from Note 1, Note 3, Balance Sheet",Analytical Calculation,https://find-and-update.company-information.service.gov.uk/company/04250459/filing-history/MzQ1NTk1NjAxMGFkaXF6a2N4/document?format=pdf&download=0,(commercial_revenue / football_turnover) * 100,Commercial revenue as a percentage of football turnover,High,Derived Analytical,Calculated strictly via formula: (commercial_revenue / football_turnover) * 100
DER-FY2024-BROADC-0273,2023/24,FY2024,broadcast_share_pct,42.50,Calculated from primary inputs,Percentage (%),Arsenal Holdings Limited,Group of companies' accounts made up to 31 May 2024,2025-02-21,"Derived from Note 1, Note 3, Balance Sheet",Analytical Calculation,https://find-and-update.company-information.service.gov.uk/company/04250459/filing-history/MzQ1NTk1NjAxMGFkaXF6a2N4/document?format=pdf&download=0,(broadcast_revenue / football_turnover) * 100,Broadcast revenue as a percentage of football turnover,High,Derived Analytical,Calculated strictly via formula: (broadcast_revenue / football_turnover) * 100
DER-FY2024-MATCHD-0274,2023/24,FY2024,matchday_share_pct,21.36,Calculated from primary inputs,Percentage (%),Arsenal Holdings Limited,Group of companies' accounts made up to 31 May 2024,2025-02-21,"Derived from Note 1, Note 3, Balance Sheet",Analytical Calculation,https://find-and-update.company-information.service.gov.uk/company/04250459/filing-history/MzQ1NTk1NjAxMGFkaXF6a2N4/document?format=pdf&download=0,(matchday_revenue / football_turnover) * 100,Matchday revenue as a percentage of football turnover,High,Derived Analytical,Calculated strictly via formula: (matchday_revenue / football_turnover) * 100
DER-FY2024-WAGE_T-0275,2023/24,FY2024,wage_to_revenue_pct,53.23,Calculated from primary inputs,Percentage (%),Arsenal Holdings Limited,Group of companies' accounts made up to 31 May 2024,2025-02-21,"Derived from Note 1, Note 3, Balance Sheet",Analytical Calculation,https://find-and-update.company-information.service.gov.uk/company/04250459/filing-history/MzQ1NTk1NjAxMGFkaXF6a2N4/document?format=pdf&download=0,(staff_costs / football_turnover) * 100,"Total group staff costs as a percentage of football turnover (standard academic wage-to-revenue ratio, measuring total personnel expenditure under IAS 19)",High,Derived Analytical,Calculated strictly via formula: (staff_costs / football_turnover) * 100
DER-FY2024-OPERAT-0276,2023/24,FY2024,operating_margin_pct,-7.95,Calculated from primary inputs,Percentage (%),Arsenal Holdings Limited,Group of companies' accounts made up to 31 May 2024,2025-02-21,"Derived from Note 1, Note 3, Balance Sheet",Analytical Calculation,https://find-and-update.company-information.service.gov.uk/company/04250459/filing-history/MzQ1NTk1NjAxMGFkaXF6a2N4/document?format=pdf&download=0,(operating_profit_loss / football_turnover) * 100,Operating profit/loss as a percentage of football turnover,High,Derived Analytical,Calculated strictly via formula: (operating_profit_loss / football_turnover) * 100
DER-FY2024-NET_MA-0277,2023/24,FY2024,net_margin_pct,-4.58,Calculated from primary inputs,Percentage (%),Arsenal Holdings Limited,Group of companies' accounts made up to 31 May 2024,2025-02-21,"Derived from Note 1, Note 3, Balance Sheet",Analytical Calculation,https://find-and-update.company-information.service.gov.uk/company/04250459/filing-history/MzQ1NTk1NjAxMGFkaXF6a2N4/document?format=pdf&download=0,(net_profit_loss / football_turnover) * 100,Net profit/loss after tax as a percentage of football turnover,High,Derived Analytical,Calculated strictly via formula: (net_profit_loss / football_turnover) * 100
DER-FY2024-NET_DE-0278,2023/24,FY2024,net_debt_to_revenue_pct,45.42,Calculated from primary inputs,Percentage (%),Arsenal Holdings Limited,Group of companies' accounts made up to 31 May 2024,2025-02-21,"Derived from Note 1, Note 3, Balance Sheet",Analytical Calculation,https://find-and-update.company-information.service.gov.uk/company/04250459/filing-history/MzQ1NTk1NjAxMGFkaXF6a2N4/document?format=pdf&download=0,(net_debt / football_turnover) * 100,Net debt as a percentage of football turnover,High,Derived Analytical,Calculated strictly via formula: (net_debt / football_turnover) * 100
DER-FY2024-NET_FI-0279,2023/24,FY2024,net_finance_cost_to_revenue_pct,2.60,Calculated from primary inputs,Percentage (%),Arsenal Holdings Limited,Group of companies' accounts made up to 31 May 2024,2025-02-21,"Derived from Note 1, Note 3, Balance Sheet",Analytical Calculation,https://find-and-update.company-information.service.gov.uk/company/04250459/filing-history/MzQ1NTk1NjAxMGFkaXF6a2N4/document?format=pdf&download=0,(net_finance_costs / football_turnover) * 100,Net finance costs as a percentage of football turnover,High,Derived Analytical,Calculated strictly via formula: (net_finance_costs / football_turnover) * 100
DER-FY2024-AMORTI-0280,2023/24,FY2024,amortisation_to_revenue_pct,28.60,Calculated from primary inputs,Percentage (%),Arsenal Holdings Limited,Group of companies' accounts made up to 31 May 2024,2025-02-21,"Derived from Note 1, Note 3, Balance Sheet",Analytical Calculation,https://find-and-update.company-information.service.gov.uk/company/04250459/filing-history/MzQ1NTk1NjAxMGFkaXF6a2N4/document?format=pdf&download=0,(player_amortisation / football_turnover) * 100,Player amortisation as a percentage of football turnover,High,Derived Analytical,Calculated strictly via formula: (player_amortisation / football_turnover) * 100
DER-FY2025-REVENU-0281,2024/25,FY2025,revenue_growth_pct,12.18,Calculated from primary inputs,Percentage (%),Arsenal Holdings Limited,Group of companies' accounts made up to 31 May 2025,2026-02-27,"Derived from Note 1, Note 3, Balance Sheet",Analytical Calculation,https://find-and-update.company-information.service.gov.uk/company/04250459/filing-history/MzUwNzE0ODU1NmFkaXF6a2N4/document?format=pdf&download=0,((football_turnover_t - football_turnover_{t-1}) / football_turnover_{t-1}) * 100,Year-on-year percentage growth in football turnover,High,Derived Analytical,Calculated strictly via formula: ((football_turnover_t - football_turnover_{t-1}) / football_turnover_{t-1}) * 100
DER-FY2025-COMMER-0282,2024/25,FY2025,commercial_share_pct,38.78,Calculated from primary inputs,Percentage (%),Arsenal Holdings Limited,Group of companies' accounts made up to 31 May 2025,2026-02-27,"Derived from Note 1, Note 3, Balance Sheet",Analytical Calculation,https://find-and-update.company-information.service.gov.uk/company/04250459/filing-history/MzUwNzE0ODU1NmFkaXF6a2N4/document?format=pdf&download=0,(commercial_revenue / football_turnover) * 100,Commercial revenue as a percentage of football turnover,High,Derived Analytical,Calculated strictly via formula: (commercial_revenue / football_turnover) * 100
DER-FY2025-BROADC-0283,2024/25,FY2025,broadcast_share_pct,40.26,Calculated from primary inputs,Percentage (%),Arsenal Holdings Limited,Group of companies' accounts made up to 31 May 2025,2026-02-27,"Derived from Note 1, Note 3, Balance Sheet",Analytical Calculation,https://find-and-update.company-information.service.gov.uk/company/04250459/filing-history/MzUwNzE0ODU1NmFkaXF6a2N4/document?format=pdf&download=0,(broadcast_revenue / football_turnover) * 100,Broadcast revenue as a percentage of football turnover,High,Derived Analytical,Calculated strictly via formula: (broadcast_revenue / football_turnover) * 100
DER-FY2025-MATCHD-0284,2024/25,FY2025,matchday_share_pct,22.26,Calculated from primary inputs,Percentage (%),Arsenal Holdings Limited,Group of companies' accounts made up to 31 May 2025,2026-02-27,"Derived from Note 1, Note 3, Balance Sheet",Analytical Calculation,https://find-and-update.company-information.service.gov.uk/company/04250459/filing-history/MzUwNzE0ODU1NmFkaXF6a2N4/document?format=pdf&download=0,(matchday_revenue / football_turnover) * 100,Matchday revenue as a percentage of football turnover,High,Derived Analytical,Calculated strictly via formula: (matchday_revenue / football_turnover) * 100
DER-FY2025-WAGE_T-0285,2024/25,FY2025,wage_to_revenue_pct,50.22,Calculated from primary inputs,Percentage (%),Arsenal Holdings Limited,Group of companies' accounts made up to 31 May 2025,2026-02-27,"Derived from Note 1, Note 3, Balance Sheet",Analytical Calculation,https://find-and-update.company-information.service.gov.uk/company/04250459/filing-history/MzUwNzE0ODU1NmFkaXF6a2N4/document?format=pdf&download=0,(staff_costs / football_turnover) * 100,"Total group staff costs as a percentage of football turnover (standard academic wage-to-revenue ratio, measuring total personnel expenditure under IAS 19)",High,Derived Analytical,Calculated strictly via formula: (staff_costs / football_turnover) * 100
DER-FY2025-OPERAT-0286,2024/25,FY2025,operating_margin_pct,-9.41,Calculated from primary inputs,Percentage (%),Arsenal Holdings Limited,Group of companies' accounts made up to 31 May 2025,2026-02-27,"Derived from Note 1, Note 3, Balance Sheet",Analytical Calculation,https://find-and-update.company-information.service.gov.uk/company/04250459/filing-history/MzUwNzE0ODU1NmFkaXF6a2N4/document?format=pdf&download=0,(operating_profit_loss / football_turnover) * 100,Operating profit/loss as a percentage of football turnover,High,Derived Analytical,Calculated strictly via formula: (operating_profit_loss / football_turnover) * 100
DER-FY2025-NET_MA-0287,2024/25,FY2025,net_margin_pct,-0.14,Calculated from primary inputs,Percentage (%),Arsenal Holdings Limited,Group of companies' accounts made up to 31 May 2025,2026-02-27,"Derived from Note 1, Note 3, Balance Sheet",Analytical Calculation,https://find-and-update.company-information.service.gov.uk/company/04250459/filing-history/MzUwNzE0ODU1NmFkaXF6a2N4/document?format=pdf&download=0,(net_profit_loss / football_turnover) * 100,Net profit/loss after tax as a percentage of football turnover,High,Derived Analytical,Calculated strictly via formula: (net_profit_loss / football_turnover) * 100
DER-FY2025-NET_DE-0288,2024/25,FY2025,net_debt_to_revenue_pct,40.96,Calculated from primary inputs,Percentage (%),Arsenal Holdings Limited,Group of companies' accounts made up to 31 May 2025,2026-02-27,"Derived from Note 1, Note 3, Balance Sheet",Analytical Calculation,https://find-and-update.company-information.service.gov.uk/company/04250459/filing-history/MzUwNzE0ODU1NmFkaXF6a2N4/document?format=pdf&download=0,(net_debt / football_turnover) * 100,Net debt as a percentage of football turnover,High,Derived Analytical,Calculated strictly via formula: (net_debt / football_turnover) * 100
DER-FY2025-NET_FI-0289,2024/25,FY2025,net_finance_cost_to_revenue_pct,2.03,Calculated from primary inputs,Percentage (%),Arsenal Holdings Limited,Group of companies' accounts made up to 31 May 2025,2026-02-27,"Derived from Note 1, Note 3, Balance Sheet",Analytical Calculation,https://find-and-update.company-information.service.gov.uk/company/04250459/filing-history/MzUwNzE0ODU1NmFkaXF6a2N4/document?format=pdf&download=0,(net_finance_costs / football_turnover) * 100,Net finance costs as a percentage of football turnover,High,Derived Analytical,Calculated strictly via formula: (net_finance_costs / football_turnover) * 100
DER-FY2025-AMORTI-0290,2024/25,FY2025,amortisation_to_revenue_pct,27.06,Calculated from primary inputs,Percentage (%),Arsenal Holdings Limited,Group of companies' accounts made up to 31 May 2025,2026-02-27,"Derived from Note 1, Note 3, Balance Sheet",Analytical Calculation,https://find-and-update.company-information.service.gov.uk/company/04250459/filing-history/MzUwNzE0ODU1NmFkaXF6a2N4/document?format=pdf&download=0,(player_amortisation / football_turnover) * 100,Player amortisation as a percentage of football turnover,High,Derived Analytical,Calculated strictly via formula: (player_amortisation / football_turnover) * 100
