master_observation_id,season,master_variable,source_module,source_file,source_variable,source_observation_id,transformation,verification_status
MST-2015-0001,2015/16,financial_year,FINANCIAL,arsenal_financials.csv,financial_year,FIN-FY2016-FOOTBA-0001,Direct Calendar Alignment (31 May),Audited Statutory Accounts (Companies House)
MST-2015-0002,2015/16,football_turnover,FINANCIAL,arsenal_financials.csv,football_turnover,FIN-FY2016-FOOTBA-0001,None (Directly Reported in £m),Primary Audited
MST-2015-0003,2015/16,total_turnover,FINANCIAL,arsenal_financials.csv,total_turnover,FIN-FY2016-TOTAL_-0002,None (Directly Reported in £m),Primary Audited
MST-2015-0004,2015/16,broadcast_revenue,FINANCIAL,arsenal_financials.csv,broadcast_revenue,FIN-FY2016-BROADC-0003,None (Directly Reported in £m),Primary Audited
MST-2015-0005,2015/16,commercial_revenue,FINANCIAL,arsenal_financials.csv,commercial_revenue,FIN-FY2016-COMMER-0004,None (Directly Reported in £m),Primary Audited
MST-2015-0006,2015/16,matchday_revenue,FINANCIAL,arsenal_financials.csv,matchday_revenue,FIN-FY2016-MATCHD-0005,None (Directly Reported in £m),Primary Audited
MST-2015-0007,2015/16,staff_costs,FINANCIAL,arsenal_financials.csv,staff_costs,FIN-FY2016-STAFF_-0006,None (Directly Reported in £m),Primary Audited
MST-2015-0008,2015/16,operating_expenses,FINANCIAL,arsenal_financials.csv,operating_expenses,FIN-FY2016-OPERAT-0007,None (Directly Reported in £m),Primary Audited
MST-2015-0009,2015/16,player_amortisation,FINANCIAL,arsenal_financials.csv,player_amortisation,FIN-FY2016-PLAYER-0008,None (Directly Reported in £m),Primary Audited
MST-2015-0010,2015/16,player_impairment,FINANCIAL,arsenal_financials.csv,player_impairment,FIN-FY2016-PLAYER-0009,None (Directly Reported in £m),Primary Audited
MST-2015-0011,2015/16,depreciation,FINANCIAL,arsenal_financials.csv,depreciation,FIN-FY2016-DEPREC-0010,None (Directly Reported in £m),Primary Audited
MST-2015-0012,2015/16,operating_profit_loss,FINANCIAL,arsenal_financials.csv,operating_profit_loss,FIN-FY2016-OPERAT-0011,None (Directly Reported in £m),Primary Audited
MST-2015-0013,2015/16,net_profit_loss,FINANCIAL,arsenal_financials.csv,net_profit_loss,FIN-FY2016-NET_PR-0012,None (Directly Reported in £m),Primary Audited
MST-2015-0014,2015/16,cash,FINANCIAL,arsenal_financials.csv,cash,FIN-FY2016-CASH-0013,None (Directly Reported in £m),Primary Audited
MST-2015-0015,2015/16,gross_debt,FINANCIAL,arsenal_financials.csv,gross_debt,FIN-FY2016-GROSS_-0014,None (Directly Reported in £m),Primary Audited
MST-2015-0016,2015/16,net_debt,FINANCIAL,arsenal_financials.csv,net_debt,FIN-FY2016-NET_DE-0015,gross_debt - cash,Primary Audited
MST-2015-0017,2015/16,net_finance_costs,FINANCIAL,arsenal_financials.csv,net_finance_costs,FIN-FY2016-NET_FI-0016,None (Directly Reported in £m),Primary Audited
MST-2015-0018,2015/16,profit_on_player_disposals,FINANCIAL,arsenal_financials.csv,profit_on_player_disposals,FIN-FY2016-PROFIT-0017,None (Directly Reported in £m),Primary Audited
MST-2015-0019,2015/16,player_registration_additions,FINANCIAL,arsenal_financials.csv,player_registration_additions,FIN-FY2016-PLAYER-0018,None (Directly Reported in £m),Primary Audited
MST-2015-0020,2015/16,player_registration_nbv,FINANCIAL,arsenal_financials.csv,player_registration_nbv,FIN-FY2016-PLAYER-0019,None (Directly Reported in £m),Primary Audited
MST-2015-0021,2015/16,revenue_growth_pct,FINANCIAL,arsenal_financials.csv,revenue_growth_pct,DER-FY2016-REVENU-0191,((football_turnover_t - football_turnover_{t-1}) / football_turnover_{t-1}) * 100,Derived Analytical
MST-2015-0022,2015/16,commercial_share_pct,FINANCIAL,arsenal_financials.csv,commercial_share_pct,DER-FY2016-COMMER-0192,(commercial_revenue / football_turnover) * 100,Derived Analytical
MST-2015-0023,2015/16,broadcast_share_pct,FINANCIAL,arsenal_financials.csv,broadcast_share_pct,DER-FY2016-BROADC-0193,(broadcast_revenue / football_turnover) * 100,Derived Analytical
MST-2015-0024,2015/16,matchday_share_pct,FINANCIAL,arsenal_financials.csv,matchday_share_pct,DER-FY2016-MATCHD-0194,(matchday_revenue / football_turnover) * 100,Derived Analytical
MST-2015-0025,2015/16,wage_to_revenue_pct,FINANCIAL,arsenal_financials.csv,wage_to_revenue_pct,DER-FY2016-WAGE_T-0195,(staff_costs / football_turnover) * 100,Derived Analytical
MST-2015-0026,2015/16,operating_margin_pct,FINANCIAL,arsenal_financials.csv,operating_margin_pct,DER-FY2016-OPERAT-0196,(operating_profit_loss / football_turnover) * 100,Derived Analytical
MST-2015-0027,2015/16,net_margin_pct,FINANCIAL,arsenal_financials.csv,net_margin_pct,DER-FY2016-NET_MA-0197,(net_profit_loss / football_turnover) * 100,Derived Analytical
MST-2015-0028,2015/16,net_debt_to_revenue_pct,FINANCIAL,arsenal_financials.csv,net_debt_to_revenue_pct,DER-FY2016-NET_DE-0198,(net_debt / football_turnover) * 100,Derived Analytical
MST-2015-0029,2015/16,net_finance_cost_to_revenue_pct,FINANCIAL,arsenal_financials.csv,net_finance_cost_to_revenue_pct,DER-FY2016-NET_FI-0199,(net_finance_costs / football_turnover) * 100,Derived Analytical
MST-2015-0030,2015/16,amortisation_to_revenue_pct,FINANCIAL,arsenal_financials.csv,amortisation_to_revenue_pct,DER-FY2016-AMORTI-0200,(player_amortisation / football_turnover) * 100,Derived Analytical
MST-2015-0031,2015/16,permanent_gross_transfer_spend,TRANSFER,arsenal_transfers.csv,permanent_gross_transfer_spend,TRX-201516-IN-001; TRX-201516-IN-002,sum(fee_gbp) for permanent incoming transfers,Reconciled Transaction Ledger & Primary Disclosures
MST-2015-0032,2015/16,loan_fee_spend,TRANSFER,TRANSFER_DERIVED_PROVENANCE.csv,loan_fee_spend,TRX-DER-2015-LOAN_SPEND,sum(fee_gbp) for loan incoming transfers,Reconciled Transaction Ledger & Primary Disclosures
MST-2015-0033,2015/16,total_transfer_consideration,TRANSFER,TRANSFER_DERIVED_PROVENANCE.csv,total_transfer_consideration,TRX-DER-2015-TOTAL_CONSID,permanent_gross_transfer_spend + loan_fee_spend,Reconciled Transaction Ledger & Primary Disclosures
MST-2015-0034,2015/16,permanent_transfer_income,TRANSFER,arsenal_transfers.csv,permanent_transfer_income,TRX-201516-OUT-001; TRX-201516-OUT-002; TRX-201516-OUT-003,sum(fee_gbp) for permanent outgoing transfers,Reconciled Transaction Ledger & Primary Disclosures
MST-2015-0035,2015/16,loan_income,TRANSFER,arsenal_transfers.csv,loan_income,TRX-201516-OUT-004; TRX-201516-OUT-005,sum(fee_gbp) for loan outgoing transfers,Reconciled Transaction Ledger & Primary Disclosures
MST-2015-0036,2015/16,total_transfer_income,TRANSFER,TRANSFER_DERIVED_PROVENANCE.csv,total_transfer_income,TRX-DER-2015-TOTAL_INCOME,permanent_transfer_income + loan_income,Reconciled Transaction Ledger & Primary Disclosures
MST-2015-0037,2015/16,permanent_net_transfer_spend,TRANSFER,TRANSFER_DERIVED_PROVENANCE.csv,permanent_net_transfer_spend,TRX-DER-2015-PERM_NET,permanent_gross_transfer_spend - permanent_transfer_income,Reconciled Transaction Ledger & Primary Disclosures
MST-2015-0038,2015/16,total_net_transfer_consideration,TRANSFER,TRANSFER_DERIVED_PROVENANCE.csv,total_net_transfer_consideration,TRX-DER-2015-TOTAL_NET,total_transfer_consideration - total_transfer_income,Reconciled Transaction Ledger & Primary Disclosures
MST-2015-0039,2015/16,primary_transfer_spend_to_revenue_pct,TRANSFER,TRANSFER_DERIVED_PROVENANCE.csv,primary_transfer_spend_to_revenue_pct,TRX-DER-2015-PRIM_SPEND_REV,(permanent_gross_transfer_spend / football_turnover) * 100,Reconciled Transaction Ledger & Primary Disclosures
MST-2015-0040,2015/16,total_spend_to_revenue_pct,TRANSFER,TRANSFER_DERIVED_PROVENANCE.csv,total_spend_to_revenue_pct,TRX-DER-2015-TOT_SPEND_REV,(total_transfer_consideration / football_turnover) * 100,Reconciled Transaction Ledger & Primary Disclosures
MST-2015-0041,2015/16,permanent_net_spend_to_revenue_pct,TRANSFER,TRANSFER_DERIVED_PROVENANCE.csv,permanent_net_spend_to_revenue_pct,TRX-DER-2015-PERM_NET_REV,(permanent_net_transfer_spend / football_turnover) * 100,Reconciled Transaction Ledger & Primary Disclosures
MST-2015-0042,2015/16,total_net_spend_to_revenue_pct,TRANSFER,TRANSFER_DERIVED_PROVENANCE.csv,total_net_spend_to_revenue_pct,TRX-DER-2015-TOT_NET_REV,(total_net_transfer_consideration / football_turnover) * 100,Reconciled Transaction Ledger & Primary Disclosures
MST-2015-0043,2015/16,upper_bound_permanent_spend,TRANSFER,arsenal_transfers.csv,upper_bound_permanent_spend,TRX-201516-IN-001; TRX-201516-IN-002,sum(fee_gbp + add_on_fee) for permanent incoming,Reconciled Transaction Ledger & Primary Disclosures
MST-2015-0044,2015/16,upper_bound_total_consideration,TRANSFER,arsenal_transfers.csv,upper_bound_total_consideration,TRX-201516-IN-001; TRX-201516-IN-002,sum(fee_gbp + add_on_fee) for all incoming,Reconciled Transaction Ledger & Primary Disclosures
MST-2015-0045,2015/16,spend_add_on_differential,TRANSFER,TRANSFER_DERIVED_PROVENANCE.csv,spend_add_on_differential,TRX-DER-2015-SPEND_DIFF,upper_bound_permanent_spend - permanent_gross_transfer_spend,Reconciled Transaction Ledger & Primary Disclosures
MST-2015-0046,2015/16,spend_sensitivity_pct,TRANSFER,TRANSFER_DERIVED_PROVENANCE.csv,spend_sensitivity_pct,TRX-DER-2015-SPEND_SENS_PCT,(spend_add_on_differential / permanent_gross_transfer_spend) * 100,Reconciled Transaction Ledger & Primary Disclosures
MST-2015-0047,2015/16,transaction_count,TRANSFER,arsenal_transfers.csv,transaction_count,TRX-201516-IN-001; TRX-201516-IN-002; TRX-201516-OUT-001; TRX-201516-OUT-002; TRX-201516-OUT-003; TRX-201516-OUT-004; TRX-201516-OUT-005,count of all transactions in season,Reconciled Transaction Ledger & Primary Disclosures
MST-2015-0048,2015/16,incoming_count,TRANSFER,arsenal_transfers.csv,incoming_count,TRX-201516-IN-001; TRX-201516-IN-002,count of incoming transactions in season,Reconciled Transaction Ledger & Primary Disclosures
MST-2015-0049,2015/16,outgoing_count,TRANSFER,arsenal_transfers.csv,outgoing_count,TRX-201516-OUT-001; TRX-201516-OUT-002; TRX-201516-OUT-003; TRX-201516-OUT-004; TRX-201516-OUT-005,count of outgoing transactions in season,Reconciled Transaction Ledger & Primary Disclosures
MST-2015-0050,2015/16,permanent_count,TRANSFER,arsenal_transfers.csv,permanent_count,TRX-201516-IN-001; TRX-201516-IN-002; TRX-201516-OUT-001; TRX-201516-OUT-002; TRX-201516-OUT-003,count of permanent transactions in season,Reconciled Transaction Ledger & Primary Disclosures
MST-2015-0051,2015/16,loan_count,TRANSFER,arsenal_transfers.csv,loan_count,TRX-201516-OUT-004; TRX-201516-OUT-005,count of temporary loan arrangements in season,Reconciled Transaction Ledger & Primary Disclosures
MST-2015-0052,2015/16,exact_fee_count,TRANSFER,arsenal_transfers.csv,exact_fee_count,TRX-201516-OUT-001,count where fee_value_status == 'EXACT',Reconciled Transaction Ledger & Primary Disclosures
MST-2015-0053,2015/16,estimated_fee_count,TRANSFER,arsenal_transfers.csv,estimated_fee_count,TRX-201516-IN-001; TRX-201516-IN-002,"count where fee_value_status in {'ESTIMATED', 'BASE_PLUS_ADDONS'}",Reconciled Transaction Ledger & Primary Disclosures
MST-2015-0054,2015/16,undisclosed_fee_count,TRANSFER,arsenal_transfers.csv,undisclosed_fee_count,TRX-201516-IN-001; TRX-201516-IN-002,count where fee_disclosure_status == 'UNDISCLOSED',Reconciled Transaction Ledger & Primary Disclosures
MST-2015-0055,2015/16,zero_free_count,TRANSFER,arsenal_transfers.csv,zero_free_count,TRX-201516-OUT-002; TRX-201516-OUT-003,count where fee_value_status == 'ZERO',Reconciled Transaction Ledger & Primary Disclosures
MST-2015-0056,2015/16,loan_fee_count,TRANSFER,arsenal_transfers.csv,loan_fee_count,TRX-201516-OUT-004; TRX-201516-OUT-005,count where fee_value_status == 'LOAN_FEE',Reconciled Transaction Ledger & Primary Disclosures
MST-2015-0057,2015/16,transaction_coverage_pct,TRANSFER,TRANSFER_DERIVED_PROVENANCE.csv,transaction_coverage_pct,TRX-DER-2015-TRX_COV_PCT,(verified_transactions / identified_total) * 100,Reconciled Transaction Ledger & Primary Disclosures
MST-2015-0058,2015/16,numerical_fee_coverage_pct,TRANSFER,TRANSFER_DERIVED_PROVENANCE.csv,numerical_fee_coverage_pct,TRX-DER-2015-NUM_COV_PCT,(numerical_fees / non_free_transactions) * 100,Reconciled Transaction Ledger & Primary Disclosures
MST-2015-0059,2015/16,exact_fee_coverage_pct,TRANSFER,TRANSFER_DERIVED_PROVENANCE.csv,exact_fee_coverage_pct,TRX-DER-2015-EXACT_COV_PCT,(exact_fee_count / transaction_count) * 100,Reconciled Transaction Ledger & Primary Disclosures
MST-2015-0060,2015/16,primary_fee_coverage_pct,TRANSFER,TRANSFER_DERIVED_PROVENANCE.csv,primary_fee_coverage_pct,TRX-DER-2015-PRIM_COV_PCT,((exact_fee_count + zero_free_count) / transaction_count) * 100,Reconciled Transaction Ledger & Primary Disclosures
MST-2015-0061,2015/16,estimated_value_share_pct,TRANSFER,TRANSFER_DERIVED_PROVENANCE.csv,estimated_value_share_pct,TRX-DER-2015-EST_VAL_SHARE,(estimated_consideration / total_season_consideration) * 100,Reconciled Transaction Ledger & Primary Disclosures
MST-2015-0062,2015/16,classification,TRANSFER,TRANSFER_DERIVED_PROVENANCE.csv,classification,TRX-DER-2015-CLASS,Structural classification: all 10 seasons verified as CORE,Reconciled Transaction Ledger & Primary Disclosures
MST-2015-0063,2015/16,notes,TRANSFER,TRANSFER_DERIVED_PROVENANCE.csv,notes,TRX-DER-2015-NOTES,Structured seasonal transfer audit summary string,Reconciled Transaction Ledger & Primary Disclosures
MST-2015-0064,2015/16,league_position,SPORTING,arsenal_sporting.csv,league_position,SPT-PROV-2015-001,Direct Ranking from Official Table,Primary Regulatory Record
MST-2015-0065,2015/16,points,SPORTING,arsenal_sporting.csv,points,SPT-PROV-2015-002,None (Directly Reported),Primary Regulatory Record
MST-2015-0066,2015/16,matches_played,SPORTING,arsenal_sporting.csv,matches_played,SPT-PROV-2015-003,None (Directly Reported),Primary Regulatory Record
MST-2015-0067,2015/16,wins,SPORTING,arsenal_sporting.csv,wins,SPT-PROV-2015-004,None (Directly Reported),Primary Regulatory Record
MST-2015-0068,2015/16,draws,SPORTING,arsenal_sporting.csv,draws,SPT-PROV-2015-005,None (Directly Reported),Primary Regulatory Record
MST-2015-0069,2015/16,losses,SPORTING,arsenal_sporting.csv,losses,SPT-PROV-2015-006,None (Directly Reported),Primary Regulatory Record
MST-2015-0070,2015/16,goals_for,SPORTING,arsenal_sporting.csv,goals_for,SPT-PROV-2015-007,None (Directly Reported),Primary Regulatory Record
MST-2015-0071,2015/16,goals_against,SPORTING,arsenal_sporting.csv,goals_against,SPT-PROV-2015-008,None (Directly Reported),Primary Regulatory Record
MST-2015-0072,2015/16,goal_difference,SPORTING,arsenal_sporting.csv,goal_difference,SPT-PROV-2015-009,goals_for - goals_against,Derived from Primary Inputs
MST-2015-0073,2015/16,ppg,SPORTING,arsenal_sporting.csv,ppg,SPT-PROV-2015-010,points / matches_played,Derived from Primary Inputs
MST-2015-0074,2015/16,fa_cup_stage,SPORTING,arsenal_sporting.csv,fa_cup_stage,SPT-PROV-2015-011,Direct Tournament Round Record,Primary Regulatory Record
MST-2015-0075,2015/16,fa_cup_matches,SPORTING,arsenal_sporting.csv,fa_cup_matches,SPT-PROV-2015-012,Direct Match Count,Primary Regulatory Record
MST-2015-0076,2015/16,fa_cup_wins,SPORTING,arsenal_sporting.csv,fa_cup_wins,SPT-PROV-2015-013,Direct Match Count,Primary Regulatory Record
MST-2015-0077,2015/16,fa_cup_draws,SPORTING,arsenal_sporting.csv,fa_cup_draws,SPT-PROV-2015-014,Direct Match Count,Primary Regulatory Record
MST-2015-0078,2015/16,fa_cup_losses,SPORTING,arsenal_sporting.csv,fa_cup_losses,SPT-PROV-2015-015,Direct Match Count,Primary Regulatory Record
MST-2015-0079,2015/16,fa_cup_goals_for,SPORTING,arsenal_sporting.csv,fa_cup_goals_for,SPT-PROV-2015-016,Direct Goal Sum,Primary Regulatory Record
MST-2015-0080,2015/16,fa_cup_goals_against,SPORTING,arsenal_sporting.csv,fa_cup_goals_against,SPT-PROV-2015-017,Direct Goal Sum,Primary Regulatory Record
MST-2015-0081,2015/16,fa_cup_trophy,SPORTING,arsenal_sporting.csv,fa_cup_trophy,SPT-PROV-2015-018,Direct Tournament Victory Record,Primary Regulatory Record
MST-2015-0082,2015/16,league_cup_stage,SPORTING,arsenal_sporting.csv,league_cup_stage,SPT-PROV-2015-019,Direct Tournament Round Record,Primary Regulatory Record
MST-2015-0083,2015/16,league_cup_matches,SPORTING,arsenal_sporting.csv,league_cup_matches,SPT-PROV-2015-020,Direct Match Count,Primary Regulatory Record
MST-2015-0084,2015/16,league_cup_wins,SPORTING,arsenal_sporting.csv,league_cup_wins,SPT-PROV-2015-021,Direct Match Count,Primary Regulatory Record
MST-2015-0085,2015/16,league_cup_draws,SPORTING,arsenal_sporting.csv,league_cup_draws,SPT-PROV-2015-022,Direct Match Count,Primary Regulatory Record
MST-2015-0086,2015/16,league_cup_losses,SPORTING,arsenal_sporting.csv,league_cup_losses,SPT-PROV-2015-023,Direct Match Count,Primary Regulatory Record
MST-2015-0087,2015/16,league_cup_goals_for,SPORTING,arsenal_sporting.csv,league_cup_goals_for,SPT-PROV-2015-024,Direct Goal Sum,Primary Regulatory Record
MST-2015-0088,2015/16,league_cup_goals_against,SPORTING,arsenal_sporting.csv,league_cup_goals_against,SPT-PROV-2015-025,Direct Goal Sum,Primary Regulatory Record
MST-2015-0089,2015/16,league_cup_trophy,SPORTING,arsenal_sporting.csv,league_cup_trophy,SPT-PROV-2015-026,Direct Tournament Victory Record,Primary Regulatory Record
MST-2015-0090,2015/16,europe_competition,SPORTING,arsenal_sporting.csv,europe_competition,SPT-PROV-2015-027,Direct UEFA Participation Record,Primary Regulatory Record
MST-2015-0091,2015/16,europe_stage,SPORTING,arsenal_sporting.csv,europe_stage,SPT-PROV-2015-028,Direct UEFA Round Record,Primary Regulatory Record
MST-2015-0092,2015/16,europe_matches,SPORTING,arsenal_sporting.csv,europe_matches,SPT-PROV-2015-029,Direct Match Count,Primary Regulatory Record
MST-2015-0093,2015/16,europe_wins,SPORTING,arsenal_sporting.csv,europe_wins,SPT-PROV-2015-030,Direct Match Count,Primary Regulatory Record
MST-2015-0094,2015/16,europe_draws,SPORTING,arsenal_sporting.csv,europe_draws,SPT-PROV-2015-031,Direct Match Count,Primary Regulatory Record
MST-2015-0095,2015/16,europe_losses,SPORTING,arsenal_sporting.csv,europe_losses,SPT-PROV-2015-032,Direct Match Count,Primary Regulatory Record
MST-2015-0096,2015/16,europe_goals_for,SPORTING,arsenal_sporting.csv,europe_goals_for,SPT-PROV-2015-033,Direct Goal Sum,Primary Regulatory Record
MST-2015-0097,2015/16,europe_goals_against,SPORTING,arsenal_sporting.csv,europe_goals_against,SPT-PROV-2015-034,Direct Goal Sum,Primary Regulatory Record
MST-2015-0098,2015/16,europe_trophy,SPORTING,arsenal_sporting.csv,europe_trophy,SPT-PROV-2015-035,Direct Tournament Victory Record,Primary Regulatory Record
MST-2015-0099,2015/16,xg,SPORTING,arsenal_sporting.csv,xg,SPT-PROV-2015-036,Direct Model Sum (Understat),Third-Party Analytics Model
MST-2015-0100,2015/16,xga,SPORTING,arsenal_sporting.csv,xga,SPT-PROV-2015-037,Direct Model Sum (Understat),Third-Party Analytics Model
MST-2015-0101,2015/16,xgd,SPORTING,arsenal_sporting.csv,xgd,SPT-PROV-2015-038,xg - xga,Derived from Third-Party Inputs
MST-2015-0102,2015/16,xpts,SPORTING,arsenal_sporting.csv,xpts,SPT-PROV-2015-039,Understat/model-derived metric,Third-Party Analytics Model
MST-2015-0103,2015/16,ppda,SPORTING,arsenal_sporting.csv,ppda,SPT-PROV-2015-040,Direct Model: sum(att) / sum(def),Third-Party Analytics Model
MST-2015-0104,2015/16,possession_pct,SPORTING,arsenal_sporting.csv,possession_pct,SPT-PROV-2015-041,Arithmetic mean: raw_possession / 38,Derived from Primary Inputs
MST-2015-0105,2015/16,shots,SPORTING,arsenal_sporting.csv,shots,SPT-PROV-2015-042,Direct: total_scoring_att,Primary Regulatory Record
MST-2015-0106,2015/16,shots_on_target,SPORTING,arsenal_sporting.csv,shots_on_target,SPT-PROV-2015-043,Direct: ontarget_scoring_att,Primary Regulatory Record
MST-2015-0107,2015/16,covid_disruption_flag,SPORTING,arsenal_sporting.csv,covid_disruption_flag,SPT-PROV-2015-044,Direct: Calendar Shock,Primary Regulatory Record
MST-2016-0108,2016/17,financial_year,FINANCIAL,arsenal_financials.csv,financial_year,FIN-FY2017-FOOTBA-0020,Direct Calendar Alignment (31 May),Audited Statutory Accounts (Companies House)
MST-2016-0109,2016/17,football_turnover,FINANCIAL,arsenal_financials.csv,football_turnover,FIN-FY2017-FOOTBA-0020,None (Directly Reported in £m),Primary Audited
MST-2016-0110,2016/17,total_turnover,FINANCIAL,arsenal_financials.csv,total_turnover,FIN-FY2017-TOTAL_-0021,None (Directly Reported in £m),Primary Audited
MST-2016-0111,2016/17,broadcast_revenue,FINANCIAL,arsenal_financials.csv,broadcast_revenue,FIN-FY2017-BROADC-0022,None (Directly Reported in £m),Primary Audited
MST-2016-0112,2016/17,commercial_revenue,FINANCIAL,arsenal_financials.csv,commercial_revenue,FIN-FY2017-COMMER-0023,None (Directly Reported in £m),Primary Audited
MST-2016-0113,2016/17,matchday_revenue,FINANCIAL,arsenal_financials.csv,matchday_revenue,FIN-FY2017-MATCHD-0024,None (Directly Reported in £m),Primary Audited
MST-2016-0114,2016/17,staff_costs,FINANCIAL,arsenal_financials.csv,staff_costs,FIN-FY2017-STAFF_-0025,None (Directly Reported in £m),Primary Audited
MST-2016-0115,2016/17,operating_expenses,FINANCIAL,arsenal_financials.csv,operating_expenses,FIN-FY2017-OPERAT-0026,None (Directly Reported in £m),Primary Audited
MST-2016-0116,2016/17,player_amortisation,FINANCIAL,arsenal_financials.csv,player_amortisation,FIN-FY2017-PLAYER-0027,None (Directly Reported in £m),Primary Audited
MST-2016-0117,2016/17,player_impairment,FINANCIAL,arsenal_financials.csv,player_impairment,FIN-FY2017-PLAYER-0028,None (Directly Reported in £m),Primary Audited
MST-2016-0118,2016/17,depreciation,FINANCIAL,arsenal_financials.csv,depreciation,FIN-FY2017-DEPREC-0029,None (Directly Reported in £m),Primary Audited
MST-2016-0119,2016/17,operating_profit_loss,FINANCIAL,arsenal_financials.csv,operating_profit_loss,FIN-FY2017-OPERAT-0030,None (Directly Reported in £m),Primary Audited
MST-2016-0120,2016/17,net_profit_loss,FINANCIAL,arsenal_financials.csv,net_profit_loss,FIN-FY2017-NET_PR-0031,None (Directly Reported in £m),Primary Audited
MST-2016-0121,2016/17,cash,FINANCIAL,arsenal_financials.csv,cash,FIN-FY2017-CASH-0032,None (Directly Reported in £m),Primary Audited
MST-2016-0122,2016/17,gross_debt,FINANCIAL,arsenal_financials.csv,gross_debt,FIN-FY2017-GROSS_-0033,None (Directly Reported in £m),Primary Audited
MST-2016-0123,2016/17,net_debt,FINANCIAL,arsenal_financials.csv,net_debt,FIN-FY2017-NET_DE-0034,gross_debt - cash,Primary Audited
MST-2016-0124,2016/17,net_finance_costs,FINANCIAL,arsenal_financials.csv,net_finance_costs,FIN-FY2017-NET_FI-0035,None (Directly Reported in £m),Primary Audited
MST-2016-0125,2016/17,profit_on_player_disposals,FINANCIAL,arsenal_financials.csv,profit_on_player_disposals,FIN-FY2017-PROFIT-0036,None (Directly Reported in £m),Primary Audited
MST-2016-0126,2016/17,player_registration_additions,FINANCIAL,arsenal_financials.csv,player_registration_additions,FIN-FY2017-PLAYER-0037,None (Directly Reported in £m),Primary Audited
MST-2016-0127,2016/17,player_registration_nbv,FINANCIAL,arsenal_financials.csv,player_registration_nbv,FIN-FY2017-PLAYER-0038,None (Directly Reported in £m),Primary Audited
MST-2016-0128,2016/17,revenue_growth_pct,FINANCIAL,arsenal_financials.csv,revenue_growth_pct,DER-FY2017-REVENU-0201,((football_turnover_t - football_turnover_{t-1}) / football_turnover_{t-1}) * 100,Derived Analytical
MST-2016-0129,2016/17,commercial_share_pct,FINANCIAL,arsenal_financials.csv,commercial_share_pct,DER-FY2017-COMMER-0202,(commercial_revenue / football_turnover) * 100,Derived Analytical
MST-2016-0130,2016/17,broadcast_share_pct,FINANCIAL,arsenal_financials.csv,broadcast_share_pct,DER-FY2017-BROADC-0203,(broadcast_revenue / football_turnover) * 100,Derived Analytical
MST-2016-0131,2016/17,matchday_share_pct,FINANCIAL,arsenal_financials.csv,matchday_share_pct,DER-FY2017-MATCHD-0204,(matchday_revenue / football_turnover) * 100,Derived Analytical
MST-2016-0132,2016/17,wage_to_revenue_pct,FINANCIAL,arsenal_financials.csv,wage_to_revenue_pct,DER-FY2017-WAGE_T-0205,(staff_costs / football_turnover) * 100,Derived Analytical
MST-2016-0133,2016/17,operating_margin_pct,FINANCIAL,arsenal_financials.csv,operating_margin_pct,DER-FY2017-OPERAT-0206,(operating_profit_loss / football_turnover) * 100,Derived Analytical
MST-2016-0134,2016/17,net_margin_pct,FINANCIAL,arsenal_financials.csv,net_margin_pct,DER-FY2017-NET_MA-0207,(net_profit_loss / football_turnover) * 100,Derived Analytical
MST-2016-0135,2016/17,net_debt_to_revenue_pct,FINANCIAL,arsenal_financials.csv,net_debt_to_revenue_pct,DER-FY2017-NET_DE-0208,(net_debt / football_turnover) * 100,Derived Analytical
MST-2016-0136,2016/17,net_finance_cost_to_revenue_pct,FINANCIAL,arsenal_financials.csv,net_finance_cost_to_revenue_pct,DER-FY2017-NET_FI-0209,(net_finance_costs / football_turnover) * 100,Derived Analytical
MST-2016-0137,2016/17,amortisation_to_revenue_pct,FINANCIAL,arsenal_financials.csv,amortisation_to_revenue_pct,DER-FY2017-AMORTI-0210,(player_amortisation / football_turnover) * 100,Derived Analytical
MST-2016-0138,2016/17,permanent_gross_transfer_spend,TRANSFER,arsenal_transfers.csv,permanent_gross_transfer_spend,TRX-201617-IN-003; TRX-201617-IN-004; TRX-201617-IN-005; TRX-201617-IN-006; TRX-201617-IN-007,sum(fee_gbp) for permanent incoming transfers,Reconciled Transaction Ledger & Primary Disclosures
MST-2016-0139,2016/17,loan_fee_spend,TRANSFER,TRANSFER_DERIVED_PROVENANCE.csv,loan_fee_spend,TRX-DER-2016-LOAN_SPEND,sum(fee_gbp) for loan incoming transfers,Reconciled Transaction Ledger & Primary Disclosures
MST-2016-0140,2016/17,total_transfer_consideration,TRANSFER,TRANSFER_DERIVED_PROVENANCE.csv,total_transfer_consideration,TRX-DER-2016-TOTAL_CONSID,permanent_gross_transfer_spend + loan_fee_spend,Reconciled Transaction Ledger & Primary Disclosures
MST-2016-0141,2016/17,permanent_transfer_income,TRANSFER,arsenal_transfers.csv,permanent_transfer_income,TRX-201617-OUT-006; TRX-201617-OUT-007; TRX-201617-OUT-008; TRX-201617-OUT-009; TRX-201617-OUT-010,sum(fee_gbp) for permanent outgoing transfers,Reconciled Transaction Ledger & Primary Disclosures
MST-2016-0142,2016/17,loan_income,TRANSFER,arsenal_transfers.csv,loan_income,TRX-201617-OUT-011,sum(fee_gbp) for loan outgoing transfers,Reconciled Transaction Ledger & Primary Disclosures
MST-2016-0143,2016/17,total_transfer_income,TRANSFER,TRANSFER_DERIVED_PROVENANCE.csv,total_transfer_income,TRX-DER-2016-TOTAL_INCOME,permanent_transfer_income + loan_income,Reconciled Transaction Ledger & Primary Disclosures
MST-2016-0144,2016/17,permanent_net_transfer_spend,TRANSFER,TRANSFER_DERIVED_PROVENANCE.csv,permanent_net_transfer_spend,TRX-DER-2016-PERM_NET,permanent_gross_transfer_spend - permanent_transfer_income,Reconciled Transaction Ledger & Primary Disclosures
MST-2016-0145,2016/17,total_net_transfer_consideration,TRANSFER,TRANSFER_DERIVED_PROVENANCE.csv,total_net_transfer_consideration,TRX-DER-2016-TOTAL_NET,total_transfer_consideration - total_transfer_income,Reconciled Transaction Ledger & Primary Disclosures
MST-2016-0146,2016/17,primary_transfer_spend_to_revenue_pct,TRANSFER,TRANSFER_DERIVED_PROVENANCE.csv,primary_transfer_spend_to_revenue_pct,TRX-DER-2016-PRIM_SPEND_REV,(permanent_gross_transfer_spend / football_turnover) * 100,Reconciled Transaction Ledger & Primary Disclosures
MST-2016-0147,2016/17,total_spend_to_revenue_pct,TRANSFER,TRANSFER_DERIVED_PROVENANCE.csv,total_spend_to_revenue_pct,TRX-DER-2016-TOT_SPEND_REV,(total_transfer_consideration / football_turnover) * 100,Reconciled Transaction Ledger & Primary Disclosures
MST-2016-0148,2016/17,permanent_net_spend_to_revenue_pct,TRANSFER,TRANSFER_DERIVED_PROVENANCE.csv,permanent_net_spend_to_revenue_pct,TRX-DER-2016-PERM_NET_REV,(permanent_net_transfer_spend / football_turnover) * 100,Reconciled Transaction Ledger & Primary Disclosures
MST-2016-0149,2016/17,total_net_spend_to_revenue_pct,TRANSFER,TRANSFER_DERIVED_PROVENANCE.csv,total_net_spend_to_revenue_pct,TRX-DER-2016-TOT_NET_REV,(total_net_transfer_consideration / football_turnover) * 100,Reconciled Transaction Ledger & Primary Disclosures
MST-2016-0150,2016/17,upper_bound_permanent_spend,TRANSFER,arsenal_transfers.csv,upper_bound_permanent_spend,TRX-201617-IN-003; TRX-201617-IN-004; TRX-201617-IN-005; TRX-201617-IN-006; TRX-201617-IN-007,sum(fee_gbp + add_on_fee) for permanent incoming,Reconciled Transaction Ledger & Primary Disclosures
MST-2016-0151,2016/17,upper_bound_total_consideration,TRANSFER,arsenal_transfers.csv,upper_bound_total_consideration,TRX-201617-IN-003; TRX-201617-IN-004; TRX-201617-IN-005; TRX-201617-IN-006; TRX-201617-IN-007,sum(fee_gbp + add_on_fee) for all incoming,Reconciled Transaction Ledger & Primary Disclosures
MST-2016-0152,2016/17,spend_add_on_differential,TRANSFER,TRANSFER_DERIVED_PROVENANCE.csv,spend_add_on_differential,TRX-DER-2016-SPEND_DIFF,upper_bound_permanent_spend - permanent_gross_transfer_spend,Reconciled Transaction Ledger & Primary Disclosures
MST-2016-0153,2016/17,spend_sensitivity_pct,TRANSFER,TRANSFER_DERIVED_PROVENANCE.csv,spend_sensitivity_pct,TRX-DER-2016-SPEND_SENS_PCT,(spend_add_on_differential / permanent_gross_transfer_spend) * 100,Reconciled Transaction Ledger & Primary Disclosures
MST-2016-0154,2016/17,transaction_count,TRANSFER,arsenal_transfers.csv,transaction_count,TRX-201617-IN-003; TRX-201617-IN-004; TRX-201617-IN-005; TRX-201617-IN-006; TRX-201617-IN-007; TRX-201617-OUT-006; TRX-201617-OUT-007; TRX-201617-OUT-008; TRX-201617-OUT-009; TRX-201617-OUT-010; TRX-201617-OUT-011,count of all transactions in season,Reconciled Transaction Ledger & Primary Disclosures
MST-2016-0155,2016/17,incoming_count,TRANSFER,arsenal_transfers.csv,incoming_count,TRX-201617-IN-003; TRX-201617-IN-004; TRX-201617-IN-005; TRX-201617-IN-006; TRX-201617-IN-007,count of incoming transactions in season,Reconciled Transaction Ledger & Primary Disclosures
MST-2016-0156,2016/17,outgoing_count,TRANSFER,arsenal_transfers.csv,outgoing_count,TRX-201617-OUT-006; TRX-201617-OUT-007; TRX-201617-OUT-008; TRX-201617-OUT-009; TRX-201617-OUT-010; TRX-201617-OUT-011,count of outgoing transactions in season,Reconciled Transaction Ledger & Primary Disclosures
MST-2016-0157,2016/17,permanent_count,TRANSFER,arsenal_transfers.csv,permanent_count,TRX-201617-IN-003; TRX-201617-IN-004; TRX-201617-IN-005; TRX-201617-IN-006; TRX-201617-IN-007; TRX-201617-OUT-006; TRX-201617-OUT-007; TRX-201617-OUT-008; TRX-201617-OUT-009; TRX-201617-OUT-010,count of permanent transactions in season,Reconciled Transaction Ledger & Primary Disclosures
MST-2016-0158,2016/17,loan_count,TRANSFER,arsenal_transfers.csv,loan_count,TRX-201617-OUT-011,count of temporary loan arrangements in season,Reconciled Transaction Ledger & Primary Disclosures
MST-2016-0159,2016/17,exact_fee_count,TRANSFER,arsenal_transfers.csv,exact_fee_count,TRX-201617-IN-006,count where fee_value_status == 'EXACT',Reconciled Transaction Ledger & Primary Disclosures
MST-2016-0160,2016/17,estimated_fee_count,TRANSFER,arsenal_transfers.csv,estimated_fee_count,TRX-201617-IN-003; TRX-201617-IN-004; TRX-201617-IN-005; TRX-201617-IN-007; TRX-201617-OUT-006; TRX-201617-OUT-007,"count where fee_value_status in {'ESTIMATED', 'BASE_PLUS_ADDONS'}",Reconciled Transaction Ledger & Primary Disclosures
MST-2016-0161,2016/17,undisclosed_fee_count,TRANSFER,arsenal_transfers.csv,undisclosed_fee_count,TRX-201617-IN-003; TRX-201617-IN-004; TRX-201617-IN-005; TRX-201617-IN-007; TRX-201617-OUT-006; TRX-201617-OUT-007; TRX-201617-OUT-011,count where fee_disclosure_status == 'UNDISCLOSED',Reconciled Transaction Ledger & Primary Disclosures
MST-2016-0162,2016/17,zero_free_count,TRANSFER,arsenal_transfers.csv,zero_free_count,TRX-201617-OUT-008; TRX-201617-OUT-009; TRX-201617-OUT-010,count where fee_value_status == 'ZERO',Reconciled Transaction Ledger & Primary Disclosures
MST-2016-0163,2016/17,loan_fee_count,TRANSFER,arsenal_transfers.csv,loan_fee_count,TRX-201617-OUT-011,count where fee_value_status == 'LOAN_FEE',Reconciled Transaction Ledger & Primary Disclosures
MST-2016-0164,2016/17,transaction_coverage_pct,TRANSFER,TRANSFER_DERIVED_PROVENANCE.csv,transaction_coverage_pct,TRX-DER-2016-TRX_COV_PCT,(verified_transactions / identified_total) * 100,Reconciled Transaction Ledger & Primary Disclosures
MST-2016-0165,2016/17,numerical_fee_coverage_pct,TRANSFER,TRANSFER_DERIVED_PROVENANCE.csv,numerical_fee_coverage_pct,TRX-DER-2016-NUM_COV_PCT,(numerical_fees / non_free_transactions) * 100,Reconciled Transaction Ledger & Primary Disclosures
MST-2016-0166,2016/17,exact_fee_coverage_pct,TRANSFER,TRANSFER_DERIVED_PROVENANCE.csv,exact_fee_coverage_pct,TRX-DER-2016-EXACT_COV_PCT,(exact_fee_count / transaction_count) * 100,Reconciled Transaction Ledger & Primary Disclosures
MST-2016-0167,2016/17,primary_fee_coverage_pct,TRANSFER,TRANSFER_DERIVED_PROVENANCE.csv,primary_fee_coverage_pct,TRX-DER-2016-PRIM_COV_PCT,((exact_fee_count + zero_free_count) / transaction_count) * 100,Reconciled Transaction Ledger & Primary Disclosures
MST-2016-0168,2016/17,estimated_value_share_pct,TRANSFER,TRANSFER_DERIVED_PROVENANCE.csv,estimated_value_share_pct,TRX-DER-2016-EST_VAL_SHARE,(estimated_consideration / total_season_consideration) * 100,Reconciled Transaction Ledger & Primary Disclosures
MST-2016-0169,2016/17,classification,TRANSFER,TRANSFER_DERIVED_PROVENANCE.csv,classification,TRX-DER-2016-CLASS,Structural classification: all 10 seasons verified as CORE,Reconciled Transaction Ledger & Primary Disclosures
MST-2016-0170,2016/17,notes,TRANSFER,TRANSFER_DERIVED_PROVENANCE.csv,notes,TRX-DER-2016-NOTES,Structured seasonal transfer audit summary string,Reconciled Transaction Ledger & Primary Disclosures
MST-2016-0171,2016/17,league_position,SPORTING,arsenal_sporting.csv,league_position,SPT-PROV-2016-045,Direct Ranking from Official Table,Primary Regulatory Record
MST-2016-0172,2016/17,points,SPORTING,arsenal_sporting.csv,points,SPT-PROV-2016-046,None (Directly Reported),Primary Regulatory Record
MST-2016-0173,2016/17,matches_played,SPORTING,arsenal_sporting.csv,matches_played,SPT-PROV-2016-047,None (Directly Reported),Primary Regulatory Record
MST-2016-0174,2016/17,wins,SPORTING,arsenal_sporting.csv,wins,SPT-PROV-2016-048,None (Directly Reported),Primary Regulatory Record
MST-2016-0175,2016/17,draws,SPORTING,arsenal_sporting.csv,draws,SPT-PROV-2016-049,None (Directly Reported),Primary Regulatory Record
MST-2016-0176,2016/17,losses,SPORTING,arsenal_sporting.csv,losses,SPT-PROV-2016-050,None (Directly Reported),Primary Regulatory Record
MST-2016-0177,2016/17,goals_for,SPORTING,arsenal_sporting.csv,goals_for,SPT-PROV-2016-051,None (Directly Reported),Primary Regulatory Record
MST-2016-0178,2016/17,goals_against,SPORTING,arsenal_sporting.csv,goals_against,SPT-PROV-2016-052,None (Directly Reported),Primary Regulatory Record
MST-2016-0179,2016/17,goal_difference,SPORTING,arsenal_sporting.csv,goal_difference,SPT-PROV-2016-053,goals_for - goals_against,Derived from Primary Inputs
MST-2016-0180,2016/17,ppg,SPORTING,arsenal_sporting.csv,ppg,SPT-PROV-2016-054,points / matches_played,Derived from Primary Inputs
MST-2016-0181,2016/17,fa_cup_stage,SPORTING,arsenal_sporting.csv,fa_cup_stage,SPT-PROV-2016-055,Direct Tournament Round Record,Primary Regulatory Record
MST-2016-0182,2016/17,fa_cup_matches,SPORTING,arsenal_sporting.csv,fa_cup_matches,SPT-PROV-2016-056,Direct Match Count,Primary Regulatory Record
MST-2016-0183,2016/17,fa_cup_wins,SPORTING,arsenal_sporting.csv,fa_cup_wins,SPT-PROV-2016-057,Direct Match Count,Primary Regulatory Record
MST-2016-0184,2016/17,fa_cup_draws,SPORTING,arsenal_sporting.csv,fa_cup_draws,SPT-PROV-2016-058,Direct Match Count,Primary Regulatory Record
MST-2016-0185,2016/17,fa_cup_losses,SPORTING,arsenal_sporting.csv,fa_cup_losses,SPT-PROV-2016-059,Direct Match Count,Primary Regulatory Record
MST-2016-0186,2016/17,fa_cup_goals_for,SPORTING,arsenal_sporting.csv,fa_cup_goals_for,SPT-PROV-2016-060,Direct Goal Sum,Primary Regulatory Record
MST-2016-0187,2016/17,fa_cup_goals_against,SPORTING,arsenal_sporting.csv,fa_cup_goals_against,SPT-PROV-2016-061,Direct Goal Sum,Primary Regulatory Record
MST-2016-0188,2016/17,fa_cup_trophy,SPORTING,arsenal_sporting.csv,fa_cup_trophy,SPT-PROV-2016-062,Direct Tournament Victory Record,Primary Regulatory Record
MST-2016-0189,2016/17,league_cup_stage,SPORTING,arsenal_sporting.csv,league_cup_stage,SPT-PROV-2016-063,Direct Tournament Round Record,Primary Regulatory Record
MST-2016-0190,2016/17,league_cup_matches,SPORTING,arsenal_sporting.csv,league_cup_matches,SPT-PROV-2016-064,Direct Match Count,Primary Regulatory Record
MST-2016-0191,2016/17,league_cup_wins,SPORTING,arsenal_sporting.csv,league_cup_wins,SPT-PROV-2016-065,Direct Match Count,Primary Regulatory Record
MST-2016-0192,2016/17,league_cup_draws,SPORTING,arsenal_sporting.csv,league_cup_draws,SPT-PROV-2016-066,Direct Match Count,Primary Regulatory Record
MST-2016-0193,2016/17,league_cup_losses,SPORTING,arsenal_sporting.csv,league_cup_losses,SPT-PROV-2016-067,Direct Match Count,Primary Regulatory Record
MST-2016-0194,2016/17,league_cup_goals_for,SPORTING,arsenal_sporting.csv,league_cup_goals_for,SPT-PROV-2016-068,Direct Goal Sum,Primary Regulatory Record
MST-2016-0195,2016/17,league_cup_goals_against,SPORTING,arsenal_sporting.csv,league_cup_goals_against,SPT-PROV-2016-069,Direct Goal Sum,Primary Regulatory Record
MST-2016-0196,2016/17,league_cup_trophy,SPORTING,arsenal_sporting.csv,league_cup_trophy,SPT-PROV-2016-070,Direct Tournament Victory Record,Primary Regulatory Record
MST-2016-0197,2016/17,europe_competition,SPORTING,arsenal_sporting.csv,europe_competition,SPT-PROV-2016-071,Direct UEFA Participation Record,Primary Regulatory Record
MST-2016-0198,2016/17,europe_stage,SPORTING,arsenal_sporting.csv,europe_stage,SPT-PROV-2016-072,Direct UEFA Round Record,Primary Regulatory Record
MST-2016-0199,2016/17,europe_matches,SPORTING,arsenal_sporting.csv,europe_matches,SPT-PROV-2016-073,Direct Match Count,Primary Regulatory Record
MST-2016-0200,2016/17,europe_wins,SPORTING,arsenal_sporting.csv,europe_wins,SPT-PROV-2016-074,Direct Match Count,Primary Regulatory Record
MST-2016-0201,2016/17,europe_draws,SPORTING,arsenal_sporting.csv,europe_draws,SPT-PROV-2016-075,Direct Match Count,Primary Regulatory Record
MST-2016-0202,2016/17,europe_losses,SPORTING,arsenal_sporting.csv,europe_losses,SPT-PROV-2016-076,Direct Match Count,Primary Regulatory Record
MST-2016-0203,2016/17,europe_goals_for,SPORTING,arsenal_sporting.csv,europe_goals_for,SPT-PROV-2016-077,Direct Goal Sum,Primary Regulatory Record
MST-2016-0204,2016/17,europe_goals_against,SPORTING,arsenal_sporting.csv,europe_goals_against,SPT-PROV-2016-078,Direct Goal Sum,Primary Regulatory Record
MST-2016-0205,2016/17,europe_trophy,SPORTING,arsenal_sporting.csv,europe_trophy,SPT-PROV-2016-079,Direct Tournament Victory Record,Primary Regulatory Record
MST-2016-0206,2016/17,xg,SPORTING,arsenal_sporting.csv,xg,SPT-PROV-2016-080,Direct Model Sum (Understat),Third-Party Analytics Model
MST-2016-0207,2016/17,xga,SPORTING,arsenal_sporting.csv,xga,SPT-PROV-2016-081,Direct Model Sum (Understat),Third-Party Analytics Model
MST-2016-0208,2016/17,xgd,SPORTING,arsenal_sporting.csv,xgd,SPT-PROV-2016-082,xg - xga,Derived from Third-Party Inputs
MST-2016-0209,2016/17,xpts,SPORTING,arsenal_sporting.csv,xpts,SPT-PROV-2016-083,Understat/model-derived metric,Third-Party Analytics Model
MST-2016-0210,2016/17,ppda,SPORTING,arsenal_sporting.csv,ppda,SPT-PROV-2016-084,Direct Model: sum(att) / sum(def),Third-Party Analytics Model
MST-2016-0211,2016/17,possession_pct,SPORTING,arsenal_sporting.csv,possession_pct,SPT-PROV-2016-085,Arithmetic mean: raw_possession / 38,Derived from Primary Inputs
MST-2016-0212,2016/17,shots,SPORTING,arsenal_sporting.csv,shots,SPT-PROV-2016-086,Direct: total_scoring_att,Primary Regulatory Record
MST-2016-0213,2016/17,shots_on_target,SPORTING,arsenal_sporting.csv,shots_on_target,SPT-PROV-2016-087,Direct: ontarget_scoring_att,Primary Regulatory Record
MST-2016-0214,2016/17,covid_disruption_flag,SPORTING,arsenal_sporting.csv,covid_disruption_flag,SPT-PROV-2016-088,Direct: Calendar Shock,Primary Regulatory Record
MST-2017-0215,2017/18,financial_year,FINANCIAL,arsenal_financials.csv,financial_year,FIN-FY2018-FOOTBA-0039,Direct Calendar Alignment (31 May),Audited Statutory Accounts (Companies House)
MST-2017-0216,2017/18,football_turnover,FINANCIAL,arsenal_financials.csv,football_turnover,FIN-FY2018-FOOTBA-0039,None (Directly Reported in £m),Primary Audited
MST-2017-0217,2017/18,total_turnover,FINANCIAL,arsenal_financials.csv,total_turnover,FIN-FY2018-TOTAL_-0040,None (Directly Reported in £m),Primary Audited
MST-2017-0218,2017/18,broadcast_revenue,FINANCIAL,arsenal_financials.csv,broadcast_revenue,FIN-FY2018-BROADC-0041,None (Directly Reported in £m),Primary Audited
MST-2017-0219,2017/18,commercial_revenue,FINANCIAL,arsenal_financials.csv,commercial_revenue,FIN-FY2018-COMMER-0042,None (Directly Reported in £m),Primary Audited
MST-2017-0220,2017/18,matchday_revenue,FINANCIAL,arsenal_financials.csv,matchday_revenue,FIN-FY2018-MATCHD-0043,None (Directly Reported in £m),Primary Audited
MST-2017-0221,2017/18,staff_costs,FINANCIAL,arsenal_financials.csv,staff_costs,FIN-FY2018-STAFF_-0044,None (Directly Reported in £m),Primary Audited
MST-2017-0222,2017/18,operating_expenses,FINANCIAL,arsenal_financials.csv,operating_expenses,FIN-FY2018-OPERAT-0045,None (Directly Reported in £m),Primary Audited
MST-2017-0223,2017/18,player_amortisation,FINANCIAL,arsenal_financials.csv,player_amortisation,FIN-FY2018-PLAYER-0046,None (Directly Reported in £m),Primary Audited
MST-2017-0224,2017/18,player_impairment,FINANCIAL,arsenal_financials.csv,player_impairment,FIN-FY2018-PLAYER-0047,None (Directly Reported in £m),Primary Audited
MST-2017-0225,2017/18,depreciation,FINANCIAL,arsenal_financials.csv,depreciation,FIN-FY2018-DEPREC-0048,None (Directly Reported in £m),Primary Audited
MST-2017-0226,2017/18,operating_profit_loss,FINANCIAL,arsenal_financials.csv,operating_profit_loss,FIN-FY2018-OPERAT-0049,None (Directly Reported in £m),Primary Audited
MST-2017-0227,2017/18,net_profit_loss,FINANCIAL,arsenal_financials.csv,net_profit_loss,FIN-FY2018-NET_PR-0050,None (Directly Reported in £m),Primary Audited
MST-2017-0228,2017/18,cash,FINANCIAL,arsenal_financials.csv,cash,FIN-FY2018-CASH-0051,None (Directly Reported in £m),Primary Audited
MST-2017-0229,2017/18,gross_debt,FINANCIAL,arsenal_financials.csv,gross_debt,FIN-FY2018-GROSS_-0052,None (Directly Reported in £m),Primary Audited
MST-2017-0230,2017/18,net_debt,FINANCIAL,arsenal_financials.csv,net_debt,FIN-FY2018-NET_DE-0053,gross_debt - cash,Primary Audited
MST-2017-0231,2017/18,net_finance_costs,FINANCIAL,arsenal_financials.csv,net_finance_costs,FIN-FY2018-NET_FI-0054,None (Directly Reported in £m),Primary Audited
MST-2017-0232,2017/18,profit_on_player_disposals,FINANCIAL,arsenal_financials.csv,profit_on_player_disposals,FIN-FY2018-PROFIT-0055,None (Directly Reported in £m),Primary Audited
MST-2017-0233,2017/18,player_registration_additions,FINANCIAL,arsenal_financials.csv,player_registration_additions,FIN-FY2018-PLAYER-0056,None (Directly Reported in £m),Primary Audited
MST-2017-0234,2017/18,player_registration_nbv,FINANCIAL,arsenal_financials.csv,player_registration_nbv,FIN-FY2018-PLAYER-0057,None (Directly Reported in £m),Primary Audited
MST-2017-0235,2017/18,revenue_growth_pct,FINANCIAL,arsenal_financials.csv,revenue_growth_pct,DER-FY2018-REVENU-0211,((football_turnover_t - football_turnover_{t-1}) / football_turnover_{t-1}) * 100,Derived Analytical
MST-2017-0236,2017/18,commercial_share_pct,FINANCIAL,arsenal_financials.csv,commercial_share_pct,DER-FY2018-COMMER-0212,(commercial_revenue / football_turnover) * 100,Derived Analytical
MST-2017-0237,2017/18,broadcast_share_pct,FINANCIAL,arsenal_financials.csv,broadcast_share_pct,DER-FY2018-BROADC-0213,(broadcast_revenue / football_turnover) * 100,Derived Analytical
MST-2017-0238,2017/18,matchday_share_pct,FINANCIAL,arsenal_financials.csv,matchday_share_pct,DER-FY2018-MATCHD-0214,(matchday_revenue / football_turnover) * 100,Derived Analytical
MST-2017-0239,2017/18,wage_to_revenue_pct,FINANCIAL,arsenal_financials.csv,wage_to_revenue_pct,DER-FY2018-WAGE_T-0215,(staff_costs / football_turnover) * 100,Derived Analytical
MST-2017-0240,2017/18,operating_margin_pct,FINANCIAL,arsenal_financials.csv,operating_margin_pct,DER-FY2018-OPERAT-0216,(operating_profit_loss / football_turnover) * 100,Derived Analytical
MST-2017-0241,2017/18,net_margin_pct,FINANCIAL,arsenal_financials.csv,net_margin_pct,DER-FY2018-NET_MA-0217,(net_profit_loss / football_turnover) * 100,Derived Analytical
MST-2017-0242,2017/18,net_debt_to_revenue_pct,FINANCIAL,arsenal_financials.csv,net_debt_to_revenue_pct,DER-FY2018-NET_DE-0218,(net_debt / football_turnover) * 100,Derived Analytical
MST-2017-0243,2017/18,net_finance_cost_to_revenue_pct,FINANCIAL,arsenal_financials.csv,net_finance_cost_to_revenue_pct,DER-FY2018-NET_FI-0219,(net_finance_costs / football_turnover) * 100,Derived Analytical
MST-2017-0244,2017/18,amortisation_to_revenue_pct,FINANCIAL,arsenal_financials.csv,amortisation_to_revenue_pct,DER-FY2018-AMORTI-0220,(player_amortisation / football_turnover) * 100,Derived Analytical
MST-2017-0245,2017/18,permanent_gross_transfer_spend,TRANSFER,arsenal_transfers.csv,permanent_gross_transfer_spend,TRX-201718-IN-008; TRX-201718-IN-009; TRX-201718-IN-010; TRX-201718-IN-011; TRX-201718-IN-012,sum(fee_gbp) for permanent incoming transfers,Reconciled Transaction Ledger & Primary Disclosures
MST-2017-0246,2017/18,loan_fee_spend,TRANSFER,TRANSFER_DERIVED_PROVENANCE.csv,loan_fee_spend,TRX-DER-2017-LOAN_SPEND,sum(fee_gbp) for loan incoming transfers,Reconciled Transaction Ledger & Primary Disclosures
MST-2017-0247,2017/18,total_transfer_consideration,TRANSFER,TRANSFER_DERIVED_PROVENANCE.csv,total_transfer_consideration,TRX-DER-2017-TOTAL_CONSID,permanent_gross_transfer_spend + loan_fee_spend,Reconciled Transaction Ledger & Primary Disclosures
MST-2017-0248,2017/18,permanent_transfer_income,TRANSFER,arsenal_transfers.csv,permanent_transfer_income,TRX-201718-OUT-012; TRX-201718-OUT-013; TRX-201718-OUT-014; TRX-201718-OUT-015; TRX-201718-OUT-016; TRX-201718-OUT-017; TRX-201718-OUT-018; TRX-201718-OUT-019; TRX-201718-OUT-020,sum(fee_gbp) for permanent outgoing transfers,Reconciled Transaction Ledger & Primary Disclosures
MST-2017-0249,2017/18,loan_income,TRANSFER,TRANSFER_DERIVED_PROVENANCE.csv,loan_income,TRX-DER-2017-LOAN_INCOME,sum(fee_gbp) for loan outgoing transfers,Reconciled Transaction Ledger & Primary Disclosures
MST-2017-0250,2017/18,total_transfer_income,TRANSFER,TRANSFER_DERIVED_PROVENANCE.csv,total_transfer_income,TRX-DER-2017-TOTAL_INCOME,permanent_transfer_income + loan_income,Reconciled Transaction Ledger & Primary Disclosures
MST-2017-0251,2017/18,permanent_net_transfer_spend,TRANSFER,TRANSFER_DERIVED_PROVENANCE.csv,permanent_net_transfer_spend,TRX-DER-2017-PERM_NET,permanent_gross_transfer_spend - permanent_transfer_income,Reconciled Transaction Ledger & Primary Disclosures
MST-2017-0252,2017/18,total_net_transfer_consideration,TRANSFER,TRANSFER_DERIVED_PROVENANCE.csv,total_net_transfer_consideration,TRX-DER-2017-TOTAL_NET,total_transfer_consideration - total_transfer_income,Reconciled Transaction Ledger & Primary Disclosures
MST-2017-0253,2017/18,primary_transfer_spend_to_revenue_pct,TRANSFER,TRANSFER_DERIVED_PROVENANCE.csv,primary_transfer_spend_to_revenue_pct,TRX-DER-2017-PRIM_SPEND_REV,(permanent_gross_transfer_spend / football_turnover) * 100,Reconciled Transaction Ledger & Primary Disclosures
MST-2017-0254,2017/18,total_spend_to_revenue_pct,TRANSFER,TRANSFER_DERIVED_PROVENANCE.csv,total_spend_to_revenue_pct,TRX-DER-2017-TOT_SPEND_REV,(total_transfer_consideration / football_turnover) * 100,Reconciled Transaction Ledger & Primary Disclosures
MST-2017-0255,2017/18,permanent_net_spend_to_revenue_pct,TRANSFER,TRANSFER_DERIVED_PROVENANCE.csv,permanent_net_spend_to_revenue_pct,TRX-DER-2017-PERM_NET_REV,(permanent_net_transfer_spend / football_turnover) * 100,Reconciled Transaction Ledger & Primary Disclosures
MST-2017-0256,2017/18,total_net_spend_to_revenue_pct,TRANSFER,TRANSFER_DERIVED_PROVENANCE.csv,total_net_spend_to_revenue_pct,TRX-DER-2017-TOT_NET_REV,(total_net_transfer_consideration / football_turnover) * 100,Reconciled Transaction Ledger & Primary Disclosures
MST-2017-0257,2017/18,upper_bound_permanent_spend,TRANSFER,arsenal_transfers.csv,upper_bound_permanent_spend,TRX-201718-IN-008; TRX-201718-IN-009; TRX-201718-IN-010; TRX-201718-IN-011; TRX-201718-IN-012,sum(fee_gbp + add_on_fee) for permanent incoming,Reconciled Transaction Ledger & Primary Disclosures
MST-2017-0258,2017/18,upper_bound_total_consideration,TRANSFER,arsenal_transfers.csv,upper_bound_total_consideration,TRX-201718-IN-008; TRX-201718-IN-009; TRX-201718-IN-010; TRX-201718-IN-011; TRX-201718-IN-012,sum(fee_gbp + add_on_fee) for all incoming,Reconciled Transaction Ledger & Primary Disclosures
MST-2017-0259,2017/18,spend_add_on_differential,TRANSFER,TRANSFER_DERIVED_PROVENANCE.csv,spend_add_on_differential,TRX-DER-2017-SPEND_DIFF,upper_bound_permanent_spend - permanent_gross_transfer_spend,Reconciled Transaction Ledger & Primary Disclosures
MST-2017-0260,2017/18,spend_sensitivity_pct,TRANSFER,TRANSFER_DERIVED_PROVENANCE.csv,spend_sensitivity_pct,TRX-DER-2017-SPEND_SENS_PCT,(spend_add_on_differential / permanent_gross_transfer_spend) * 100,Reconciled Transaction Ledger & Primary Disclosures
MST-2017-0261,2017/18,transaction_count,TRANSFER,arsenal_transfers.csv,transaction_count,TRX-201718-IN-008; TRX-201718-IN-009; TRX-201718-IN-010; TRX-201718-IN-011; TRX-201718-IN-012; TRX-201718-OUT-012; TRX-201718-OUT-013; TRX-201718-OUT-014; TRX-201718-OUT-015; TRX-201718-OUT-016; TRX-201718-OUT-017; TRX-201718-OUT-018; TRX-201718-OUT-019; TRX-201718-OUT-020,count of all transactions in season,Reconciled Transaction Ledger & Primary Disclosures
MST-2017-0262,2017/18,incoming_count,TRANSFER,arsenal_transfers.csv,incoming_count,TRX-201718-IN-008; TRX-201718-IN-009; TRX-201718-IN-010; TRX-201718-IN-011; TRX-201718-IN-012,count of incoming transactions in season,Reconciled Transaction Ledger & Primary Disclosures
MST-2017-0263,2017/18,outgoing_count,TRANSFER,arsenal_transfers.csv,outgoing_count,TRX-201718-OUT-012; TRX-201718-OUT-013; TRX-201718-OUT-014; TRX-201718-OUT-015; TRX-201718-OUT-016; TRX-201718-OUT-017; TRX-201718-OUT-018; TRX-201718-OUT-019; TRX-201718-OUT-020,count of outgoing transactions in season,Reconciled Transaction Ledger & Primary Disclosures
MST-2017-0264,2017/18,permanent_count,TRANSFER,arsenal_transfers.csv,permanent_count,TRX-201718-IN-008; TRX-201718-IN-009; TRX-201718-IN-010; TRX-201718-IN-011; TRX-201718-IN-012; TRX-201718-OUT-012; TRX-201718-OUT-013; TRX-201718-OUT-014; TRX-201718-OUT-015; TRX-201718-OUT-016; TRX-201718-OUT-017; TRX-201718-OUT-018; TRX-201718-OUT-019; TRX-201718-OUT-020,count of permanent transactions in season,Reconciled Transaction Ledger & Primary Disclosures
MST-2017-0265,2017/18,loan_count,TRANSFER,TRANSFER_DERIVED_PROVENANCE.csv,loan_count,TRX-DER-2017-LOAN_COUNT,count of temporary loan arrangements in season,Reconciled Transaction Ledger & Primary Disclosures
MST-2017-0266,2017/18,exact_fee_count,TRANSFER,arsenal_transfers.csv,exact_fee_count,TRX-201718-IN-009; TRX-201718-IN-012; TRX-201718-OUT-012,count where fee_value_status == 'EXACT',Reconciled Transaction Ledger & Primary Disclosures
MST-2017-0267,2017/18,estimated_fee_count,TRANSFER,arsenal_transfers.csv,estimated_fee_count,TRX-201718-IN-010; TRX-201718-OUT-013; TRX-201718-OUT-014; TRX-201718-OUT-015; TRX-201718-OUT-016; TRX-201718-OUT-017; TRX-201718-OUT-019,"count where fee_value_status in {'ESTIMATED', 'BASE_PLUS_ADDONS'}",Reconciled Transaction Ledger & Primary Disclosures
MST-2017-0268,2017/18,undisclosed_fee_count,TRANSFER,arsenal_transfers.csv,undisclosed_fee_count,TRX-201718-IN-010; TRX-201718-OUT-013; TRX-201718-OUT-014; TRX-201718-OUT-015; TRX-201718-OUT-016; TRX-201718-OUT-017; TRX-201718-OUT-019,count where fee_disclosure_status == 'UNDISCLOSED',Reconciled Transaction Ledger & Primary Disclosures
MST-2017-0269,2017/18,zero_free_count,TRANSFER,arsenal_transfers.csv,zero_free_count,TRX-201718-IN-008; TRX-201718-IN-011; TRX-201718-OUT-018; TRX-201718-OUT-020,count where fee_value_status == 'ZERO',Reconciled Transaction Ledger & Primary Disclosures
MST-2017-0270,2017/18,loan_fee_count,TRANSFER,TRANSFER_DERIVED_PROVENANCE.csv,loan_fee_count,TRX-DER-2017-LOAN_FEE_COUNT,count where fee_value_status == 'LOAN_FEE',Reconciled Transaction Ledger & Primary Disclosures
MST-2017-0271,2017/18,transaction_coverage_pct,TRANSFER,TRANSFER_DERIVED_PROVENANCE.csv,transaction_coverage_pct,TRX-DER-2017-TRX_COV_PCT,(verified_transactions / identified_total) * 100,Reconciled Transaction Ledger & Primary Disclosures
MST-2017-0272,2017/18,numerical_fee_coverage_pct,TRANSFER,TRANSFER_DERIVED_PROVENANCE.csv,numerical_fee_coverage_pct,TRX-DER-2017-NUM_COV_PCT,(numerical_fees / non_free_transactions) * 100,Reconciled Transaction Ledger & Primary Disclosures
MST-2017-0273,2017/18,exact_fee_coverage_pct,TRANSFER,TRANSFER_DERIVED_PROVENANCE.csv,exact_fee_coverage_pct,TRX-DER-2017-EXACT_COV_PCT,(exact_fee_count / transaction_count) * 100,Reconciled Transaction Ledger & Primary Disclosures
MST-2017-0274,2017/18,primary_fee_coverage_pct,TRANSFER,TRANSFER_DERIVED_PROVENANCE.csv,primary_fee_coverage_pct,TRX-DER-2017-PRIM_COV_PCT,((exact_fee_count + zero_free_count) / transaction_count) * 100,Reconciled Transaction Ledger & Primary Disclosures
MST-2017-0275,2017/18,estimated_value_share_pct,TRANSFER,TRANSFER_DERIVED_PROVENANCE.csv,estimated_value_share_pct,TRX-DER-2017-EST_VAL_SHARE,(estimated_consideration / total_season_consideration) * 100,Reconciled Transaction Ledger & Primary Disclosures
MST-2017-0276,2017/18,classification,TRANSFER,TRANSFER_DERIVED_PROVENANCE.csv,classification,TRX-DER-2017-CLASS,Structural classification: all 10 seasons verified as CORE,Reconciled Transaction Ledger & Primary Disclosures
MST-2017-0277,2017/18,notes,TRANSFER,TRANSFER_DERIVED_PROVENANCE.csv,notes,TRX-DER-2017-NOTES,Structured seasonal transfer audit summary string,Reconciled Transaction Ledger & Primary Disclosures
MST-2017-0278,2017/18,league_position,SPORTING,arsenal_sporting.csv,league_position,SPT-PROV-2017-089,Direct Ranking from Official Table,Primary Regulatory Record
MST-2017-0279,2017/18,points,SPORTING,arsenal_sporting.csv,points,SPT-PROV-2017-090,None (Directly Reported),Primary Regulatory Record
MST-2017-0280,2017/18,matches_played,SPORTING,arsenal_sporting.csv,matches_played,SPT-PROV-2017-091,None (Directly Reported),Primary Regulatory Record
MST-2017-0281,2017/18,wins,SPORTING,arsenal_sporting.csv,wins,SPT-PROV-2017-092,None (Directly Reported),Primary Regulatory Record
MST-2017-0282,2017/18,draws,SPORTING,arsenal_sporting.csv,draws,SPT-PROV-2017-093,None (Directly Reported),Primary Regulatory Record
MST-2017-0283,2017/18,losses,SPORTING,arsenal_sporting.csv,losses,SPT-PROV-2017-094,None (Directly Reported),Primary Regulatory Record
MST-2017-0284,2017/18,goals_for,SPORTING,arsenal_sporting.csv,goals_for,SPT-PROV-2017-095,None (Directly Reported),Primary Regulatory Record
MST-2017-0285,2017/18,goals_against,SPORTING,arsenal_sporting.csv,goals_against,SPT-PROV-2017-096,None (Directly Reported),Primary Regulatory Record
MST-2017-0286,2017/18,goal_difference,SPORTING,arsenal_sporting.csv,goal_difference,SPT-PROV-2017-097,goals_for - goals_against,Derived from Primary Inputs
MST-2017-0287,2017/18,ppg,SPORTING,arsenal_sporting.csv,ppg,SPT-PROV-2017-098,points / matches_played,Derived from Primary Inputs
MST-2017-0288,2017/18,fa_cup_stage,SPORTING,arsenal_sporting.csv,fa_cup_stage,SPT-PROV-2017-099,Direct Tournament Round Record,Primary Regulatory Record
MST-2017-0289,2017/18,fa_cup_matches,SPORTING,arsenal_sporting.csv,fa_cup_matches,SPT-PROV-2017-100,Direct Match Count,Primary Regulatory Record
MST-2017-0290,2017/18,fa_cup_wins,SPORTING,arsenal_sporting.csv,fa_cup_wins,SPT-PROV-2017-101,Direct Match Count,Primary Regulatory Record
MST-2017-0291,2017/18,fa_cup_draws,SPORTING,arsenal_sporting.csv,fa_cup_draws,SPT-PROV-2017-102,Direct Match Count,Primary Regulatory Record
MST-2017-0292,2017/18,fa_cup_losses,SPORTING,arsenal_sporting.csv,fa_cup_losses,SPT-PROV-2017-103,Direct Match Count,Primary Regulatory Record
MST-2017-0293,2017/18,fa_cup_goals_for,SPORTING,arsenal_sporting.csv,fa_cup_goals_for,SPT-PROV-2017-104,Direct Goal Sum,Primary Regulatory Record
MST-2017-0294,2017/18,fa_cup_goals_against,SPORTING,arsenal_sporting.csv,fa_cup_goals_against,SPT-PROV-2017-105,Direct Goal Sum,Primary Regulatory Record
MST-2017-0295,2017/18,fa_cup_trophy,SPORTING,arsenal_sporting.csv,fa_cup_trophy,SPT-PROV-2017-106,Direct Tournament Victory Record,Primary Regulatory Record
MST-2017-0296,2017/18,league_cup_stage,SPORTING,arsenal_sporting.csv,league_cup_stage,SPT-PROV-2017-107,Direct Tournament Round Record,Primary Regulatory Record
MST-2017-0297,2017/18,league_cup_matches,SPORTING,arsenal_sporting.csv,league_cup_matches,SPT-PROV-2017-108,Direct Match Count,Primary Regulatory Record
MST-2017-0298,2017/18,league_cup_wins,SPORTING,arsenal_sporting.csv,league_cup_wins,SPT-PROV-2017-109,Direct Match Count,Primary Regulatory Record
MST-2017-0299,2017/18,league_cup_draws,SPORTING,arsenal_sporting.csv,league_cup_draws,SPT-PROV-2017-110,Direct Match Count,Primary Regulatory Record
MST-2017-0300,2017/18,league_cup_losses,SPORTING,arsenal_sporting.csv,league_cup_losses,SPT-PROV-2017-111,Direct Match Count,Primary Regulatory Record
MST-2017-0301,2017/18,league_cup_goals_for,SPORTING,arsenal_sporting.csv,league_cup_goals_for,SPT-PROV-2017-112,Direct Goal Sum,Primary Regulatory Record
MST-2017-0302,2017/18,league_cup_goals_against,SPORTING,arsenal_sporting.csv,league_cup_goals_against,SPT-PROV-2017-113,Direct Goal Sum,Primary Regulatory Record
MST-2017-0303,2017/18,league_cup_trophy,SPORTING,arsenal_sporting.csv,league_cup_trophy,SPT-PROV-2017-114,Direct Tournament Victory Record,Primary Regulatory Record
MST-2017-0304,2017/18,europe_competition,SPORTING,arsenal_sporting.csv,europe_competition,SPT-PROV-2017-115,Direct UEFA Participation Record,Primary Regulatory Record
MST-2017-0305,2017/18,europe_stage,SPORTING,arsenal_sporting.csv,europe_stage,SPT-PROV-2017-116,Direct UEFA Round Record,Primary Regulatory Record
MST-2017-0306,2017/18,europe_matches,SPORTING,arsenal_sporting.csv,europe_matches,SPT-PROV-2017-117,Direct Match Count,Primary Regulatory Record
MST-2017-0307,2017/18,europe_wins,SPORTING,arsenal_sporting.csv,europe_wins,SPT-PROV-2017-118,Direct Match Count,Primary Regulatory Record
MST-2017-0308,2017/18,europe_draws,SPORTING,arsenal_sporting.csv,europe_draws,SPT-PROV-2017-119,Direct Match Count,Primary Regulatory Record
MST-2017-0309,2017/18,europe_losses,SPORTING,arsenal_sporting.csv,europe_losses,SPT-PROV-2017-120,Direct Match Count,Primary Regulatory Record
MST-2017-0310,2017/18,europe_goals_for,SPORTING,arsenal_sporting.csv,europe_goals_for,SPT-PROV-2017-121,Direct Goal Sum,Primary Regulatory Record
MST-2017-0311,2017/18,europe_goals_against,SPORTING,arsenal_sporting.csv,europe_goals_against,SPT-PROV-2017-122,Direct Goal Sum,Primary Regulatory Record
MST-2017-0312,2017/18,europe_trophy,SPORTING,arsenal_sporting.csv,europe_trophy,SPT-PROV-2017-123,Direct Tournament Victory Record,Primary Regulatory Record
MST-2017-0313,2017/18,xg,SPORTING,arsenal_sporting.csv,xg,SPT-PROV-2017-124,Direct Model Sum (Understat),Third-Party Analytics Model
MST-2017-0314,2017/18,xga,SPORTING,arsenal_sporting.csv,xga,SPT-PROV-2017-125,Direct Model Sum (Understat),Third-Party Analytics Model
MST-2017-0315,2017/18,xgd,SPORTING,arsenal_sporting.csv,xgd,SPT-PROV-2017-126,xg - xga,Derived from Third-Party Inputs
MST-2017-0316,2017/18,xpts,SPORTING,arsenal_sporting.csv,xpts,SPT-PROV-2017-127,Understat/model-derived metric,Third-Party Analytics Model
MST-2017-0317,2017/18,ppda,SPORTING,arsenal_sporting.csv,ppda,SPT-PROV-2017-128,Direct Model: sum(att) / sum(def),Third-Party Analytics Model
MST-2017-0318,2017/18,possession_pct,SPORTING,arsenal_sporting.csv,possession_pct,SPT-PROV-2017-129,Arithmetic mean: raw_possession / 38,Derived from Primary Inputs
MST-2017-0319,2017/18,shots,SPORTING,arsenal_sporting.csv,shots,SPT-PROV-2017-130,Direct: total_scoring_att,Primary Regulatory Record
MST-2017-0320,2017/18,shots_on_target,SPORTING,arsenal_sporting.csv,shots_on_target,SPT-PROV-2017-131,Direct: ontarget_scoring_att,Primary Regulatory Record
MST-2017-0321,2017/18,covid_disruption_flag,SPORTING,arsenal_sporting.csv,covid_disruption_flag,SPT-PROV-2017-132,Direct: Calendar Shock,Primary Regulatory Record
MST-2018-0322,2018/19,financial_year,FINANCIAL,arsenal_financials.csv,financial_year,FIN-FY2019-FOOTBA-0058,Direct Calendar Alignment (31 May),Audited Statutory Accounts (Companies House)
MST-2018-0323,2018/19,football_turnover,FINANCIAL,arsenal_financials.csv,football_turnover,FIN-FY2019-FOOTBA-0058,None (Directly Reported in £m),Primary Audited
MST-2018-0324,2018/19,total_turnover,FINANCIAL,arsenal_financials.csv,total_turnover,FIN-FY2019-TOTAL_-0059,None (Directly Reported in £m),Primary Audited
MST-2018-0325,2018/19,broadcast_revenue,FINANCIAL,arsenal_financials.csv,broadcast_revenue,FIN-FY2019-BROADC-0060,None (Directly Reported in £m),Primary Audited
MST-2018-0326,2018/19,commercial_revenue,FINANCIAL,arsenal_financials.csv,commercial_revenue,FIN-FY2019-COMMER-0061,None (Directly Reported in £m),Primary Audited
MST-2018-0327,2018/19,matchday_revenue,FINANCIAL,arsenal_financials.csv,matchday_revenue,FIN-FY2019-MATCHD-0062,None (Directly Reported in £m),Primary Audited
MST-2018-0328,2018/19,staff_costs,FINANCIAL,arsenal_financials.csv,staff_costs,FIN-FY2019-STAFF_-0063,None (Directly Reported in £m),Primary Audited
MST-2018-0329,2018/19,operating_expenses,FINANCIAL,arsenal_financials.csv,operating_expenses,FIN-FY2019-OPERAT-0064,None (Directly Reported in £m),Primary Audited
MST-2018-0330,2018/19,player_amortisation,FINANCIAL,arsenal_financials.csv,player_amortisation,FIN-FY2019-PLAYER-0065,None (Directly Reported in £m),Primary Audited
MST-2018-0331,2018/19,player_impairment,FINANCIAL,arsenal_financials.csv,player_impairment,FIN-FY2019-PLAYER-0066,None (Directly Reported in £m),Primary Audited
MST-2018-0332,2018/19,depreciation,FINANCIAL,arsenal_financials.csv,depreciation,FIN-FY2019-DEPREC-0067,None (Directly Reported in £m),Primary Audited
MST-2018-0333,2018/19,operating_profit_loss,FINANCIAL,arsenal_financials.csv,operating_profit_loss,FIN-FY2019-OPERAT-0068,None (Directly Reported in £m),Primary Audited
MST-2018-0334,2018/19,net_profit_loss,FINANCIAL,arsenal_financials.csv,net_profit_loss,FIN-FY2019-NET_PR-0069,None (Directly Reported in £m),Primary Audited
MST-2018-0335,2018/19,cash,FINANCIAL,arsenal_financials.csv,cash,FIN-FY2019-CASH-0070,None (Directly Reported in £m),Primary Audited
MST-2018-0336,2018/19,gross_debt,FINANCIAL,arsenal_financials.csv,gross_debt,FIN-FY2019-GROSS_-0071,None (Directly Reported in £m),Primary Audited
MST-2018-0337,2018/19,net_debt,FINANCIAL,arsenal_financials.csv,net_debt,FIN-FY2019-NET_DE-0072,gross_debt - cash,Primary Audited
MST-2018-0338,2018/19,net_finance_costs,FINANCIAL,arsenal_financials.csv,net_finance_costs,FIN-FY2019-NET_FI-0073,None (Directly Reported in £m),Primary Audited
MST-2018-0339,2018/19,profit_on_player_disposals,FINANCIAL,arsenal_financials.csv,profit_on_player_disposals,FIN-FY2019-PROFIT-0074,None (Directly Reported in £m),Primary Audited
MST-2018-0340,2018/19,player_registration_additions,FINANCIAL,arsenal_financials.csv,player_registration_additions,FIN-FY2019-PLAYER-0075,None (Directly Reported in £m),Primary Audited
MST-2018-0341,2018/19,player_registration_nbv,FINANCIAL,arsenal_financials.csv,player_registration_nbv,FIN-FY2019-PLAYER-0076,None (Directly Reported in £m),Primary Audited
MST-2018-0342,2018/19,revenue_growth_pct,FINANCIAL,arsenal_financials.csv,revenue_growth_pct,DER-FY2019-REVENU-0221,((football_turnover_t - football_turnover_{t-1}) / football_turnover_{t-1}) * 100,Derived Analytical
MST-2018-0343,2018/19,commercial_share_pct,FINANCIAL,arsenal_financials.csv,commercial_share_pct,DER-FY2019-COMMER-0222,(commercial_revenue / football_turnover) * 100,Derived Analytical
MST-2018-0344,2018/19,broadcast_share_pct,FINANCIAL,arsenal_financials.csv,broadcast_share_pct,DER-FY2019-BROADC-0223,(broadcast_revenue / football_turnover) * 100,Derived Analytical
MST-2018-0345,2018/19,matchday_share_pct,FINANCIAL,arsenal_financials.csv,matchday_share_pct,DER-FY2019-MATCHD-0224,(matchday_revenue / football_turnover) * 100,Derived Analytical
MST-2018-0346,2018/19,wage_to_revenue_pct,FINANCIAL,arsenal_financials.csv,wage_to_revenue_pct,DER-FY2019-WAGE_T-0225,(staff_costs / football_turnover) * 100,Derived Analytical
MST-2018-0347,2018/19,operating_margin_pct,FINANCIAL,arsenal_financials.csv,operating_margin_pct,DER-FY2019-OPERAT-0226,(operating_profit_loss / football_turnover) * 100,Derived Analytical
MST-2018-0348,2018/19,net_margin_pct,FINANCIAL,arsenal_financials.csv,net_margin_pct,DER-FY2019-NET_MA-0227,(net_profit_loss / football_turnover) * 100,Derived Analytical
MST-2018-0349,2018/19,net_debt_to_revenue_pct,FINANCIAL,arsenal_financials.csv,net_debt_to_revenue_pct,DER-FY2019-NET_DE-0228,(net_debt / football_turnover) * 100,Derived Analytical
MST-2018-0350,2018/19,net_finance_cost_to_revenue_pct,FINANCIAL,arsenal_financials.csv,net_finance_cost_to_revenue_pct,DER-FY2019-NET_FI-0229,(net_finance_costs / football_turnover) * 100,Derived Analytical
MST-2018-0351,2018/19,amortisation_to_revenue_pct,FINANCIAL,arsenal_financials.csv,amortisation_to_revenue_pct,DER-FY2019-AMORTI-0230,(player_amortisation / football_turnover) * 100,Derived Analytical
MST-2018-0352,2018/19,permanent_gross_transfer_spend,TRANSFER,arsenal_transfers.csv,permanent_gross_transfer_spend,TRX-201819-IN-013; TRX-201819-IN-014; TRX-201819-IN-015; TRX-201819-IN-016; TRX-201819-IN-017,sum(fee_gbp) for permanent incoming transfers,Reconciled Transaction Ledger & Primary Disclosures
MST-2018-0353,2018/19,loan_fee_spend,TRANSFER,arsenal_transfers.csv,loan_fee_spend,TRX-201819-IN-018,sum(fee_gbp) for loan incoming transfers,Reconciled Transaction Ledger & Primary Disclosures
MST-2018-0354,2018/19,total_transfer_consideration,TRANSFER,TRANSFER_DERIVED_PROVENANCE.csv,total_transfer_consideration,TRX-DER-2018-TOTAL_CONSID,permanent_gross_transfer_spend + loan_fee_spend,Reconciled Transaction Ledger & Primary Disclosures
MST-2018-0355,2018/19,permanent_transfer_income,TRANSFER,arsenal_transfers.csv,permanent_transfer_income,TRX-201819-OUT-021; TRX-201819-OUT-022; TRX-201819-OUT-023; TRX-201819-OUT-024; TRX-201819-OUT-025,sum(fee_gbp) for permanent outgoing transfers,Reconciled Transaction Ledger & Primary Disclosures
MST-2018-0356,2018/19,loan_income,TRANSFER,arsenal_transfers.csv,loan_income,TRX-201819-OUT-026,sum(fee_gbp) for loan outgoing transfers,Reconciled Transaction Ledger & Primary Disclosures
MST-2018-0357,2018/19,total_transfer_income,TRANSFER,TRANSFER_DERIVED_PROVENANCE.csv,total_transfer_income,TRX-DER-2018-TOTAL_INCOME,permanent_transfer_income + loan_income,Reconciled Transaction Ledger & Primary Disclosures
MST-2018-0358,2018/19,permanent_net_transfer_spend,TRANSFER,TRANSFER_DERIVED_PROVENANCE.csv,permanent_net_transfer_spend,TRX-DER-2018-PERM_NET,permanent_gross_transfer_spend - permanent_transfer_income,Reconciled Transaction Ledger & Primary Disclosures
MST-2018-0359,2018/19,total_net_transfer_consideration,TRANSFER,TRANSFER_DERIVED_PROVENANCE.csv,total_net_transfer_consideration,TRX-DER-2018-TOTAL_NET,total_transfer_consideration - total_transfer_income,Reconciled Transaction Ledger & Primary Disclosures
MST-2018-0360,2018/19,primary_transfer_spend_to_revenue_pct,TRANSFER,TRANSFER_DERIVED_PROVENANCE.csv,primary_transfer_spend_to_revenue_pct,TRX-DER-2018-PRIM_SPEND_REV,(permanent_gross_transfer_spend / football_turnover) * 100,Reconciled Transaction Ledger & Primary Disclosures
MST-2018-0361,2018/19,total_spend_to_revenue_pct,TRANSFER,TRANSFER_DERIVED_PROVENANCE.csv,total_spend_to_revenue_pct,TRX-DER-2018-TOT_SPEND_REV,(total_transfer_consideration / football_turnover) * 100,Reconciled Transaction Ledger & Primary Disclosures
MST-2018-0362,2018/19,permanent_net_spend_to_revenue_pct,TRANSFER,TRANSFER_DERIVED_PROVENANCE.csv,permanent_net_spend_to_revenue_pct,TRX-DER-2018-PERM_NET_REV,(permanent_net_transfer_spend / football_turnover) * 100,Reconciled Transaction Ledger & Primary Disclosures
MST-2018-0363,2018/19,total_net_spend_to_revenue_pct,TRANSFER,TRANSFER_DERIVED_PROVENANCE.csv,total_net_spend_to_revenue_pct,TRX-DER-2018-TOT_NET_REV,(total_net_transfer_consideration / football_turnover) * 100,Reconciled Transaction Ledger & Primary Disclosures
MST-2018-0364,2018/19,upper_bound_permanent_spend,TRANSFER,arsenal_transfers.csv,upper_bound_permanent_spend,TRX-201819-IN-013; TRX-201819-IN-014; TRX-201819-IN-015; TRX-201819-IN-016; TRX-201819-IN-017,sum(fee_gbp + add_on_fee) for permanent incoming,Reconciled Transaction Ledger & Primary Disclosures
MST-2018-0365,2018/19,upper_bound_total_consideration,TRANSFER,arsenal_transfers.csv,upper_bound_total_consideration,TRX-201819-IN-013; TRX-201819-IN-014; TRX-201819-IN-015; TRX-201819-IN-016; TRX-201819-IN-017; TRX-201819-IN-018,sum(fee_gbp + add_on_fee) for all incoming,Reconciled Transaction Ledger & Primary Disclosures
MST-2018-0366,2018/19,spend_add_on_differential,TRANSFER,TRANSFER_DERIVED_PROVENANCE.csv,spend_add_on_differential,TRX-DER-2018-SPEND_DIFF,upper_bound_permanent_spend - permanent_gross_transfer_spend,Reconciled Transaction Ledger & Primary Disclosures
MST-2018-0367,2018/19,spend_sensitivity_pct,TRANSFER,TRANSFER_DERIVED_PROVENANCE.csv,spend_sensitivity_pct,TRX-DER-2018-SPEND_SENS_PCT,(spend_add_on_differential / permanent_gross_transfer_spend) * 100,Reconciled Transaction Ledger & Primary Disclosures
MST-2018-0368,2018/19,transaction_count,TRANSFER,arsenal_transfers.csv,transaction_count,TRX-201819-IN-013; TRX-201819-IN-014; TRX-201819-IN-015; TRX-201819-IN-016; TRX-201819-IN-017; TRX-201819-IN-018; TRX-201819-OUT-021; TRX-201819-OUT-022; TRX-201819-OUT-023; TRX-201819-OUT-024; TRX-201819-OUT-025; TRX-201819-OUT-026,count of all transactions in season,Reconciled Transaction Ledger & Primary Disclosures
MST-2018-0369,2018/19,incoming_count,TRANSFER,arsenal_transfers.csv,incoming_count,TRX-201819-IN-013; TRX-201819-IN-014; TRX-201819-IN-015; TRX-201819-IN-016; TRX-201819-IN-017; TRX-201819-IN-018,count of incoming transactions in season,Reconciled Transaction Ledger & Primary Disclosures
MST-2018-0370,2018/19,outgoing_count,TRANSFER,arsenal_transfers.csv,outgoing_count,TRX-201819-OUT-021; TRX-201819-OUT-022; TRX-201819-OUT-023; TRX-201819-OUT-024; TRX-201819-OUT-025; TRX-201819-OUT-026,count of outgoing transactions in season,Reconciled Transaction Ledger & Primary Disclosures
MST-2018-0371,2018/19,permanent_count,TRANSFER,arsenal_transfers.csv,permanent_count,TRX-201819-IN-013; TRX-201819-IN-014; TRX-201819-IN-015; TRX-201819-IN-016; TRX-201819-IN-017; TRX-201819-OUT-021; TRX-201819-OUT-022; TRX-201819-OUT-023; TRX-201819-OUT-024; TRX-201819-OUT-025,count of permanent transactions in season,Reconciled Transaction Ledger & Primary Disclosures
MST-2018-0372,2018/19,loan_count,TRANSFER,arsenal_transfers.csv,loan_count,TRX-201819-IN-018; TRX-201819-OUT-026,count of temporary loan arrangements in season,Reconciled Transaction Ledger & Primary Disclosures
MST-2018-0373,2018/19,exact_fee_count,TRANSFER,TRANSFER_DERIVED_PROVENANCE.csv,exact_fee_count,TRX-DER-2018-EXACT_COUNT,count where fee_value_status == 'EXACT',Reconciled Transaction Ledger & Primary Disclosures
MST-2018-0374,2018/19,estimated_fee_count,TRANSFER,arsenal_transfers.csv,estimated_fee_count,TRX-201819-IN-014; TRX-201819-IN-015; TRX-201819-IN-016; TRX-201819-IN-017; TRX-201819-OUT-024; TRX-201819-OUT-025,"count where fee_value_status in {'ESTIMATED', 'BASE_PLUS_ADDONS'}",Reconciled Transaction Ledger & Primary Disclosures
MST-2018-0375,2018/19,undisclosed_fee_count,TRANSFER,arsenal_transfers.csv,undisclosed_fee_count,TRX-201819-IN-014; TRX-201819-IN-015; TRX-201819-IN-016; TRX-201819-IN-017; TRX-201819-IN-018; TRX-201819-OUT-024; TRX-201819-OUT-025; TRX-201819-OUT-026,count where fee_disclosure_status == 'UNDISCLOSED',Reconciled Transaction Ledger & Primary Disclosures
MST-2018-0376,2018/19,zero_free_count,TRANSFER,arsenal_transfers.csv,zero_free_count,TRX-201819-IN-013; TRX-201819-OUT-021; TRX-201819-OUT-022; TRX-201819-OUT-023,count where fee_value_status == 'ZERO',Reconciled Transaction Ledger & Primary Disclosures
MST-2018-0377,2018/19,loan_fee_count,TRANSFER,arsenal_transfers.csv,loan_fee_count,TRX-201819-IN-018; TRX-201819-OUT-026,count where fee_value_status == 'LOAN_FEE',Reconciled Transaction Ledger & Primary Disclosures
MST-2018-0378,2018/19,transaction_coverage_pct,TRANSFER,TRANSFER_DERIVED_PROVENANCE.csv,transaction_coverage_pct,TRX-DER-2018-TRX_COV_PCT,(verified_transactions / identified_total) * 100,Reconciled Transaction Ledger & Primary Disclosures
MST-2018-0379,2018/19,numerical_fee_coverage_pct,TRANSFER,TRANSFER_DERIVED_PROVENANCE.csv,numerical_fee_coverage_pct,TRX-DER-2018-NUM_COV_PCT,(numerical_fees / non_free_transactions) * 100,Reconciled Transaction Ledger & Primary Disclosures
MST-2018-0380,2018/19,exact_fee_coverage_pct,TRANSFER,TRANSFER_DERIVED_PROVENANCE.csv,exact_fee_coverage_pct,TRX-DER-2018-EXACT_COV_PCT,(exact_fee_count / transaction_count) * 100,Reconciled Transaction Ledger & Primary Disclosures
MST-2018-0381,2018/19,primary_fee_coverage_pct,TRANSFER,TRANSFER_DERIVED_PROVENANCE.csv,primary_fee_coverage_pct,TRX-DER-2018-PRIM_COV_PCT,((exact_fee_count + zero_free_count) / transaction_count) * 100,Reconciled Transaction Ledger & Primary Disclosures
MST-2018-0382,2018/19,estimated_value_share_pct,TRANSFER,TRANSFER_DERIVED_PROVENANCE.csv,estimated_value_share_pct,TRX-DER-2018-EST_VAL_SHARE,(estimated_consideration / total_season_consideration) * 100,Reconciled Transaction Ledger & Primary Disclosures
MST-2018-0383,2018/19,classification,TRANSFER,TRANSFER_DERIVED_PROVENANCE.csv,classification,TRX-DER-2018-CLASS,Structural classification: all 10 seasons verified as CORE,Reconciled Transaction Ledger & Primary Disclosures
MST-2018-0384,2018/19,notes,TRANSFER,TRANSFER_DERIVED_PROVENANCE.csv,notes,TRX-DER-2018-NOTES,Structured seasonal transfer audit summary string,Reconciled Transaction Ledger & Primary Disclosures
MST-2018-0385,2018/19,league_position,SPORTING,arsenal_sporting.csv,league_position,SPT-PROV-2018-133,Direct Ranking from Official Table,Primary Regulatory Record
MST-2018-0386,2018/19,points,SPORTING,arsenal_sporting.csv,points,SPT-PROV-2018-134,None (Directly Reported),Primary Regulatory Record
MST-2018-0387,2018/19,matches_played,SPORTING,arsenal_sporting.csv,matches_played,SPT-PROV-2018-135,None (Directly Reported),Primary Regulatory Record
MST-2018-0388,2018/19,wins,SPORTING,arsenal_sporting.csv,wins,SPT-PROV-2018-136,None (Directly Reported),Primary Regulatory Record
MST-2018-0389,2018/19,draws,SPORTING,arsenal_sporting.csv,draws,SPT-PROV-2018-137,None (Directly Reported),Primary Regulatory Record
MST-2018-0390,2018/19,losses,SPORTING,arsenal_sporting.csv,losses,SPT-PROV-2018-138,None (Directly Reported),Primary Regulatory Record
MST-2018-0391,2018/19,goals_for,SPORTING,arsenal_sporting.csv,goals_for,SPT-PROV-2018-139,None (Directly Reported),Primary Regulatory Record
MST-2018-0392,2018/19,goals_against,SPORTING,arsenal_sporting.csv,goals_against,SPT-PROV-2018-140,None (Directly Reported),Primary Regulatory Record
MST-2018-0393,2018/19,goal_difference,SPORTING,arsenal_sporting.csv,goal_difference,SPT-PROV-2018-141,goals_for - goals_against,Derived from Primary Inputs
MST-2018-0394,2018/19,ppg,SPORTING,arsenal_sporting.csv,ppg,SPT-PROV-2018-142,points / matches_played,Derived from Primary Inputs
MST-2018-0395,2018/19,fa_cup_stage,SPORTING,arsenal_sporting.csv,fa_cup_stage,SPT-PROV-2018-143,Direct Tournament Round Record,Primary Regulatory Record
MST-2018-0396,2018/19,fa_cup_matches,SPORTING,arsenal_sporting.csv,fa_cup_matches,SPT-PROV-2018-144,Direct Match Count,Primary Regulatory Record
MST-2018-0397,2018/19,fa_cup_wins,SPORTING,arsenal_sporting.csv,fa_cup_wins,SPT-PROV-2018-145,Direct Match Count,Primary Regulatory Record
MST-2018-0398,2018/19,fa_cup_draws,SPORTING,arsenal_sporting.csv,fa_cup_draws,SPT-PROV-2018-146,Direct Match Count,Primary Regulatory Record
MST-2018-0399,2018/19,fa_cup_losses,SPORTING,arsenal_sporting.csv,fa_cup_losses,SPT-PROV-2018-147,Direct Match Count,Primary Regulatory Record
MST-2018-0400,2018/19,fa_cup_goals_for,SPORTING,arsenal_sporting.csv,fa_cup_goals_for,SPT-PROV-2018-148,Direct Goal Sum,Primary Regulatory Record
MST-2018-0401,2018/19,fa_cup_goals_against,SPORTING,arsenal_sporting.csv,fa_cup_goals_against,SPT-PROV-2018-149,Direct Goal Sum,Primary Regulatory Record
MST-2018-0402,2018/19,fa_cup_trophy,SPORTING,arsenal_sporting.csv,fa_cup_trophy,SPT-PROV-2018-150,Direct Tournament Victory Record,Primary Regulatory Record
MST-2018-0403,2018/19,league_cup_stage,SPORTING,arsenal_sporting.csv,league_cup_stage,SPT-PROV-2018-151,Direct Tournament Round Record,Primary Regulatory Record
MST-2018-0404,2018/19,league_cup_matches,SPORTING,arsenal_sporting.csv,league_cup_matches,SPT-PROV-2018-152,Direct Match Count,Primary Regulatory Record
MST-2018-0405,2018/19,league_cup_wins,SPORTING,arsenal_sporting.csv,league_cup_wins,SPT-PROV-2018-153,Direct Match Count,Primary Regulatory Record
MST-2018-0406,2018/19,league_cup_draws,SPORTING,arsenal_sporting.csv,league_cup_draws,SPT-PROV-2018-154,Direct Match Count,Primary Regulatory Record
MST-2018-0407,2018/19,league_cup_losses,SPORTING,arsenal_sporting.csv,league_cup_losses,SPT-PROV-2018-155,Direct Match Count,Primary Regulatory Record
MST-2018-0408,2018/19,league_cup_goals_for,SPORTING,arsenal_sporting.csv,league_cup_goals_for,SPT-PROV-2018-156,Direct Goal Sum,Primary Regulatory Record
MST-2018-0409,2018/19,league_cup_goals_against,SPORTING,arsenal_sporting.csv,league_cup_goals_against,SPT-PROV-2018-157,Direct Goal Sum,Primary Regulatory Record
MST-2018-0410,2018/19,league_cup_trophy,SPORTING,arsenal_sporting.csv,league_cup_trophy,SPT-PROV-2018-158,Direct Tournament Victory Record,Primary Regulatory Record
MST-2018-0411,2018/19,europe_competition,SPORTING,arsenal_sporting.csv,europe_competition,SPT-PROV-2018-159,Direct UEFA Participation Record,Primary Regulatory Record
MST-2018-0412,2018/19,europe_stage,SPORTING,arsenal_sporting.csv,europe_stage,SPT-PROV-2018-160,Direct UEFA Round Record,Primary Regulatory Record
MST-2018-0413,2018/19,europe_matches,SPORTING,arsenal_sporting.csv,europe_matches,SPT-PROV-2018-161,Direct Match Count,Primary Regulatory Record
MST-2018-0414,2018/19,europe_wins,SPORTING,arsenal_sporting.csv,europe_wins,SPT-PROV-2018-162,Direct Match Count,Primary Regulatory Record
MST-2018-0415,2018/19,europe_draws,SPORTING,arsenal_sporting.csv,europe_draws,SPT-PROV-2018-163,Direct Match Count,Primary Regulatory Record
MST-2018-0416,2018/19,europe_losses,SPORTING,arsenal_sporting.csv,europe_losses,SPT-PROV-2018-164,Direct Match Count,Primary Regulatory Record
MST-2018-0417,2018/19,europe_goals_for,SPORTING,arsenal_sporting.csv,europe_goals_for,SPT-PROV-2018-165,Direct Goal Sum,Primary Regulatory Record
MST-2018-0418,2018/19,europe_goals_against,SPORTING,arsenal_sporting.csv,europe_goals_against,SPT-PROV-2018-166,Direct Goal Sum,Primary Regulatory Record
MST-2018-0419,2018/19,europe_trophy,SPORTING,arsenal_sporting.csv,europe_trophy,SPT-PROV-2018-167,Direct Tournament Victory Record,Primary Regulatory Record
MST-2018-0420,2018/19,xg,SPORTING,arsenal_sporting.csv,xg,SPT-PROV-2018-168,Direct Model Sum (Understat),Third-Party Analytics Model
MST-2018-0421,2018/19,xga,SPORTING,arsenal_sporting.csv,xga,SPT-PROV-2018-169,Direct Model Sum (Understat),Third-Party Analytics Model
MST-2018-0422,2018/19,xgd,SPORTING,arsenal_sporting.csv,xgd,SPT-PROV-2018-170,xg - xga,Derived from Third-Party Inputs
MST-2018-0423,2018/19,xpts,SPORTING,arsenal_sporting.csv,xpts,SPT-PROV-2018-171,Understat/model-derived metric,Third-Party Analytics Model
MST-2018-0424,2018/19,ppda,SPORTING,arsenal_sporting.csv,ppda,SPT-PROV-2018-172,Direct Model: sum(att) / sum(def),Third-Party Analytics Model
MST-2018-0425,2018/19,possession_pct,SPORTING,arsenal_sporting.csv,possession_pct,SPT-PROV-2018-173,Arithmetic mean: raw_possession / 38,Derived from Primary Inputs
MST-2018-0426,2018/19,shots,SPORTING,arsenal_sporting.csv,shots,SPT-PROV-2018-174,Direct: total_scoring_att,Primary Regulatory Record
MST-2018-0427,2018/19,shots_on_target,SPORTING,arsenal_sporting.csv,shots_on_target,SPT-PROV-2018-175,Direct: ontarget_scoring_att,Primary Regulatory Record
MST-2018-0428,2018/19,covid_disruption_flag,SPORTING,arsenal_sporting.csv,covid_disruption_flag,SPT-PROV-2018-176,Direct: Calendar Shock,Primary Regulatory Record
MST-2019-0429,2019/20,financial_year,FINANCIAL,arsenal_financials.csv,financial_year,FIN-FY2020-FOOTBA-0077,Direct Calendar Alignment (31 May),Audited Statutory Accounts (Companies House)
MST-2019-0430,2019/20,football_turnover,FINANCIAL,arsenal_financials.csv,football_turnover,FIN-FY2020-FOOTBA-0077,None (Directly Reported in £m),Primary Audited
MST-2019-0431,2019/20,total_turnover,FINANCIAL,arsenal_financials.csv,total_turnover,FIN-FY2020-TOTAL_-0078,None (Directly Reported in £m),Primary Audited
MST-2019-0432,2019/20,broadcast_revenue,FINANCIAL,arsenal_financials.csv,broadcast_revenue,FIN-FY2020-BROADC-0079,None (Directly Reported in £m),Primary Audited
MST-2019-0433,2019/20,commercial_revenue,FINANCIAL,arsenal_financials.csv,commercial_revenue,FIN-FY2020-COMMER-0080,None (Directly Reported in £m),Primary Audited
MST-2019-0434,2019/20,matchday_revenue,FINANCIAL,arsenal_financials.csv,matchday_revenue,FIN-FY2020-MATCHD-0081,None (Directly Reported in £m),Primary Audited
MST-2019-0435,2019/20,staff_costs,FINANCIAL,arsenal_financials.csv,staff_costs,FIN-FY2020-STAFF_-0082,None (Directly Reported in £m),Primary Audited
MST-2019-0436,2019/20,operating_expenses,FINANCIAL,arsenal_financials.csv,operating_expenses,FIN-FY2020-OPERAT-0083,None (Directly Reported in £m),Primary Audited
MST-2019-0437,2019/20,player_amortisation,FINANCIAL,arsenal_financials.csv,player_amortisation,FIN-FY2020-PLAYER-0084,None (Directly Reported in £m),Primary Audited
MST-2019-0438,2019/20,player_impairment,FINANCIAL,arsenal_financials.csv,player_impairment,FIN-FY2020-PLAYER-0085,None (Directly Reported in £m),Primary Audited
MST-2019-0439,2019/20,depreciation,FINANCIAL,arsenal_financials.csv,depreciation,FIN-FY2020-DEPREC-0086,None (Directly Reported in £m),Primary Audited
MST-2019-0440,2019/20,operating_profit_loss,FINANCIAL,arsenal_financials.csv,operating_profit_loss,FIN-FY2020-OPERAT-0087,None (Directly Reported in £m),Primary Audited
MST-2019-0441,2019/20,net_profit_loss,FINANCIAL,arsenal_financials.csv,net_profit_loss,FIN-FY2020-NET_PR-0088,None (Directly Reported in £m),Primary Audited
MST-2019-0442,2019/20,cash,FINANCIAL,arsenal_financials.csv,cash,FIN-FY2020-CASH-0089,None (Directly Reported in £m),Primary Audited
MST-2019-0443,2019/20,gross_debt,FINANCIAL,arsenal_financials.csv,gross_debt,FIN-FY2020-GROSS_-0090,None (Directly Reported in £m),Primary Audited
MST-2019-0444,2019/20,net_debt,FINANCIAL,arsenal_financials.csv,net_debt,FIN-FY2020-NET_DE-0091,gross_debt - cash,Primary Audited
MST-2019-0445,2019/20,net_finance_costs,FINANCIAL,arsenal_financials.csv,net_finance_costs,FIN-FY2020-NET_FI-0092,None (Directly Reported in £m),Primary Audited
MST-2019-0446,2019/20,profit_on_player_disposals,FINANCIAL,arsenal_financials.csv,profit_on_player_disposals,FIN-FY2020-PROFIT-0093,None (Directly Reported in £m),Primary Audited
MST-2019-0447,2019/20,player_registration_additions,FINANCIAL,arsenal_financials.csv,player_registration_additions,FIN-FY2020-PLAYER-0094,None (Directly Reported in £m),Primary Audited
MST-2019-0448,2019/20,player_registration_nbv,FINANCIAL,arsenal_financials.csv,player_registration_nbv,FIN-FY2020-PLAYER-0095,None (Directly Reported in £m),Primary Audited
MST-2019-0449,2019/20,revenue_growth_pct,FINANCIAL,arsenal_financials.csv,revenue_growth_pct,DER-FY2020-REVENU-0231,((football_turnover_t - football_turnover_{t-1}) / football_turnover_{t-1}) * 100,Derived Analytical
MST-2019-0450,2019/20,commercial_share_pct,FINANCIAL,arsenal_financials.csv,commercial_share_pct,DER-FY2020-COMMER-0232,(commercial_revenue / football_turnover) * 100,Derived Analytical
MST-2019-0451,2019/20,broadcast_share_pct,FINANCIAL,arsenal_financials.csv,broadcast_share_pct,DER-FY2020-BROADC-0233,(broadcast_revenue / football_turnover) * 100,Derived Analytical
MST-2019-0452,2019/20,matchday_share_pct,FINANCIAL,arsenal_financials.csv,matchday_share_pct,DER-FY2020-MATCHD-0234,(matchday_revenue / football_turnover) * 100,Derived Analytical
MST-2019-0453,2019/20,wage_to_revenue_pct,FINANCIAL,arsenal_financials.csv,wage_to_revenue_pct,DER-FY2020-WAGE_T-0235,(staff_costs / football_turnover) * 100,Derived Analytical
MST-2019-0454,2019/20,operating_margin_pct,FINANCIAL,arsenal_financials.csv,operating_margin_pct,DER-FY2020-OPERAT-0236,(operating_profit_loss / football_turnover) * 100,Derived Analytical
MST-2019-0455,2019/20,net_margin_pct,FINANCIAL,arsenal_financials.csv,net_margin_pct,DER-FY2020-NET_MA-0237,(net_profit_loss / football_turnover) * 100,Derived Analytical
MST-2019-0456,2019/20,net_debt_to_revenue_pct,FINANCIAL,arsenal_financials.csv,net_debt_to_revenue_pct,DER-FY2020-NET_DE-0238,(net_debt / football_turnover) * 100,Derived Analytical
MST-2019-0457,2019/20,net_finance_cost_to_revenue_pct,FINANCIAL,arsenal_financials.csv,net_finance_cost_to_revenue_pct,DER-FY2020-NET_FI-0239,(net_finance_costs / football_turnover) * 100,Derived Analytical
MST-2019-0458,2019/20,amortisation_to_revenue_pct,FINANCIAL,arsenal_financials.csv,amortisation_to_revenue_pct,DER-FY2020-AMORTI-0240,(player_amortisation / football_turnover) * 100,Derived Analytical
MST-2019-0459,2019/20,permanent_gross_transfer_spend,TRANSFER,arsenal_transfers.csv,permanent_gross_transfer_spend,TRX-201920-IN-019; TRX-201920-IN-020; TRX-201920-IN-022; TRX-201920-IN-023; TRX-201920-IN-024,sum(fee_gbp) for permanent incoming transfers,Reconciled Transaction Ledger & Primary Disclosures
MST-2019-0460,2019/20,loan_fee_spend,TRANSFER,arsenal_transfers.csv,loan_fee_spend,TRX-201920-IN-021; TRX-201920-IN-025; TRX-201920-IN-026,sum(fee_gbp) for loan incoming transfers,Reconciled Transaction Ledger & Primary Disclosures
MST-2019-0461,2019/20,total_transfer_consideration,TRANSFER,TRANSFER_DERIVED_PROVENANCE.csv,total_transfer_consideration,TRX-DER-2019-TOTAL_CONSID,permanent_gross_transfer_spend + loan_fee_spend,Reconciled Transaction Ledger & Primary Disclosures
MST-2019-0462,2019/20,permanent_transfer_income,TRANSFER,arsenal_transfers.csv,permanent_transfer_income,TRX-201920-OUT-027; TRX-201920-OUT-028; TRX-201920-OUT-029; TRX-201920-OUT-030; TRX-201920-OUT-031; TRX-201920-OUT-032; TRX-201920-OUT-033; TRX-201920-OUT-034; TRX-201920-OUT-035; TRX-201920-OUT-036,sum(fee_gbp) for permanent outgoing transfers,Reconciled Transaction Ledger & Primary Disclosures
MST-2019-0463,2019/20,loan_income,TRANSFER,arsenal_transfers.csv,loan_income,TRX-201920-OUT-037,sum(fee_gbp) for loan outgoing transfers,Reconciled Transaction Ledger & Primary Disclosures
MST-2019-0464,2019/20,total_transfer_income,TRANSFER,TRANSFER_DERIVED_PROVENANCE.csv,total_transfer_income,TRX-DER-2019-TOTAL_INCOME,permanent_transfer_income + loan_income,Reconciled Transaction Ledger & Primary Disclosures
MST-2019-0465,2019/20,permanent_net_transfer_spend,TRANSFER,TRANSFER_DERIVED_PROVENANCE.csv,permanent_net_transfer_spend,TRX-DER-2019-PERM_NET,permanent_gross_transfer_spend - permanent_transfer_income,Reconciled Transaction Ledger & Primary Disclosures
MST-2019-0466,2019/20,total_net_transfer_consideration,TRANSFER,TRANSFER_DERIVED_PROVENANCE.csv,total_net_transfer_consideration,TRX-DER-2019-TOTAL_NET,total_transfer_consideration - total_transfer_income,Reconciled Transaction Ledger & Primary Disclosures
MST-2019-0467,2019/20,primary_transfer_spend_to_revenue_pct,TRANSFER,TRANSFER_DERIVED_PROVENANCE.csv,primary_transfer_spend_to_revenue_pct,TRX-DER-2019-PRIM_SPEND_REV,(permanent_gross_transfer_spend / football_turnover) * 100,Reconciled Transaction Ledger & Primary Disclosures
MST-2019-0468,2019/20,total_spend_to_revenue_pct,TRANSFER,TRANSFER_DERIVED_PROVENANCE.csv,total_spend_to_revenue_pct,TRX-DER-2019-TOT_SPEND_REV,(total_transfer_consideration / football_turnover) * 100,Reconciled Transaction Ledger & Primary Disclosures
MST-2019-0469,2019/20,permanent_net_spend_to_revenue_pct,TRANSFER,TRANSFER_DERIVED_PROVENANCE.csv,permanent_net_spend_to_revenue_pct,TRX-DER-2019-PERM_NET_REV,(permanent_net_transfer_spend / football_turnover) * 100,Reconciled Transaction Ledger & Primary Disclosures
MST-2019-0470,2019/20,total_net_spend_to_revenue_pct,TRANSFER,TRANSFER_DERIVED_PROVENANCE.csv,total_net_spend_to_revenue_pct,TRX-DER-2019-TOT_NET_REV,(total_net_transfer_consideration / football_turnover) * 100,Reconciled Transaction Ledger & Primary Disclosures
MST-2019-0471,2019/20,upper_bound_permanent_spend,TRANSFER,arsenal_transfers.csv,upper_bound_permanent_spend,TRX-201920-IN-019; TRX-201920-IN-020; TRX-201920-IN-022; TRX-201920-IN-023; TRX-201920-IN-024,sum(fee_gbp + add_on_fee) for permanent incoming,Reconciled Transaction Ledger & Primary Disclosures
MST-2019-0472,2019/20,upper_bound_total_consideration,TRANSFER,arsenal_transfers.csv,upper_bound_total_consideration,TRX-201920-IN-019; TRX-201920-IN-020; TRX-201920-IN-021; TRX-201920-IN-022; TRX-201920-IN-023; TRX-201920-IN-024; TRX-201920-IN-025; TRX-201920-IN-026,sum(fee_gbp + add_on_fee) for all incoming,Reconciled Transaction Ledger & Primary Disclosures
MST-2019-0473,2019/20,spend_add_on_differential,TRANSFER,TRANSFER_DERIVED_PROVENANCE.csv,spend_add_on_differential,TRX-DER-2019-SPEND_DIFF,upper_bound_permanent_spend - permanent_gross_transfer_spend,Reconciled Transaction Ledger & Primary Disclosures
MST-2019-0474,2019/20,spend_sensitivity_pct,TRANSFER,TRANSFER_DERIVED_PROVENANCE.csv,spend_sensitivity_pct,TRX-DER-2019-SPEND_SENS_PCT,(spend_add_on_differential / permanent_gross_transfer_spend) * 100,Reconciled Transaction Ledger & Primary Disclosures
MST-2019-0475,2019/20,transaction_count,TRANSFER,arsenal_transfers.csv,transaction_count,TRX-201920-IN-019; TRX-201920-IN-020; TRX-201920-IN-021; TRX-201920-IN-022; TRX-201920-IN-023; TRX-201920-IN-024; TRX-201920-IN-025; TRX-201920-IN-026; TRX-201920-OUT-027; TRX-201920-OUT-028; TRX-201920-OUT-029; TRX-201920-OUT-030; TRX-201920-OUT-031; TRX-201920-OUT-032; TRX-201920-OUT-033; TRX-201920-OUT-034; TRX-201920-OUT-035; TRX-201920-OUT-036; TRX-201920-OUT-037,count of all transactions in season,Reconciled Transaction Ledger & Primary Disclosures
MST-2019-0476,2019/20,incoming_count,TRANSFER,arsenal_transfers.csv,incoming_count,TRX-201920-IN-019; TRX-201920-IN-020; TRX-201920-IN-021; TRX-201920-IN-022; TRX-201920-IN-023; TRX-201920-IN-024; TRX-201920-IN-025; TRX-201920-IN-026,count of incoming transactions in season,Reconciled Transaction Ledger & Primary Disclosures
MST-2019-0477,2019/20,outgoing_count,TRANSFER,arsenal_transfers.csv,outgoing_count,TRX-201920-OUT-027; TRX-201920-OUT-028; TRX-201920-OUT-029; TRX-201920-OUT-030; TRX-201920-OUT-031; TRX-201920-OUT-032; TRX-201920-OUT-033; TRX-201920-OUT-034; TRX-201920-OUT-035; TRX-201920-OUT-036; TRX-201920-OUT-037,count of outgoing transactions in season,Reconciled Transaction Ledger & Primary Disclosures
MST-2019-0478,2019/20,permanent_count,TRANSFER,arsenal_transfers.csv,permanent_count,TRX-201920-IN-019; TRX-201920-IN-020; TRX-201920-IN-022; TRX-201920-IN-023; TRX-201920-IN-024; TRX-201920-OUT-027; TRX-201920-OUT-028; TRX-201920-OUT-029; TRX-201920-OUT-030; TRX-201920-OUT-031; TRX-201920-OUT-032; TRX-201920-OUT-033; TRX-201920-OUT-034; TRX-201920-OUT-035; TRX-201920-OUT-036,count of permanent transactions in season,Reconciled Transaction Ledger & Primary Disclosures
MST-2019-0479,2019/20,loan_count,TRANSFER,arsenal_transfers.csv,loan_count,TRX-201920-IN-021; TRX-201920-IN-025; TRX-201920-IN-026; TRX-201920-OUT-037,count of temporary loan arrangements in season,Reconciled Transaction Ledger & Primary Disclosures
MST-2019-0480,2019/20,exact_fee_count,TRANSFER,TRANSFER_DERIVED_PROVENANCE.csv,exact_fee_count,TRX-DER-2019-EXACT_COUNT,count where fee_value_status == 'EXACT',Reconciled Transaction Ledger & Primary Disclosures
MST-2019-0481,2019/20,estimated_fee_count,TRANSFER,arsenal_transfers.csv,estimated_fee_count,TRX-201920-IN-019; TRX-201920-IN-020; TRX-201920-IN-022; TRX-201920-IN-023; TRX-201920-IN-024; TRX-201920-OUT-031; TRX-201920-OUT-032; TRX-201920-OUT-033; TRX-201920-OUT-034; TRX-201920-OUT-035; TRX-201920-OUT-036,"count where fee_value_status in {'ESTIMATED', 'BASE_PLUS_ADDONS'}",Reconciled Transaction Ledger & Primary Disclosures
MST-2019-0482,2019/20,undisclosed_fee_count,TRANSFER,arsenal_transfers.csv,undisclosed_fee_count,TRX-201920-IN-019; TRX-201920-IN-020; TRX-201920-IN-021; TRX-201920-IN-022; TRX-201920-IN-023; TRX-201920-IN-024; TRX-201920-IN-025; TRX-201920-IN-026; TRX-201920-OUT-031; TRX-201920-OUT-032; TRX-201920-OUT-033; TRX-201920-OUT-034; TRX-201920-OUT-035; TRX-201920-OUT-036; TRX-201920-OUT-037,count where fee_disclosure_status == 'UNDISCLOSED',Reconciled Transaction Ledger & Primary Disclosures
MST-2019-0483,2019/20,zero_free_count,TRANSFER,arsenal_transfers.csv,zero_free_count,TRX-201920-OUT-027; TRX-201920-OUT-028; TRX-201920-OUT-029; TRX-201920-OUT-030,count where fee_value_status == 'ZERO',Reconciled Transaction Ledger & Primary Disclosures
MST-2019-0484,2019/20,loan_fee_count,TRANSFER,arsenal_transfers.csv,loan_fee_count,TRX-201920-IN-021; TRX-201920-IN-025; TRX-201920-IN-026; TRX-201920-OUT-037,count where fee_value_status == 'LOAN_FEE',Reconciled Transaction Ledger & Primary Disclosures
MST-2019-0485,2019/20,transaction_coverage_pct,TRANSFER,TRANSFER_DERIVED_PROVENANCE.csv,transaction_coverage_pct,TRX-DER-2019-TRX_COV_PCT,(verified_transactions / identified_total) * 100,Reconciled Transaction Ledger & Primary Disclosures
MST-2019-0486,2019/20,numerical_fee_coverage_pct,TRANSFER,TRANSFER_DERIVED_PROVENANCE.csv,numerical_fee_coverage_pct,TRX-DER-2019-NUM_COV_PCT,(numerical_fees / non_free_transactions) * 100,Reconciled Transaction Ledger & Primary Disclosures
MST-2019-0487,2019/20,exact_fee_coverage_pct,TRANSFER,TRANSFER_DERIVED_PROVENANCE.csv,exact_fee_coverage_pct,TRX-DER-2019-EXACT_COV_PCT,(exact_fee_count / transaction_count) * 100,Reconciled Transaction Ledger & Primary Disclosures
MST-2019-0488,2019/20,primary_fee_coverage_pct,TRANSFER,TRANSFER_DERIVED_PROVENANCE.csv,primary_fee_coverage_pct,TRX-DER-2019-PRIM_COV_PCT,((exact_fee_count + zero_free_count) / transaction_count) * 100,Reconciled Transaction Ledger & Primary Disclosures
MST-2019-0489,2019/20,estimated_value_share_pct,TRANSFER,TRANSFER_DERIVED_PROVENANCE.csv,estimated_value_share_pct,TRX-DER-2019-EST_VAL_SHARE,(estimated_consideration / total_season_consideration) * 100,Reconciled Transaction Ledger & Primary Disclosures
MST-2019-0490,2019/20,classification,TRANSFER,TRANSFER_DERIVED_PROVENANCE.csv,classification,TRX-DER-2019-CLASS,Structural classification: all 10 seasons verified as CORE,Reconciled Transaction Ledger & Primary Disclosures
MST-2019-0491,2019/20,notes,TRANSFER,TRANSFER_DERIVED_PROVENANCE.csv,notes,TRX-DER-2019-NOTES,Structured seasonal transfer audit summary string,Reconciled Transaction Ledger & Primary Disclosures
MST-2019-0492,2019/20,league_position,SPORTING,arsenal_sporting.csv,league_position,SPT-PROV-2019-177,Direct Ranking from Official Table,Primary Regulatory Record
MST-2019-0493,2019/20,points,SPORTING,arsenal_sporting.csv,points,SPT-PROV-2019-178,None (Directly Reported),Primary Regulatory Record
MST-2019-0494,2019/20,matches_played,SPORTING,arsenal_sporting.csv,matches_played,SPT-PROV-2019-179,None (Directly Reported),Primary Regulatory Record
MST-2019-0495,2019/20,wins,SPORTING,arsenal_sporting.csv,wins,SPT-PROV-2019-180,None (Directly Reported),Primary Regulatory Record
MST-2019-0496,2019/20,draws,SPORTING,arsenal_sporting.csv,draws,SPT-PROV-2019-181,None (Directly Reported),Primary Regulatory Record
MST-2019-0497,2019/20,losses,SPORTING,arsenal_sporting.csv,losses,SPT-PROV-2019-182,None (Directly Reported),Primary Regulatory Record
MST-2019-0498,2019/20,goals_for,SPORTING,arsenal_sporting.csv,goals_for,SPT-PROV-2019-183,None (Directly Reported),Primary Regulatory Record
MST-2019-0499,2019/20,goals_against,SPORTING,arsenal_sporting.csv,goals_against,SPT-PROV-2019-184,None (Directly Reported),Primary Regulatory Record
MST-2019-0500,2019/20,goal_difference,SPORTING,arsenal_sporting.csv,goal_difference,SPT-PROV-2019-185,goals_for - goals_against,Derived from Primary Inputs
MST-2019-0501,2019/20,ppg,SPORTING,arsenal_sporting.csv,ppg,SPT-PROV-2019-186,points / matches_played,Derived from Primary Inputs
MST-2019-0502,2019/20,fa_cup_stage,SPORTING,arsenal_sporting.csv,fa_cup_stage,SPT-PROV-2019-187,Direct Tournament Round Record,Primary Regulatory Record
MST-2019-0503,2019/20,fa_cup_matches,SPORTING,arsenal_sporting.csv,fa_cup_matches,SPT-PROV-2019-188,Direct Match Count,Primary Regulatory Record
MST-2019-0504,2019/20,fa_cup_wins,SPORTING,arsenal_sporting.csv,fa_cup_wins,SPT-PROV-2019-189,Direct Match Count,Primary Regulatory Record
MST-2019-0505,2019/20,fa_cup_draws,SPORTING,arsenal_sporting.csv,fa_cup_draws,SPT-PROV-2019-190,Direct Match Count,Primary Regulatory Record
MST-2019-0506,2019/20,fa_cup_losses,SPORTING,arsenal_sporting.csv,fa_cup_losses,SPT-PROV-2019-191,Direct Match Count,Primary Regulatory Record
MST-2019-0507,2019/20,fa_cup_goals_for,SPORTING,arsenal_sporting.csv,fa_cup_goals_for,SPT-PROV-2019-192,Direct Goal Sum,Primary Regulatory Record
MST-2019-0508,2019/20,fa_cup_goals_against,SPORTING,arsenal_sporting.csv,fa_cup_goals_against,SPT-PROV-2019-193,Direct Goal Sum,Primary Regulatory Record
MST-2019-0509,2019/20,fa_cup_trophy,SPORTING,arsenal_sporting.csv,fa_cup_trophy,SPT-PROV-2019-194,Direct Tournament Victory Record,Primary Regulatory Record
MST-2019-0510,2019/20,league_cup_stage,SPORTING,arsenal_sporting.csv,league_cup_stage,SPT-PROV-2019-195,Direct Tournament Round Record,Primary Regulatory Record
MST-2019-0511,2019/20,league_cup_matches,SPORTING,arsenal_sporting.csv,league_cup_matches,SPT-PROV-2019-196,Direct Match Count,Primary Regulatory Record
MST-2019-0512,2019/20,league_cup_wins,SPORTING,arsenal_sporting.csv,league_cup_wins,SPT-PROV-2019-197,Direct Match Count,Primary Regulatory Record
MST-2019-0513,2019/20,league_cup_draws,SPORTING,arsenal_sporting.csv,league_cup_draws,SPT-PROV-2019-198,Direct Match Count,Primary Regulatory Record
MST-2019-0514,2019/20,league_cup_losses,SPORTING,arsenal_sporting.csv,league_cup_losses,SPT-PROV-2019-199,Direct Match Count,Primary Regulatory Record
MST-2019-0515,2019/20,league_cup_goals_for,SPORTING,arsenal_sporting.csv,league_cup_goals_for,SPT-PROV-2019-200,Direct Goal Sum,Primary Regulatory Record
MST-2019-0516,2019/20,league_cup_goals_against,SPORTING,arsenal_sporting.csv,league_cup_goals_against,SPT-PROV-2019-201,Direct Goal Sum,Primary Regulatory Record
MST-2019-0517,2019/20,league_cup_trophy,SPORTING,arsenal_sporting.csv,league_cup_trophy,SPT-PROV-2019-202,Direct Tournament Victory Record,Primary Regulatory Record
MST-2019-0518,2019/20,europe_competition,SPORTING,arsenal_sporting.csv,europe_competition,SPT-PROV-2019-203,Direct UEFA Participation Record,Primary Regulatory Record
MST-2019-0519,2019/20,europe_stage,SPORTING,arsenal_sporting.csv,europe_stage,SPT-PROV-2019-204,Direct UEFA Round Record,Primary Regulatory Record
MST-2019-0520,2019/20,europe_matches,SPORTING,arsenal_sporting.csv,europe_matches,SPT-PROV-2019-205,Direct Match Count,Primary Regulatory Record
MST-2019-0521,2019/20,europe_wins,SPORTING,arsenal_sporting.csv,europe_wins,SPT-PROV-2019-206,Direct Match Count,Primary Regulatory Record
MST-2019-0522,2019/20,europe_draws,SPORTING,arsenal_sporting.csv,europe_draws,SPT-PROV-2019-207,Direct Match Count,Primary Regulatory Record
MST-2019-0523,2019/20,europe_losses,SPORTING,arsenal_sporting.csv,europe_losses,SPT-PROV-2019-208,Direct Match Count,Primary Regulatory Record
MST-2019-0524,2019/20,europe_goals_for,SPORTING,arsenal_sporting.csv,europe_goals_for,SPT-PROV-2019-209,Direct Goal Sum,Primary Regulatory Record
MST-2019-0525,2019/20,europe_goals_against,SPORTING,arsenal_sporting.csv,europe_goals_against,SPT-PROV-2019-210,Direct Goal Sum,Primary Regulatory Record
MST-2019-0526,2019/20,europe_trophy,SPORTING,arsenal_sporting.csv,europe_trophy,SPT-PROV-2019-211,Direct Tournament Victory Record,Primary Regulatory Record
MST-2019-0527,2019/20,xg,SPORTING,arsenal_sporting.csv,xg,SPT-PROV-2019-212,Direct Model Sum (Understat),Third-Party Analytics Model
MST-2019-0528,2019/20,xga,SPORTING,arsenal_sporting.csv,xga,SPT-PROV-2019-213,Direct Model Sum (Understat),Third-Party Analytics Model
MST-2019-0529,2019/20,xgd,SPORTING,arsenal_sporting.csv,xgd,SPT-PROV-2019-214,xg - xga,Derived from Third-Party Inputs
MST-2019-0530,2019/20,xpts,SPORTING,arsenal_sporting.csv,xpts,SPT-PROV-2019-215,Understat/model-derived metric,Third-Party Analytics Model
MST-2019-0531,2019/20,ppda,SPORTING,arsenal_sporting.csv,ppda,SPT-PROV-2019-216,Direct Model: sum(att) / sum(def),Third-Party Analytics Model
MST-2019-0532,2019/20,possession_pct,SPORTING,arsenal_sporting.csv,possession_pct,SPT-PROV-2019-217,Arithmetic mean: raw_possession / 38,Derived from Primary Inputs
MST-2019-0533,2019/20,shots,SPORTING,arsenal_sporting.csv,shots,SPT-PROV-2019-218,Direct: total_scoring_att,Primary Regulatory Record
MST-2019-0534,2019/20,shots_on_target,SPORTING,arsenal_sporting.csv,shots_on_target,SPT-PROV-2019-219,Direct: ontarget_scoring_att,Primary Regulatory Record
MST-2019-0535,2019/20,covid_disruption_flag,SPORTING,arsenal_sporting.csv,covid_disruption_flag,SPT-PROV-2019-220,Direct: Calendar Shock,Primary Regulatory Record
MST-2020-0536,2020/21,financial_year,FINANCIAL,arsenal_financials.csv,financial_year,FIN-FY2021-FOOTBA-0096,Direct Calendar Alignment (31 May),Audited Statutory Accounts (Companies House)
MST-2020-0537,2020/21,football_turnover,FINANCIAL,arsenal_financials.csv,football_turnover,FIN-FY2021-FOOTBA-0096,None (Directly Reported in £m),Primary Audited
MST-2020-0538,2020/21,total_turnover,FINANCIAL,arsenal_financials.csv,total_turnover,FIN-FY2021-TOTAL_-0097,None (Directly Reported in £m),Primary Audited
MST-2020-0539,2020/21,broadcast_revenue,FINANCIAL,arsenal_financials.csv,broadcast_revenue,FIN-FY2021-BROADC-0098,None (Directly Reported in £m),Primary Audited
MST-2020-0540,2020/21,commercial_revenue,FINANCIAL,arsenal_financials.csv,commercial_revenue,FIN-FY2021-COMMER-0099,None (Directly Reported in £m),Primary Audited
MST-2020-0541,2020/21,matchday_revenue,FINANCIAL,arsenal_financials.csv,matchday_revenue,FIN-FY2021-MATCHD-0100,None (Directly Reported in £m),Primary Audited
MST-2020-0542,2020/21,staff_costs,FINANCIAL,arsenal_financials.csv,staff_costs,FIN-FY2021-STAFF_-0101,None (Directly Reported in £m),Primary Audited
MST-2020-0543,2020/21,operating_expenses,FINANCIAL,arsenal_financials.csv,operating_expenses,FIN-FY2021-OPERAT-0102,None (Directly Reported in £m),Primary Audited
MST-2020-0544,2020/21,player_amortisation,FINANCIAL,arsenal_financials.csv,player_amortisation,FIN-FY2021-PLAYER-0103,None (Directly Reported in £m),Primary Audited
MST-2020-0545,2020/21,player_impairment,FINANCIAL,arsenal_financials.csv,player_impairment,FIN-FY2021-PLAYER-0104,None (Directly Reported in £m),Primary Audited
MST-2020-0546,2020/21,depreciation,FINANCIAL,arsenal_financials.csv,depreciation,FIN-FY2021-DEPREC-0105,None (Directly Reported in £m),Primary Audited
MST-2020-0547,2020/21,operating_profit_loss,FINANCIAL,arsenal_financials.csv,operating_profit_loss,FIN-FY2021-OPERAT-0106,None (Directly Reported in £m),Primary Audited
MST-2020-0548,2020/21,net_profit_loss,FINANCIAL,arsenal_financials.csv,net_profit_loss,FIN-FY2021-NET_PR-0107,None (Directly Reported in £m),Primary Audited
MST-2020-0549,2020/21,cash,FINANCIAL,arsenal_financials.csv,cash,FIN-FY2021-CASH-0108,None (Directly Reported in £m),Primary Audited
MST-2020-0550,2020/21,gross_debt,FINANCIAL,arsenal_financials.csv,gross_debt,FIN-FY2021-GROSS_-0109,None (Directly Reported in £m),Primary Audited
MST-2020-0551,2020/21,net_debt,FINANCIAL,arsenal_financials.csv,net_debt,FIN-FY2021-NET_DE-0110,gross_debt - cash,Primary Audited
MST-2020-0552,2020/21,net_finance_costs,FINANCIAL,arsenal_financials.csv,net_finance_costs,FIN-FY2021-NET_FI-0111,None (Directly Reported in £m),Primary Audited
MST-2020-0553,2020/21,profit_on_player_disposals,FINANCIAL,arsenal_financials.csv,profit_on_player_disposals,FIN-FY2021-PROFIT-0112,None (Directly Reported in £m),Primary Audited
MST-2020-0554,2020/21,player_registration_additions,FINANCIAL,arsenal_financials.csv,player_registration_additions,FIN-FY2021-PLAYER-0113,None (Directly Reported in £m),Primary Audited
MST-2020-0555,2020/21,player_registration_nbv,FINANCIAL,arsenal_financials.csv,player_registration_nbv,FIN-FY2021-PLAYER-0114,None (Directly Reported in £m),Primary Audited
MST-2020-0556,2020/21,revenue_growth_pct,FINANCIAL,arsenal_financials.csv,revenue_growth_pct,DER-FY2021-REVENU-0241,((football_turnover_t - football_turnover_{t-1}) / football_turnover_{t-1}) * 100,Derived Analytical
MST-2020-0557,2020/21,commercial_share_pct,FINANCIAL,arsenal_financials.csv,commercial_share_pct,DER-FY2021-COMMER-0242,(commercial_revenue / football_turnover) * 100,Derived Analytical
MST-2020-0558,2020/21,broadcast_share_pct,FINANCIAL,arsenal_financials.csv,broadcast_share_pct,DER-FY2021-BROADC-0243,(broadcast_revenue / football_turnover) * 100,Derived Analytical
MST-2020-0559,2020/21,matchday_share_pct,FINANCIAL,arsenal_financials.csv,matchday_share_pct,DER-FY2021-MATCHD-0244,(matchday_revenue / football_turnover) * 100,Derived Analytical
MST-2020-0560,2020/21,wage_to_revenue_pct,FINANCIAL,arsenal_financials.csv,wage_to_revenue_pct,DER-FY2021-WAGE_T-0245,(staff_costs / football_turnover) * 100,Derived Analytical
MST-2020-0561,2020/21,operating_margin_pct,FINANCIAL,arsenal_financials.csv,operating_margin_pct,DER-FY2021-OPERAT-0246,(operating_profit_loss / football_turnover) * 100,Derived Analytical
MST-2020-0562,2020/21,net_margin_pct,FINANCIAL,arsenal_financials.csv,net_margin_pct,DER-FY2021-NET_MA-0247,(net_profit_loss / football_turnover) * 100,Derived Analytical
MST-2020-0563,2020/21,net_debt_to_revenue_pct,FINANCIAL,arsenal_financials.csv,net_debt_to_revenue_pct,DER-FY2021-NET_DE-0248,(net_debt / football_turnover) * 100,Derived Analytical
MST-2020-0564,2020/21,net_finance_cost_to_revenue_pct,FINANCIAL,arsenal_financials.csv,net_finance_cost_to_revenue_pct,DER-FY2021-NET_FI-0249,(net_finance_costs / football_turnover) * 100,Derived Analytical
MST-2020-0565,2020/21,amortisation_to_revenue_pct,FINANCIAL,arsenal_financials.csv,amortisation_to_revenue_pct,DER-FY2021-AMORTI-0250,(player_amortisation / football_turnover) * 100,Derived Analytical
MST-2020-0566,2020/21,permanent_gross_transfer_spend,TRANSFER,arsenal_transfers.csv,permanent_gross_transfer_spend,TRX-202021-IN-027; TRX-202021-IN-028; TRX-202021-IN-029; TRX-202021-IN-030; TRX-202021-IN-032; TRX-202021-IN-033,sum(fee_gbp) for permanent incoming transfers,Reconciled Transaction Ledger & Primary Disclosures
MST-2020-0567,2020/21,loan_fee_spend,TRANSFER,arsenal_transfers.csv,loan_fee_spend,TRX-202021-IN-031; TRX-202021-IN-034; TRX-202021-IN-035,sum(fee_gbp) for loan incoming transfers,Reconciled Transaction Ledger & Primary Disclosures
MST-2020-0568,2020/21,total_transfer_consideration,TRANSFER,TRANSFER_DERIVED_PROVENANCE.csv,total_transfer_consideration,TRX-DER-2020-TOTAL_CONSID,permanent_gross_transfer_spend + loan_fee_spend,Reconciled Transaction Ledger & Primary Disclosures
MST-2020-0569,2020/21,permanent_transfer_income,TRANSFER,arsenal_transfers.csv,permanent_transfer_income,TRX-202021-OUT-038; TRX-202021-OUT-039; TRX-202021-OUT-041; TRX-202021-OUT-042; TRX-202021-OUT-043,sum(fee_gbp) for permanent outgoing transfers,Reconciled Transaction Ledger & Primary Disclosures
MST-2020-0570,2020/21,loan_income,TRANSFER,arsenal_transfers.csv,loan_income,TRX-202021-OUT-040,sum(fee_gbp) for loan outgoing transfers,Reconciled Transaction Ledger & Primary Disclosures
MST-2020-0571,2020/21,total_transfer_income,TRANSFER,TRANSFER_DERIVED_PROVENANCE.csv,total_transfer_income,TRX-DER-2020-TOTAL_INCOME,permanent_transfer_income + loan_income,Reconciled Transaction Ledger & Primary Disclosures
MST-2020-0572,2020/21,permanent_net_transfer_spend,TRANSFER,TRANSFER_DERIVED_PROVENANCE.csv,permanent_net_transfer_spend,TRX-DER-2020-PERM_NET,permanent_gross_transfer_spend - permanent_transfer_income,Reconciled Transaction Ledger & Primary Disclosures
MST-2020-0573,2020/21,total_net_transfer_consideration,TRANSFER,TRANSFER_DERIVED_PROVENANCE.csv,total_net_transfer_consideration,TRX-DER-2020-TOTAL_NET,total_transfer_consideration - total_transfer_income,Reconciled Transaction Ledger & Primary Disclosures
MST-2020-0574,2020/21,primary_transfer_spend_to_revenue_pct,TRANSFER,TRANSFER_DERIVED_PROVENANCE.csv,primary_transfer_spend_to_revenue_pct,TRX-DER-2020-PRIM_SPEND_REV,(permanent_gross_transfer_spend / football_turnover) * 100,Reconciled Transaction Ledger & Primary Disclosures
MST-2020-0575,2020/21,total_spend_to_revenue_pct,TRANSFER,TRANSFER_DERIVED_PROVENANCE.csv,total_spend_to_revenue_pct,TRX-DER-2020-TOT_SPEND_REV,(total_transfer_consideration / football_turnover) * 100,Reconciled Transaction Ledger & Primary Disclosures
MST-2020-0576,2020/21,permanent_net_spend_to_revenue_pct,TRANSFER,TRANSFER_DERIVED_PROVENANCE.csv,permanent_net_spend_to_revenue_pct,TRX-DER-2020-PERM_NET_REV,(permanent_net_transfer_spend / football_turnover) * 100,Reconciled Transaction Ledger & Primary Disclosures
MST-2020-0577,2020/21,total_net_spend_to_revenue_pct,TRANSFER,TRANSFER_DERIVED_PROVENANCE.csv,total_net_spend_to_revenue_pct,TRX-DER-2020-TOT_NET_REV,(total_net_transfer_consideration / football_turnover) * 100,Reconciled Transaction Ledger & Primary Disclosures
MST-2020-0578,2020/21,upper_bound_permanent_spend,TRANSFER,arsenal_transfers.csv,upper_bound_permanent_spend,TRX-202021-IN-027; TRX-202021-IN-028; TRX-202021-IN-029; TRX-202021-IN-030; TRX-202021-IN-032; TRX-202021-IN-033,sum(fee_gbp + add_on_fee) for permanent incoming,Reconciled Transaction Ledger & Primary Disclosures
MST-2020-0579,2020/21,upper_bound_total_consideration,TRANSFER,arsenal_transfers.csv,upper_bound_total_consideration,TRX-202021-IN-027; TRX-202021-IN-028; TRX-202021-IN-029; TRX-202021-IN-030; TRX-202021-IN-031; TRX-202021-IN-032; TRX-202021-IN-033; TRX-202021-IN-034; TRX-202021-IN-035,sum(fee_gbp + add_on_fee) for all incoming,Reconciled Transaction Ledger & Primary Disclosures
MST-2020-0580,2020/21,spend_add_on_differential,TRANSFER,TRANSFER_DERIVED_PROVENANCE.csv,spend_add_on_differential,TRX-DER-2020-SPEND_DIFF,upper_bound_permanent_spend - permanent_gross_transfer_spend,Reconciled Transaction Ledger & Primary Disclosures
MST-2020-0581,2020/21,spend_sensitivity_pct,TRANSFER,TRANSFER_DERIVED_PROVENANCE.csv,spend_sensitivity_pct,TRX-DER-2020-SPEND_SENS_PCT,(spend_add_on_differential / permanent_gross_transfer_spend) * 100,Reconciled Transaction Ledger & Primary Disclosures
MST-2020-0582,2020/21,transaction_count,TRANSFER,arsenal_transfers.csv,transaction_count,TRX-202021-IN-027; TRX-202021-IN-028; TRX-202021-IN-029; TRX-202021-IN-030; TRX-202021-IN-031; TRX-202021-IN-032; TRX-202021-IN-033; TRX-202021-IN-034; TRX-202021-IN-035; TRX-202021-OUT-038; TRX-202021-OUT-039; TRX-202021-OUT-040; TRX-202021-OUT-041; TRX-202021-OUT-042; TRX-202021-OUT-043,count of all transactions in season,Reconciled Transaction Ledger & Primary Disclosures
MST-2020-0583,2020/21,incoming_count,TRANSFER,arsenal_transfers.csv,incoming_count,TRX-202021-IN-027; TRX-202021-IN-028; TRX-202021-IN-029; TRX-202021-IN-030; TRX-202021-IN-031; TRX-202021-IN-032; TRX-202021-IN-033; TRX-202021-IN-034; TRX-202021-IN-035,count of incoming transactions in season,Reconciled Transaction Ledger & Primary Disclosures
MST-2020-0584,2020/21,outgoing_count,TRANSFER,arsenal_transfers.csv,outgoing_count,TRX-202021-OUT-038; TRX-202021-OUT-039; TRX-202021-OUT-040; TRX-202021-OUT-041; TRX-202021-OUT-042; TRX-202021-OUT-043,count of outgoing transactions in season,Reconciled Transaction Ledger & Primary Disclosures
MST-2020-0585,2020/21,permanent_count,TRANSFER,arsenal_transfers.csv,permanent_count,TRX-202021-IN-027; TRX-202021-IN-028; TRX-202021-IN-029; TRX-202021-IN-030; TRX-202021-IN-032; TRX-202021-IN-033; TRX-202021-OUT-038; TRX-202021-OUT-039; TRX-202021-OUT-041; TRX-202021-OUT-042; TRX-202021-OUT-043,count of permanent transactions in season,Reconciled Transaction Ledger & Primary Disclosures
MST-2020-0586,2020/21,loan_count,TRANSFER,arsenal_transfers.csv,loan_count,TRX-202021-IN-031; TRX-202021-IN-034; TRX-202021-IN-035; TRX-202021-OUT-040,count of temporary loan arrangements in season,Reconciled Transaction Ledger & Primary Disclosures
MST-2020-0587,2020/21,exact_fee_count,TRANSFER,arsenal_transfers.csv,exact_fee_count,TRX-202021-IN-033,count where fee_value_status == 'EXACT',Reconciled Transaction Ledger & Primary Disclosures
MST-2020-0588,2020/21,estimated_fee_count,TRANSFER,arsenal_transfers.csv,estimated_fee_count,TRX-202021-IN-027; TRX-202021-IN-030; TRX-202021-IN-032; TRX-202021-OUT-039,"count where fee_value_status in {'ESTIMATED', 'BASE_PLUS_ADDONS'}",Reconciled Transaction Ledger & Primary Disclosures
MST-2020-0589,2020/21,undisclosed_fee_count,TRANSFER,arsenal_transfers.csv,undisclosed_fee_count,TRX-202021-IN-027; TRX-202021-IN-030; TRX-202021-IN-031; TRX-202021-IN-032; TRX-202021-IN-035; TRX-202021-OUT-039; TRX-202021-OUT-040,count where fee_disclosure_status == 'UNDISCLOSED',Reconciled Transaction Ledger & Primary Disclosures
MST-2020-0590,2020/21,zero_free_count,TRANSFER,arsenal_transfers.csv,zero_free_count,TRX-202021-IN-028; TRX-202021-IN-029; TRX-202021-OUT-038; TRX-202021-OUT-041; TRX-202021-OUT-042; TRX-202021-OUT-043,count where fee_value_status == 'ZERO',Reconciled Transaction Ledger & Primary Disclosures
MST-2020-0591,2020/21,loan_fee_count,TRANSFER,arsenal_transfers.csv,loan_fee_count,TRX-202021-IN-031; TRX-202021-IN-034; TRX-202021-IN-035; TRX-202021-OUT-040,count where fee_value_status == 'LOAN_FEE',Reconciled Transaction Ledger & Primary Disclosures
MST-2020-0592,2020/21,transaction_coverage_pct,TRANSFER,TRANSFER_DERIVED_PROVENANCE.csv,transaction_coverage_pct,TRX-DER-2020-TRX_COV_PCT,(verified_transactions / identified_total) * 100,Reconciled Transaction Ledger & Primary Disclosures
MST-2020-0593,2020/21,numerical_fee_coverage_pct,TRANSFER,TRANSFER_DERIVED_PROVENANCE.csv,numerical_fee_coverage_pct,TRX-DER-2020-NUM_COV_PCT,(numerical_fees / non_free_transactions) * 100,Reconciled Transaction Ledger & Primary Disclosures
MST-2020-0594,2020/21,exact_fee_coverage_pct,TRANSFER,TRANSFER_DERIVED_PROVENANCE.csv,exact_fee_coverage_pct,TRX-DER-2020-EXACT_COV_PCT,(exact_fee_count / transaction_count) * 100,Reconciled Transaction Ledger & Primary Disclosures
MST-2020-0595,2020/21,primary_fee_coverage_pct,TRANSFER,TRANSFER_DERIVED_PROVENANCE.csv,primary_fee_coverage_pct,TRX-DER-2020-PRIM_COV_PCT,((exact_fee_count + zero_free_count) / transaction_count) * 100,Reconciled Transaction Ledger & Primary Disclosures
MST-2020-0596,2020/21,estimated_value_share_pct,TRANSFER,TRANSFER_DERIVED_PROVENANCE.csv,estimated_value_share_pct,TRX-DER-2020-EST_VAL_SHARE,(estimated_consideration / total_season_consideration) * 100,Reconciled Transaction Ledger & Primary Disclosures
MST-2020-0597,2020/21,classification,TRANSFER,TRANSFER_DERIVED_PROVENANCE.csv,classification,TRX-DER-2020-CLASS,Structural classification: all 10 seasons verified as CORE,Reconciled Transaction Ledger & Primary Disclosures
MST-2020-0598,2020/21,notes,TRANSFER,TRANSFER_DERIVED_PROVENANCE.csv,notes,TRX-DER-2020-NOTES,Structured seasonal transfer audit summary string,Reconciled Transaction Ledger & Primary Disclosures
MST-2020-0599,2020/21,league_position,SPORTING,arsenal_sporting.csv,league_position,SPT-PROV-2020-221,Direct Ranking from Official Table,Primary Regulatory Record
MST-2020-0600,2020/21,points,SPORTING,arsenal_sporting.csv,points,SPT-PROV-2020-222,None (Directly Reported),Primary Regulatory Record
MST-2020-0601,2020/21,matches_played,SPORTING,arsenal_sporting.csv,matches_played,SPT-PROV-2020-223,None (Directly Reported),Primary Regulatory Record
MST-2020-0602,2020/21,wins,SPORTING,arsenal_sporting.csv,wins,SPT-PROV-2020-224,None (Directly Reported),Primary Regulatory Record
MST-2020-0603,2020/21,draws,SPORTING,arsenal_sporting.csv,draws,SPT-PROV-2020-225,None (Directly Reported),Primary Regulatory Record
MST-2020-0604,2020/21,losses,SPORTING,arsenal_sporting.csv,losses,SPT-PROV-2020-226,None (Directly Reported),Primary Regulatory Record
MST-2020-0605,2020/21,goals_for,SPORTING,arsenal_sporting.csv,goals_for,SPT-PROV-2020-227,None (Directly Reported),Primary Regulatory Record
MST-2020-0606,2020/21,goals_against,SPORTING,arsenal_sporting.csv,goals_against,SPT-PROV-2020-228,None (Directly Reported),Primary Regulatory Record
MST-2020-0607,2020/21,goal_difference,SPORTING,arsenal_sporting.csv,goal_difference,SPT-PROV-2020-229,goals_for - goals_against,Derived from Primary Inputs
MST-2020-0608,2020/21,ppg,SPORTING,arsenal_sporting.csv,ppg,SPT-PROV-2020-230,points / matches_played,Derived from Primary Inputs
MST-2020-0609,2020/21,fa_cup_stage,SPORTING,arsenal_sporting.csv,fa_cup_stage,SPT-PROV-2020-231,Direct Tournament Round Record,Primary Regulatory Record
MST-2020-0610,2020/21,fa_cup_matches,SPORTING,arsenal_sporting.csv,fa_cup_matches,SPT-PROV-2020-232,Direct Match Count,Primary Regulatory Record
MST-2020-0611,2020/21,fa_cup_wins,SPORTING,arsenal_sporting.csv,fa_cup_wins,SPT-PROV-2020-233,Direct Match Count,Primary Regulatory Record
MST-2020-0612,2020/21,fa_cup_draws,SPORTING,arsenal_sporting.csv,fa_cup_draws,SPT-PROV-2020-234,Direct Match Count,Primary Regulatory Record
MST-2020-0613,2020/21,fa_cup_losses,SPORTING,arsenal_sporting.csv,fa_cup_losses,SPT-PROV-2020-235,Direct Match Count,Primary Regulatory Record
MST-2020-0614,2020/21,fa_cup_goals_for,SPORTING,arsenal_sporting.csv,fa_cup_goals_for,SPT-PROV-2020-236,Direct Goal Sum,Primary Regulatory Record
MST-2020-0615,2020/21,fa_cup_goals_against,SPORTING,arsenal_sporting.csv,fa_cup_goals_against,SPT-PROV-2020-237,Direct Goal Sum,Primary Regulatory Record
MST-2020-0616,2020/21,fa_cup_trophy,SPORTING,arsenal_sporting.csv,fa_cup_trophy,SPT-PROV-2020-238,Direct Tournament Victory Record,Primary Regulatory Record
MST-2020-0617,2020/21,league_cup_stage,SPORTING,arsenal_sporting.csv,league_cup_stage,SPT-PROV-2020-239,Direct Tournament Round Record,Primary Regulatory Record
MST-2020-0618,2020/21,league_cup_matches,SPORTING,arsenal_sporting.csv,league_cup_matches,SPT-PROV-2020-240,Direct Match Count,Primary Regulatory Record
MST-2020-0619,2020/21,league_cup_wins,SPORTING,arsenal_sporting.csv,league_cup_wins,SPT-PROV-2020-241,Direct Match Count,Primary Regulatory Record
MST-2020-0620,2020/21,league_cup_draws,SPORTING,arsenal_sporting.csv,league_cup_draws,SPT-PROV-2020-242,Direct Match Count,Primary Regulatory Record
MST-2020-0621,2020/21,league_cup_losses,SPORTING,arsenal_sporting.csv,league_cup_losses,SPT-PROV-2020-243,Direct Match Count,Primary Regulatory Record
MST-2020-0622,2020/21,league_cup_goals_for,SPORTING,arsenal_sporting.csv,league_cup_goals_for,SPT-PROV-2020-244,Direct Goal Sum,Primary Regulatory Record
MST-2020-0623,2020/21,league_cup_goals_against,SPORTING,arsenal_sporting.csv,league_cup_goals_against,SPT-PROV-2020-245,Direct Goal Sum,Primary Regulatory Record
MST-2020-0624,2020/21,league_cup_trophy,SPORTING,arsenal_sporting.csv,league_cup_trophy,SPT-PROV-2020-246,Direct Tournament Victory Record,Primary Regulatory Record
MST-2020-0625,2020/21,europe_competition,SPORTING,arsenal_sporting.csv,europe_competition,SPT-PROV-2020-247,Direct UEFA Participation Record,Primary Regulatory Record
MST-2020-0626,2020/21,europe_stage,SPORTING,arsenal_sporting.csv,europe_stage,SPT-PROV-2020-248,Direct UEFA Round Record,Primary Regulatory Record
MST-2020-0627,2020/21,europe_matches,SPORTING,arsenal_sporting.csv,europe_matches,SPT-PROV-2020-249,Direct Match Count,Primary Regulatory Record
MST-2020-0628,2020/21,europe_wins,SPORTING,arsenal_sporting.csv,europe_wins,SPT-PROV-2020-250,Direct Match Count,Primary Regulatory Record
MST-2020-0629,2020/21,europe_draws,SPORTING,arsenal_sporting.csv,europe_draws,SPT-PROV-2020-251,Direct Match Count,Primary Regulatory Record
MST-2020-0630,2020/21,europe_losses,SPORTING,arsenal_sporting.csv,europe_losses,SPT-PROV-2020-252,Direct Match Count,Primary Regulatory Record
MST-2020-0631,2020/21,europe_goals_for,SPORTING,arsenal_sporting.csv,europe_goals_for,SPT-PROV-2020-253,Direct Goal Sum,Primary Regulatory Record
MST-2020-0632,2020/21,europe_goals_against,SPORTING,arsenal_sporting.csv,europe_goals_against,SPT-PROV-2020-254,Direct Goal Sum,Primary Regulatory Record
MST-2020-0633,2020/21,europe_trophy,SPORTING,arsenal_sporting.csv,europe_trophy,SPT-PROV-2020-255,Direct Tournament Victory Record,Primary Regulatory Record
MST-2020-0634,2020/21,xg,SPORTING,arsenal_sporting.csv,xg,SPT-PROV-2020-256,Direct Model Sum (Understat),Third-Party Analytics Model
MST-2020-0635,2020/21,xga,SPORTING,arsenal_sporting.csv,xga,SPT-PROV-2020-257,Direct Model Sum (Understat),Third-Party Analytics Model
MST-2020-0636,2020/21,xgd,SPORTING,arsenal_sporting.csv,xgd,SPT-PROV-2020-258,xg - xga,Derived from Third-Party Inputs
MST-2020-0637,2020/21,xpts,SPORTING,arsenal_sporting.csv,xpts,SPT-PROV-2020-259,Understat/model-derived metric,Third-Party Analytics Model
MST-2020-0638,2020/21,ppda,SPORTING,arsenal_sporting.csv,ppda,SPT-PROV-2020-260,Direct Model: sum(att) / sum(def),Third-Party Analytics Model
MST-2020-0639,2020/21,possession_pct,SPORTING,arsenal_sporting.csv,possession_pct,SPT-PROV-2020-261,Arithmetic mean: raw_possession / 38,Derived from Primary Inputs
MST-2020-0640,2020/21,shots,SPORTING,arsenal_sporting.csv,shots,SPT-PROV-2020-262,Direct: total_scoring_att,Primary Regulatory Record
MST-2020-0641,2020/21,shots_on_target,SPORTING,arsenal_sporting.csv,shots_on_target,SPT-PROV-2020-263,Direct: ontarget_scoring_att,Primary Regulatory Record
MST-2020-0642,2020/21,covid_disruption_flag,SPORTING,arsenal_sporting.csv,covid_disruption_flag,SPT-PROV-2020-264,Direct: Calendar Shock,Primary Regulatory Record
MST-2021-0643,2021/22,financial_year,FINANCIAL,arsenal_financials.csv,financial_year,FIN-FY2022-FOOTBA-0115,Direct Calendar Alignment (31 May),Audited Statutory Accounts (Companies House)
MST-2021-0644,2021/22,football_turnover,FINANCIAL,arsenal_financials.csv,football_turnover,FIN-FY2022-FOOTBA-0115,None (Directly Reported in £m),Primary Audited
MST-2021-0645,2021/22,total_turnover,FINANCIAL,arsenal_financials.csv,total_turnover,FIN-FY2022-TOTAL_-0116,None (Directly Reported in £m),Primary Audited
MST-2021-0646,2021/22,broadcast_revenue,FINANCIAL,arsenal_financials.csv,broadcast_revenue,FIN-FY2022-BROADC-0117,None (Directly Reported in £m),Primary Audited
MST-2021-0647,2021/22,commercial_revenue,FINANCIAL,arsenal_financials.csv,commercial_revenue,FIN-FY2022-COMMER-0118,None (Directly Reported in £m),Primary Audited
MST-2021-0648,2021/22,matchday_revenue,FINANCIAL,arsenal_financials.csv,matchday_revenue,FIN-FY2022-MATCHD-0119,None (Directly Reported in £m),Primary Audited
MST-2021-0649,2021/22,staff_costs,FINANCIAL,arsenal_financials.csv,staff_costs,FIN-FY2022-STAFF_-0120,None (Directly Reported in £m),Primary Audited
MST-2021-0650,2021/22,operating_expenses,FINANCIAL,arsenal_financials.csv,operating_expenses,FIN-FY2022-OPERAT-0121,None (Directly Reported in £m),Primary Audited
MST-2021-0651,2021/22,player_amortisation,FINANCIAL,arsenal_financials.csv,player_amortisation,FIN-FY2022-PLAYER-0122,None (Directly Reported in £m),Primary Audited
MST-2021-0652,2021/22,player_impairment,FINANCIAL,arsenal_financials.csv,player_impairment,FIN-FY2022-PLAYER-0123,None (Directly Reported in £m),Primary Audited
MST-2021-0653,2021/22,depreciation,FINANCIAL,arsenal_financials.csv,depreciation,FIN-FY2022-DEPREC-0124,None (Directly Reported in £m),Primary Audited
MST-2021-0654,2021/22,operating_profit_loss,FINANCIAL,arsenal_financials.csv,operating_profit_loss,FIN-FY2022-OPERAT-0125,None (Directly Reported in £m),Primary Audited
MST-2021-0655,2021/22,net_profit_loss,FINANCIAL,arsenal_financials.csv,net_profit_loss,FIN-FY2022-NET_PR-0126,None (Directly Reported in £m),Primary Audited
MST-2021-0656,2021/22,cash,FINANCIAL,arsenal_financials.csv,cash,FIN-FY2022-CASH-0127,None (Directly Reported in £m),Primary Audited
MST-2021-0657,2021/22,gross_debt,FINANCIAL,arsenal_financials.csv,gross_debt,FIN-FY2022-GROSS_-0128,None (Directly Reported in £m),Primary Audited
MST-2021-0658,2021/22,net_debt,FINANCIAL,arsenal_financials.csv,net_debt,FIN-FY2022-NET_DE-0129,gross_debt - cash,Primary Audited
MST-2021-0659,2021/22,net_finance_costs,FINANCIAL,arsenal_financials.csv,net_finance_costs,FIN-FY2022-NET_FI-0130,None (Directly Reported in £m),Primary Audited
MST-2021-0660,2021/22,profit_on_player_disposals,FINANCIAL,arsenal_financials.csv,profit_on_player_disposals,FIN-FY2022-PROFIT-0131,None (Directly Reported in £m),Primary Audited
MST-2021-0661,2021/22,player_registration_additions,FINANCIAL,arsenal_financials.csv,player_registration_additions,FIN-FY2022-PLAYER-0132,None (Directly Reported in £m),Primary Audited
MST-2021-0662,2021/22,player_registration_nbv,FINANCIAL,arsenal_financials.csv,player_registration_nbv,FIN-FY2022-PLAYER-0133,None (Directly Reported in £m),Primary Audited
MST-2021-0663,2021/22,revenue_growth_pct,FINANCIAL,arsenal_financials.csv,revenue_growth_pct,DER-FY2022-REVENU-0251,((football_turnover_t - football_turnover_{t-1}) / football_turnover_{t-1}) * 100,Derived Analytical
MST-2021-0664,2021/22,commercial_share_pct,FINANCIAL,arsenal_financials.csv,commercial_share_pct,DER-FY2022-COMMER-0252,(commercial_revenue / football_turnover) * 100,Derived Analytical
MST-2021-0665,2021/22,broadcast_share_pct,FINANCIAL,arsenal_financials.csv,broadcast_share_pct,DER-FY2022-BROADC-0253,(broadcast_revenue / football_turnover) * 100,Derived Analytical
MST-2021-0666,2021/22,matchday_share_pct,FINANCIAL,arsenal_financials.csv,matchday_share_pct,DER-FY2022-MATCHD-0254,(matchday_revenue / football_turnover) * 100,Derived Analytical
MST-2021-0667,2021/22,wage_to_revenue_pct,FINANCIAL,arsenal_financials.csv,wage_to_revenue_pct,DER-FY2022-WAGE_T-0255,(staff_costs / football_turnover) * 100,Derived Analytical
MST-2021-0668,2021/22,operating_margin_pct,FINANCIAL,arsenal_financials.csv,operating_margin_pct,DER-FY2022-OPERAT-0256,(operating_profit_loss / football_turnover) * 100,Derived Analytical
MST-2021-0669,2021/22,net_margin_pct,FINANCIAL,arsenal_financials.csv,net_margin_pct,DER-FY2022-NET_MA-0257,(net_profit_loss / football_turnover) * 100,Derived Analytical
MST-2021-0670,2021/22,net_debt_to_revenue_pct,FINANCIAL,arsenal_financials.csv,net_debt_to_revenue_pct,DER-FY2022-NET_DE-0258,(net_debt / football_turnover) * 100,Derived Analytical
MST-2021-0671,2021/22,net_finance_cost_to_revenue_pct,FINANCIAL,arsenal_financials.csv,net_finance_cost_to_revenue_pct,DER-FY2022-NET_FI-0259,(net_finance_costs / football_turnover) * 100,Derived Analytical
MST-2021-0672,2021/22,amortisation_to_revenue_pct,FINANCIAL,arsenal_financials.csv,amortisation_to_revenue_pct,DER-FY2022-AMORTI-0260,(player_amortisation / football_turnover) * 100,Derived Analytical
MST-2021-0673,2021/22,permanent_gross_transfer_spend,TRANSFER,arsenal_transfers.csv,permanent_gross_transfer_spend,TRX-202122-IN-036; TRX-202122-IN-037; TRX-202122-IN-038; TRX-202122-IN-039; TRX-202122-IN-040; TRX-202122-IN-041; TRX-202122-IN-042,sum(fee_gbp) for permanent incoming transfers,Reconciled Transaction Ledger & Primary Disclosures
MST-2021-0674,2021/22,loan_fee_spend,TRANSFER,TRANSFER_DERIVED_PROVENANCE.csv,loan_fee_spend,TRX-DER-2021-LOAN_SPEND,sum(fee_gbp) for loan incoming transfers,Reconciled Transaction Ledger & Primary Disclosures
MST-2021-0675,2021/22,total_transfer_consideration,TRANSFER,TRANSFER_DERIVED_PROVENANCE.csv,total_transfer_consideration,TRX-DER-2021-TOTAL_CONSID,permanent_gross_transfer_spend + loan_fee_spend,Reconciled Transaction Ledger & Primary Disclosures
MST-2021-0676,2021/22,permanent_transfer_income,TRANSFER,arsenal_transfers.csv,permanent_transfer_income,TRX-202122-OUT-044; TRX-202122-OUT-045; TRX-202122-OUT-046; TRX-202122-OUT-047; TRX-202122-OUT-048,sum(fee_gbp) for permanent outgoing transfers,Reconciled Transaction Ledger & Primary Disclosures
MST-2021-0677,2021/22,loan_income,TRANSFER,arsenal_transfers.csv,loan_income,TRX-202122-OUT-049,sum(fee_gbp) for loan outgoing transfers,Reconciled Transaction Ledger & Primary Disclosures
MST-2021-0678,2021/22,total_transfer_income,TRANSFER,TRANSFER_DERIVED_PROVENANCE.csv,total_transfer_income,TRX-DER-2021-TOTAL_INCOME,permanent_transfer_income + loan_income,Reconciled Transaction Ledger & Primary Disclosures
MST-2021-0679,2021/22,permanent_net_transfer_spend,TRANSFER,TRANSFER_DERIVED_PROVENANCE.csv,permanent_net_transfer_spend,TRX-DER-2021-PERM_NET,permanent_gross_transfer_spend - permanent_transfer_income,Reconciled Transaction Ledger & Primary Disclosures
MST-2021-0680,2021/22,total_net_transfer_consideration,TRANSFER,TRANSFER_DERIVED_PROVENANCE.csv,total_net_transfer_consideration,TRX-DER-2021-TOTAL_NET,total_transfer_consideration - total_transfer_income,Reconciled Transaction Ledger & Primary Disclosures
MST-2021-0681,2021/22,primary_transfer_spend_to_revenue_pct,TRANSFER,TRANSFER_DERIVED_PROVENANCE.csv,primary_transfer_spend_to_revenue_pct,TRX-DER-2021-PRIM_SPEND_REV,(permanent_gross_transfer_spend / football_turnover) * 100,Reconciled Transaction Ledger & Primary Disclosures
MST-2021-0682,2021/22,total_spend_to_revenue_pct,TRANSFER,TRANSFER_DERIVED_PROVENANCE.csv,total_spend_to_revenue_pct,TRX-DER-2021-TOT_SPEND_REV,(total_transfer_consideration / football_turnover) * 100,Reconciled Transaction Ledger & Primary Disclosures
MST-2021-0683,2021/22,permanent_net_spend_to_revenue_pct,TRANSFER,TRANSFER_DERIVED_PROVENANCE.csv,permanent_net_spend_to_revenue_pct,TRX-DER-2021-PERM_NET_REV,(permanent_net_transfer_spend / football_turnover) * 100,Reconciled Transaction Ledger & Primary Disclosures
MST-2021-0684,2021/22,total_net_spend_to_revenue_pct,TRANSFER,TRANSFER_DERIVED_PROVENANCE.csv,total_net_spend_to_revenue_pct,TRX-DER-2021-TOT_NET_REV,(total_net_transfer_consideration / football_turnover) * 100,Reconciled Transaction Ledger & Primary Disclosures
MST-2021-0685,2021/22,upper_bound_permanent_spend,TRANSFER,arsenal_transfers.csv,upper_bound_permanent_spend,TRX-202122-IN-036; TRX-202122-IN-037; TRX-202122-IN-038; TRX-202122-IN-039; TRX-202122-IN-040; TRX-202122-IN-041; TRX-202122-IN-042,sum(fee_gbp + add_on_fee) for permanent incoming,Reconciled Transaction Ledger & Primary Disclosures
MST-2021-0686,2021/22,upper_bound_total_consideration,TRANSFER,arsenal_transfers.csv,upper_bound_total_consideration,TRX-202122-IN-036; TRX-202122-IN-037; TRX-202122-IN-038; TRX-202122-IN-039; TRX-202122-IN-040; TRX-202122-IN-041; TRX-202122-IN-042,sum(fee_gbp + add_on_fee) for all incoming,Reconciled Transaction Ledger & Primary Disclosures
MST-2021-0687,2021/22,spend_add_on_differential,TRANSFER,TRANSFER_DERIVED_PROVENANCE.csv,spend_add_on_differential,TRX-DER-2021-SPEND_DIFF,upper_bound_permanent_spend - permanent_gross_transfer_spend,Reconciled Transaction Ledger & Primary Disclosures
MST-2021-0688,2021/22,spend_sensitivity_pct,TRANSFER,TRANSFER_DERIVED_PROVENANCE.csv,spend_sensitivity_pct,TRX-DER-2021-SPEND_SENS_PCT,(spend_add_on_differential / permanent_gross_transfer_spend) * 100,Reconciled Transaction Ledger & Primary Disclosures
MST-2021-0689,2021/22,transaction_count,TRANSFER,arsenal_transfers.csv,transaction_count,TRX-202122-IN-036; TRX-202122-IN-037; TRX-202122-IN-038; TRX-202122-IN-039; TRX-202122-IN-040; TRX-202122-IN-041; TRX-202122-IN-042; TRX-202122-OUT-044; TRX-202122-OUT-045; TRX-202122-OUT-046; TRX-202122-OUT-047; TRX-202122-OUT-048; TRX-202122-OUT-049,count of all transactions in season,Reconciled Transaction Ledger & Primary Disclosures
MST-2021-0690,2021/22,incoming_count,TRANSFER,arsenal_transfers.csv,incoming_count,TRX-202122-IN-036; TRX-202122-IN-037; TRX-202122-IN-038; TRX-202122-IN-039; TRX-202122-IN-040; TRX-202122-IN-041; TRX-202122-IN-042,count of incoming transactions in season,Reconciled Transaction Ledger & Primary Disclosures
MST-2021-0691,2021/22,outgoing_count,TRANSFER,arsenal_transfers.csv,outgoing_count,TRX-202122-OUT-044; TRX-202122-OUT-045; TRX-202122-OUT-046; TRX-202122-OUT-047; TRX-202122-OUT-048; TRX-202122-OUT-049,count of outgoing transactions in season,Reconciled Transaction Ledger & Primary Disclosures
MST-2021-0692,2021/22,permanent_count,TRANSFER,arsenal_transfers.csv,permanent_count,TRX-202122-IN-036; TRX-202122-IN-037; TRX-202122-IN-038; TRX-202122-IN-039; TRX-202122-IN-040; TRX-202122-IN-041; TRX-202122-IN-042; TRX-202122-OUT-044; TRX-202122-OUT-045; TRX-202122-OUT-046; TRX-202122-OUT-047; TRX-202122-OUT-048,count of permanent transactions in season,Reconciled Transaction Ledger & Primary Disclosures
MST-2021-0693,2021/22,loan_count,TRANSFER,arsenal_transfers.csv,loan_count,TRX-202122-OUT-049,count of temporary loan arrangements in season,Reconciled Transaction Ledger & Primary Disclosures
MST-2021-0694,2021/22,exact_fee_count,TRANSFER,TRANSFER_DERIVED_PROVENANCE.csv,exact_fee_count,TRX-DER-2021-EXACT_COUNT,count where fee_value_status == 'EXACT',Reconciled Transaction Ledger & Primary Disclosures
MST-2021-0695,2021/22,estimated_fee_count,TRANSFER,arsenal_transfers.csv,estimated_fee_count,TRX-202122-IN-036; TRX-202122-IN-037; TRX-202122-IN-038; TRX-202122-IN-039; TRX-202122-IN-040; TRX-202122-IN-041; TRX-202122-IN-042; TRX-202122-OUT-044,"count where fee_value_status in {'ESTIMATED', 'BASE_PLUS_ADDONS'}",Reconciled Transaction Ledger & Primary Disclosures
MST-2021-0696,2021/22,undisclosed_fee_count,TRANSFER,arsenal_transfers.csv,undisclosed_fee_count,TRX-202122-IN-036; TRX-202122-IN-037; TRX-202122-IN-038; TRX-202122-IN-039; TRX-202122-IN-040; TRX-202122-IN-041; TRX-202122-IN-042; TRX-202122-OUT-044; TRX-202122-OUT-049,count where fee_disclosure_status == 'UNDISCLOSED',Reconciled Transaction Ledger & Primary Disclosures
MST-2021-0697,2021/22,zero_free_count,TRANSFER,arsenal_transfers.csv,zero_free_count,TRX-202122-OUT-045; TRX-202122-OUT-046; TRX-202122-OUT-047; TRX-202122-OUT-048,count where fee_value_status == 'ZERO',Reconciled Transaction Ledger & Primary Disclosures
MST-2021-0698,2021/22,loan_fee_count,TRANSFER,arsenal_transfers.csv,loan_fee_count,TRX-202122-OUT-049,count where fee_value_status == 'LOAN_FEE',Reconciled Transaction Ledger & Primary Disclosures
MST-2021-0699,2021/22,transaction_coverage_pct,TRANSFER,TRANSFER_DERIVED_PROVENANCE.csv,transaction_coverage_pct,TRX-DER-2021-TRX_COV_PCT,(verified_transactions / identified_total) * 100,Reconciled Transaction Ledger & Primary Disclosures
MST-2021-0700,2021/22,numerical_fee_coverage_pct,TRANSFER,TRANSFER_DERIVED_PROVENANCE.csv,numerical_fee_coverage_pct,TRX-DER-2021-NUM_COV_PCT,(numerical_fees / non_free_transactions) * 100,Reconciled Transaction Ledger & Primary Disclosures
MST-2021-0701,2021/22,exact_fee_coverage_pct,TRANSFER,TRANSFER_DERIVED_PROVENANCE.csv,exact_fee_coverage_pct,TRX-DER-2021-EXACT_COV_PCT,(exact_fee_count / transaction_count) * 100,Reconciled Transaction Ledger & Primary Disclosures
MST-2021-0702,2021/22,primary_fee_coverage_pct,TRANSFER,TRANSFER_DERIVED_PROVENANCE.csv,primary_fee_coverage_pct,TRX-DER-2021-PRIM_COV_PCT,((exact_fee_count + zero_free_count) / transaction_count) * 100,Reconciled Transaction Ledger & Primary Disclosures
MST-2021-0703,2021/22,estimated_value_share_pct,TRANSFER,TRANSFER_DERIVED_PROVENANCE.csv,estimated_value_share_pct,TRX-DER-2021-EST_VAL_SHARE,(estimated_consideration / total_season_consideration) * 100,Reconciled Transaction Ledger & Primary Disclosures
MST-2021-0704,2021/22,classification,TRANSFER,TRANSFER_DERIVED_PROVENANCE.csv,classification,TRX-DER-2021-CLASS,Structural classification: all 10 seasons verified as CORE,Reconciled Transaction Ledger & Primary Disclosures
MST-2021-0705,2021/22,notes,TRANSFER,TRANSFER_DERIVED_PROVENANCE.csv,notes,TRX-DER-2021-NOTES,Structured seasonal transfer audit summary string,Reconciled Transaction Ledger & Primary Disclosures
MST-2021-0706,2021/22,league_position,SPORTING,arsenal_sporting.csv,league_position,SPT-PROV-2021-265,Direct Ranking from Official Table,Primary Regulatory Record
MST-2021-0707,2021/22,points,SPORTING,arsenal_sporting.csv,points,SPT-PROV-2021-266,None (Directly Reported),Primary Regulatory Record
MST-2021-0708,2021/22,matches_played,SPORTING,arsenal_sporting.csv,matches_played,SPT-PROV-2021-267,None (Directly Reported),Primary Regulatory Record
MST-2021-0709,2021/22,wins,SPORTING,arsenal_sporting.csv,wins,SPT-PROV-2021-268,None (Directly Reported),Primary Regulatory Record
MST-2021-0710,2021/22,draws,SPORTING,arsenal_sporting.csv,draws,SPT-PROV-2021-269,None (Directly Reported),Primary Regulatory Record
MST-2021-0711,2021/22,losses,SPORTING,arsenal_sporting.csv,losses,SPT-PROV-2021-270,None (Directly Reported),Primary Regulatory Record
MST-2021-0712,2021/22,goals_for,SPORTING,arsenal_sporting.csv,goals_for,SPT-PROV-2021-271,None (Directly Reported),Primary Regulatory Record
MST-2021-0713,2021/22,goals_against,SPORTING,arsenal_sporting.csv,goals_against,SPT-PROV-2021-272,None (Directly Reported),Primary Regulatory Record
MST-2021-0714,2021/22,goal_difference,SPORTING,arsenal_sporting.csv,goal_difference,SPT-PROV-2021-273,goals_for - goals_against,Derived from Primary Inputs
MST-2021-0715,2021/22,ppg,SPORTING,arsenal_sporting.csv,ppg,SPT-PROV-2021-274,points / matches_played,Derived from Primary Inputs
MST-2021-0716,2021/22,fa_cup_stage,SPORTING,arsenal_sporting.csv,fa_cup_stage,SPT-PROV-2021-275,Direct Tournament Round Record,Primary Regulatory Record
MST-2021-0717,2021/22,fa_cup_matches,SPORTING,arsenal_sporting.csv,fa_cup_matches,SPT-PROV-2021-276,Direct Match Count,Primary Regulatory Record
MST-2021-0718,2021/22,fa_cup_wins,SPORTING,arsenal_sporting.csv,fa_cup_wins,SPT-PROV-2021-277,Direct Match Count,Primary Regulatory Record
MST-2021-0719,2021/22,fa_cup_draws,SPORTING,arsenal_sporting.csv,fa_cup_draws,SPT-PROV-2021-278,Direct Match Count,Primary Regulatory Record
MST-2021-0720,2021/22,fa_cup_losses,SPORTING,arsenal_sporting.csv,fa_cup_losses,SPT-PROV-2021-279,Direct Match Count,Primary Regulatory Record
MST-2021-0721,2021/22,fa_cup_goals_for,SPORTING,arsenal_sporting.csv,fa_cup_goals_for,SPT-PROV-2021-280,Direct Goal Sum,Primary Regulatory Record
MST-2021-0722,2021/22,fa_cup_goals_against,SPORTING,arsenal_sporting.csv,fa_cup_goals_against,SPT-PROV-2021-281,Direct Goal Sum,Primary Regulatory Record
MST-2021-0723,2021/22,fa_cup_trophy,SPORTING,arsenal_sporting.csv,fa_cup_trophy,SPT-PROV-2021-282,Direct Tournament Victory Record,Primary Regulatory Record
MST-2021-0724,2021/22,league_cup_stage,SPORTING,arsenal_sporting.csv,league_cup_stage,SPT-PROV-2021-283,Direct Tournament Round Record,Primary Regulatory Record
MST-2021-0725,2021/22,league_cup_matches,SPORTING,arsenal_sporting.csv,league_cup_matches,SPT-PROV-2021-284,Direct Match Count,Primary Regulatory Record
MST-2021-0726,2021/22,league_cup_wins,SPORTING,arsenal_sporting.csv,league_cup_wins,SPT-PROV-2021-285,Direct Match Count,Primary Regulatory Record
MST-2021-0727,2021/22,league_cup_draws,SPORTING,arsenal_sporting.csv,league_cup_draws,SPT-PROV-2021-286,Direct Match Count,Primary Regulatory Record
MST-2021-0728,2021/22,league_cup_losses,SPORTING,arsenal_sporting.csv,league_cup_losses,SPT-PROV-2021-287,Direct Match Count,Primary Regulatory Record
MST-2021-0729,2021/22,league_cup_goals_for,SPORTING,arsenal_sporting.csv,league_cup_goals_for,SPT-PROV-2021-288,Direct Goal Sum,Primary Regulatory Record
MST-2021-0730,2021/22,league_cup_goals_against,SPORTING,arsenal_sporting.csv,league_cup_goals_against,SPT-PROV-2021-289,Direct Goal Sum,Primary Regulatory Record
MST-2021-0731,2021/22,league_cup_trophy,SPORTING,arsenal_sporting.csv,league_cup_trophy,SPT-PROV-2021-290,Direct Tournament Victory Record,Primary Regulatory Record
MST-2021-0732,2021/22,europe_competition,SPORTING,arsenal_sporting.csv,europe_competition,SPT-PROV-2021-291,Direct UEFA Participation Record,Primary Regulatory Record
MST-2021-0733,2021/22,europe_stage,SPORTING,arsenal_sporting.csv,europe_stage,SPT-PROV-2021-292,Direct UEFA Round Record,Primary Regulatory Record
MST-2021-0734,2021/22,europe_matches,SPORTING,arsenal_sporting.csv,europe_matches,SPT-PROV-2021-293,Direct Match Count,Primary Regulatory Record
MST-2021-0735,2021/22,europe_wins,SPORTING,arsenal_sporting.csv,europe_wins,SPT-PROV-2021-294,Direct Match Count,Primary Regulatory Record
MST-2021-0736,2021/22,europe_draws,SPORTING,arsenal_sporting.csv,europe_draws,SPT-PROV-2021-295,Direct Match Count,Primary Regulatory Record
MST-2021-0737,2021/22,europe_losses,SPORTING,arsenal_sporting.csv,europe_losses,SPT-PROV-2021-296,Direct Match Count,Primary Regulatory Record
MST-2021-0738,2021/22,europe_goals_for,SPORTING,arsenal_sporting.csv,europe_goals_for,SPT-PROV-2021-297,Direct Goal Sum,Primary Regulatory Record
MST-2021-0739,2021/22,europe_goals_against,SPORTING,arsenal_sporting.csv,europe_goals_against,SPT-PROV-2021-298,Direct Goal Sum,Primary Regulatory Record
MST-2021-0740,2021/22,europe_trophy,SPORTING,arsenal_sporting.csv,europe_trophy,SPT-PROV-2021-299,Direct Tournament Victory Record,Primary Regulatory Record
MST-2021-0741,2021/22,xg,SPORTING,arsenal_sporting.csv,xg,SPT-PROV-2021-300,Direct Model Sum (Understat),Third-Party Analytics Model
MST-2021-0742,2021/22,xga,SPORTING,arsenal_sporting.csv,xga,SPT-PROV-2021-301,Direct Model Sum (Understat),Third-Party Analytics Model
MST-2021-0743,2021/22,xgd,SPORTING,arsenal_sporting.csv,xgd,SPT-PROV-2021-302,xg - xga,Derived from Third-Party Inputs
MST-2021-0744,2021/22,xpts,SPORTING,arsenal_sporting.csv,xpts,SPT-PROV-2021-303,Understat/model-derived metric,Third-Party Analytics Model
MST-2021-0745,2021/22,ppda,SPORTING,arsenal_sporting.csv,ppda,SPT-PROV-2021-304,Direct Model: sum(att) / sum(def),Third-Party Analytics Model
MST-2021-0746,2021/22,possession_pct,SPORTING,arsenal_sporting.csv,possession_pct,SPT-PROV-2021-305,Arithmetic mean: raw_possession / 38,Derived from Primary Inputs
MST-2021-0747,2021/22,shots,SPORTING,arsenal_sporting.csv,shots,SPT-PROV-2021-306,Direct: total_scoring_att,Primary Regulatory Record
MST-2021-0748,2021/22,shots_on_target,SPORTING,arsenal_sporting.csv,shots_on_target,SPT-PROV-2021-307,Direct: ontarget_scoring_att,Primary Regulatory Record
MST-2021-0749,2021/22,covid_disruption_flag,SPORTING,arsenal_sporting.csv,covid_disruption_flag,SPT-PROV-2021-308,Direct: Calendar Shock,Primary Regulatory Record
MST-2022-0750,2022/23,financial_year,FINANCIAL,arsenal_financials.csv,financial_year,FIN-FY2023-FOOTBA-0134,Direct Calendar Alignment (31 May),Audited Statutory Accounts (Companies House)
MST-2022-0751,2022/23,football_turnover,FINANCIAL,arsenal_financials.csv,football_turnover,FIN-FY2023-FOOTBA-0134,None (Directly Reported in £m),Primary Audited
MST-2022-0752,2022/23,total_turnover,FINANCIAL,arsenal_financials.csv,total_turnover,FIN-FY2023-TOTAL_-0135,None (Directly Reported in £m),Primary Audited
MST-2022-0753,2022/23,broadcast_revenue,FINANCIAL,arsenal_financials.csv,broadcast_revenue,FIN-FY2023-BROADC-0136,None (Directly Reported in £m),Primary Audited
MST-2022-0754,2022/23,commercial_revenue,FINANCIAL,arsenal_financials.csv,commercial_revenue,FIN-FY2023-COMMER-0137,None (Directly Reported in £m),Primary Audited
MST-2022-0755,2022/23,matchday_revenue,FINANCIAL,arsenal_financials.csv,matchday_revenue,FIN-FY2023-MATCHD-0138,None (Directly Reported in £m),Primary Audited
MST-2022-0756,2022/23,staff_costs,FINANCIAL,arsenal_financials.csv,staff_costs,FIN-FY2023-STAFF_-0139,None (Directly Reported in £m),Primary Audited
MST-2022-0757,2022/23,operating_expenses,FINANCIAL,arsenal_financials.csv,operating_expenses,FIN-FY2023-OPERAT-0140,None (Directly Reported in £m),Primary Audited
MST-2022-0758,2022/23,player_amortisation,FINANCIAL,arsenal_financials.csv,player_amortisation,FIN-FY2023-PLAYER-0141,None (Directly Reported in £m),Primary Audited
MST-2022-0759,2022/23,player_impairment,FINANCIAL,arsenal_financials.csv,player_impairment,FIN-FY2023-PLAYER-0142,None (Directly Reported in £m),Primary Audited
MST-2022-0760,2022/23,depreciation,FINANCIAL,arsenal_financials.csv,depreciation,FIN-FY2023-DEPREC-0143,None (Directly Reported in £m),Primary Audited
MST-2022-0761,2022/23,operating_profit_loss,FINANCIAL,arsenal_financials.csv,operating_profit_loss,FIN-FY2023-OPERAT-0144,None (Directly Reported in £m),Primary Audited
MST-2022-0762,2022/23,net_profit_loss,FINANCIAL,arsenal_financials.csv,net_profit_loss,FIN-FY2023-NET_PR-0145,None (Directly Reported in £m),Primary Audited
MST-2022-0763,2022/23,cash,FINANCIAL,arsenal_financials.csv,cash,FIN-FY2023-CASH-0146,None (Directly Reported in £m),Primary Audited
MST-2022-0764,2022/23,gross_debt,FINANCIAL,arsenal_financials.csv,gross_debt,FIN-FY2023-GROSS_-0147,None (Directly Reported in £m),Primary Audited
MST-2022-0765,2022/23,net_debt,FINANCIAL,arsenal_financials.csv,net_debt,FIN-FY2023-NET_DE-0148,gross_debt - cash,Primary Audited
MST-2022-0766,2022/23,net_finance_costs,FINANCIAL,arsenal_financials.csv,net_finance_costs,FIN-FY2023-NET_FI-0149,None (Directly Reported in £m),Primary Audited
MST-2022-0767,2022/23,profit_on_player_disposals,FINANCIAL,arsenal_financials.csv,profit_on_player_disposals,FIN-FY2023-PROFIT-0150,None (Directly Reported in £m),Primary Audited
MST-2022-0768,2022/23,player_registration_additions,FINANCIAL,arsenal_financials.csv,player_registration_additions,FIN-FY2023-PLAYER-0151,None (Directly Reported in £m),Primary Audited
MST-2022-0769,2022/23,player_registration_nbv,FINANCIAL,arsenal_financials.csv,player_registration_nbv,FIN-FY2023-PLAYER-0152,None (Directly Reported in £m),Primary Audited
MST-2022-0770,2022/23,revenue_growth_pct,FINANCIAL,arsenal_financials.csv,revenue_growth_pct,DER-FY2023-REVENU-0261,((football_turnover_t - football_turnover_{t-1}) / football_turnover_{t-1}) * 100,Derived Analytical
MST-2022-0771,2022/23,commercial_share_pct,FINANCIAL,arsenal_financials.csv,commercial_share_pct,DER-FY2023-COMMER-0262,(commercial_revenue / football_turnover) * 100,Derived Analytical
MST-2022-0772,2022/23,broadcast_share_pct,FINANCIAL,arsenal_financials.csv,broadcast_share_pct,DER-FY2023-BROADC-0263,(broadcast_revenue / football_turnover) * 100,Derived Analytical
MST-2022-0773,2022/23,matchday_share_pct,FINANCIAL,arsenal_financials.csv,matchday_share_pct,DER-FY2023-MATCHD-0264,(matchday_revenue / football_turnover) * 100,Derived Analytical
MST-2022-0774,2022/23,wage_to_revenue_pct,FINANCIAL,arsenal_financials.csv,wage_to_revenue_pct,DER-FY2023-WAGE_T-0265,(staff_costs / football_turnover) * 100,Derived Analytical
MST-2022-0775,2022/23,operating_margin_pct,FINANCIAL,arsenal_financials.csv,operating_margin_pct,DER-FY2023-OPERAT-0266,(operating_profit_loss / football_turnover) * 100,Derived Analytical
MST-2022-0776,2022/23,net_margin_pct,FINANCIAL,arsenal_financials.csv,net_margin_pct,DER-FY2023-NET_MA-0267,(net_profit_loss / football_turnover) * 100,Derived Analytical
MST-2022-0777,2022/23,net_debt_to_revenue_pct,FINANCIAL,arsenal_financials.csv,net_debt_to_revenue_pct,DER-FY2023-NET_DE-0268,(net_debt / football_turnover) * 100,Derived Analytical
MST-2022-0778,2022/23,net_finance_cost_to_revenue_pct,FINANCIAL,arsenal_financials.csv,net_finance_cost_to_revenue_pct,DER-FY2023-NET_FI-0269,(net_finance_costs / football_turnover) * 100,Derived Analytical
MST-2022-0779,2022/23,amortisation_to_revenue_pct,FINANCIAL,arsenal_financials.csv,amortisation_to_revenue_pct,DER-FY2023-AMORTI-0270,(player_amortisation / football_turnover) * 100,Derived Analytical
MST-2022-0780,2022/23,permanent_gross_transfer_spend,TRANSFER,arsenal_transfers.csv,permanent_gross_transfer_spend,TRX-202223-IN-043; TRX-202223-IN-044; TRX-202223-IN-045; TRX-202223-IN-046; TRX-202223-IN-047; TRX-202223-IN-048; TRX-202223-IN-049; TRX-202223-IN-050,sum(fee_gbp) for permanent incoming transfers,Reconciled Transaction Ledger & Primary Disclosures
MST-2022-0781,2022/23,loan_fee_spend,TRANSFER,TRANSFER_DERIVED_PROVENANCE.csv,loan_fee_spend,TRX-DER-2022-LOAN_SPEND,sum(fee_gbp) for loan incoming transfers,Reconciled Transaction Ledger & Primary Disclosures
MST-2022-0782,2022/23,total_transfer_consideration,TRANSFER,TRANSFER_DERIVED_PROVENANCE.csv,total_transfer_consideration,TRX-DER-2022-TOTAL_CONSID,permanent_gross_transfer_spend + loan_fee_spend,Reconciled Transaction Ledger & Primary Disclosures
MST-2022-0783,2022/23,permanent_transfer_income,TRANSFER,arsenal_transfers.csv,permanent_transfer_income,TRX-202223-OUT-050; TRX-202223-OUT-051; TRX-202223-OUT-052; TRX-202223-OUT-053; TRX-202223-OUT-054; TRX-202223-OUT-055,sum(fee_gbp) for permanent outgoing transfers,Reconciled Transaction Ledger & Primary Disclosures
MST-2022-0784,2022/23,loan_income,TRANSFER,TRANSFER_DERIVED_PROVENANCE.csv,loan_income,TRX-DER-2022-LOAN_INCOME,sum(fee_gbp) for loan outgoing transfers,Reconciled Transaction Ledger & Primary Disclosures
MST-2022-0785,2022/23,total_transfer_income,TRANSFER,TRANSFER_DERIVED_PROVENANCE.csv,total_transfer_income,TRX-DER-2022-TOTAL_INCOME,permanent_transfer_income + loan_income,Reconciled Transaction Ledger & Primary Disclosures
MST-2022-0786,2022/23,permanent_net_transfer_spend,TRANSFER,TRANSFER_DERIVED_PROVENANCE.csv,permanent_net_transfer_spend,TRX-DER-2022-PERM_NET,permanent_gross_transfer_spend - permanent_transfer_income,Reconciled Transaction Ledger & Primary Disclosures
MST-2022-0787,2022/23,total_net_transfer_consideration,TRANSFER,TRANSFER_DERIVED_PROVENANCE.csv,total_net_transfer_consideration,TRX-DER-2022-TOTAL_NET,total_transfer_consideration - total_transfer_income,Reconciled Transaction Ledger & Primary Disclosures
MST-2022-0788,2022/23,primary_transfer_spend_to_revenue_pct,TRANSFER,TRANSFER_DERIVED_PROVENANCE.csv,primary_transfer_spend_to_revenue_pct,TRX-DER-2022-PRIM_SPEND_REV,(permanent_gross_transfer_spend / football_turnover) * 100,Reconciled Transaction Ledger & Primary Disclosures
MST-2022-0789,2022/23,total_spend_to_revenue_pct,TRANSFER,TRANSFER_DERIVED_PROVENANCE.csv,total_spend_to_revenue_pct,TRX-DER-2022-TOT_SPEND_REV,(total_transfer_consideration / football_turnover) * 100,Reconciled Transaction Ledger & Primary Disclosures
MST-2022-0790,2022/23,permanent_net_spend_to_revenue_pct,TRANSFER,TRANSFER_DERIVED_PROVENANCE.csv,permanent_net_spend_to_revenue_pct,TRX-DER-2022-PERM_NET_REV,(permanent_net_transfer_spend / football_turnover) * 100,Reconciled Transaction Ledger & Primary Disclosures
MST-2022-0791,2022/23,total_net_spend_to_revenue_pct,TRANSFER,TRANSFER_DERIVED_PROVENANCE.csv,total_net_spend_to_revenue_pct,TRX-DER-2022-TOT_NET_REV,(total_net_transfer_consideration / football_turnover) * 100,Reconciled Transaction Ledger & Primary Disclosures
MST-2022-0792,2022/23,upper_bound_permanent_spend,TRANSFER,arsenal_transfers.csv,upper_bound_permanent_spend,TRX-202223-IN-043; TRX-202223-IN-044; TRX-202223-IN-045; TRX-202223-IN-046; TRX-202223-IN-047; TRX-202223-IN-048; TRX-202223-IN-049; TRX-202223-IN-050,sum(fee_gbp + add_on_fee) for permanent incoming,Reconciled Transaction Ledger & Primary Disclosures
MST-2022-0793,2022/23,upper_bound_total_consideration,TRANSFER,arsenal_transfers.csv,upper_bound_total_consideration,TRX-202223-IN-043; TRX-202223-IN-044; TRX-202223-IN-045; TRX-202223-IN-046; TRX-202223-IN-047; TRX-202223-IN-048; TRX-202223-IN-049; TRX-202223-IN-050,sum(fee_gbp + add_on_fee) for all incoming,Reconciled Transaction Ledger & Primary Disclosures
MST-2022-0794,2022/23,spend_add_on_differential,TRANSFER,TRANSFER_DERIVED_PROVENANCE.csv,spend_add_on_differential,TRX-DER-2022-SPEND_DIFF,upper_bound_permanent_spend - permanent_gross_transfer_spend,Reconciled Transaction Ledger & Primary Disclosures
MST-2022-0795,2022/23,spend_sensitivity_pct,TRANSFER,TRANSFER_DERIVED_PROVENANCE.csv,spend_sensitivity_pct,TRX-DER-2022-SPEND_SENS_PCT,(spend_add_on_differential / permanent_gross_transfer_spend) * 100,Reconciled Transaction Ledger & Primary Disclosures
MST-2022-0796,2022/23,transaction_count,TRANSFER,arsenal_transfers.csv,transaction_count,TRX-202223-IN-043; TRX-202223-IN-044; TRX-202223-IN-045; TRX-202223-IN-046; TRX-202223-IN-047; TRX-202223-IN-048; TRX-202223-IN-049; TRX-202223-IN-050; TRX-202223-OUT-050; TRX-202223-OUT-051; TRX-202223-OUT-052; TRX-202223-OUT-053; TRX-202223-OUT-054; TRX-202223-OUT-055,count of all transactions in season,Reconciled Transaction Ledger & Primary Disclosures
MST-2022-0797,2022/23,incoming_count,TRANSFER,arsenal_transfers.csv,incoming_count,TRX-202223-IN-043; TRX-202223-IN-044; TRX-202223-IN-045; TRX-202223-IN-046; TRX-202223-IN-047; TRX-202223-IN-048; TRX-202223-IN-049; TRX-202223-IN-050,count of incoming transactions in season,Reconciled Transaction Ledger & Primary Disclosures
MST-2022-0798,2022/23,outgoing_count,TRANSFER,arsenal_transfers.csv,outgoing_count,TRX-202223-OUT-050; TRX-202223-OUT-051; TRX-202223-OUT-052; TRX-202223-OUT-053; TRX-202223-OUT-054; TRX-202223-OUT-055,count of outgoing transactions in season,Reconciled Transaction Ledger & Primary Disclosures
MST-2022-0799,2022/23,permanent_count,TRANSFER,arsenal_transfers.csv,permanent_count,TRX-202223-IN-043; TRX-202223-IN-044; TRX-202223-IN-045; TRX-202223-IN-046; TRX-202223-IN-047; TRX-202223-IN-048; TRX-202223-IN-049; TRX-202223-IN-050; TRX-202223-OUT-050; TRX-202223-OUT-051; TRX-202223-OUT-052; TRX-202223-OUT-053; TRX-202223-OUT-054; TRX-202223-OUT-055,count of permanent transactions in season,Reconciled Transaction Ledger & Primary Disclosures
MST-2022-0800,2022/23,loan_count,TRANSFER,TRANSFER_DERIVED_PROVENANCE.csv,loan_count,TRX-DER-2022-LOAN_COUNT,count of temporary loan arrangements in season,Reconciled Transaction Ledger & Primary Disclosures
MST-2022-0801,2022/23,exact_fee_count,TRANSFER,arsenal_transfers.csv,exact_fee_count,TRX-202223-IN-044; TRX-202223-OUT-054,count where fee_value_status == 'EXACT',Reconciled Transaction Ledger & Primary Disclosures
MST-2022-0802,2022/23,estimated_fee_count,TRANSFER,arsenal_transfers.csv,estimated_fee_count,TRX-202223-IN-043; TRX-202223-IN-045; TRX-202223-IN-046; TRX-202223-IN-047; TRX-202223-IN-048; TRX-202223-IN-049; TRX-202223-IN-050; TRX-202223-OUT-050; TRX-202223-OUT-052; TRX-202223-OUT-053,"count where fee_value_status in {'ESTIMATED', 'BASE_PLUS_ADDONS'}",Reconciled Transaction Ledger & Primary Disclosures
MST-2022-0803,2022/23,undisclosed_fee_count,TRANSFER,arsenal_transfers.csv,undisclosed_fee_count,TRX-202223-IN-043; TRX-202223-IN-045; TRX-202223-IN-046; TRX-202223-IN-047; TRX-202223-IN-048; TRX-202223-IN-049; TRX-202223-IN-050; TRX-202223-OUT-050; TRX-202223-OUT-052; TRX-202223-OUT-053,count where fee_disclosure_status == 'UNDISCLOSED',Reconciled Transaction Ledger & Primary Disclosures
MST-2022-0804,2022/23,zero_free_count,TRANSFER,arsenal_transfers.csv,zero_free_count,TRX-202223-OUT-051; TRX-202223-OUT-055,count where fee_value_status == 'ZERO',Reconciled Transaction Ledger & Primary Disclosures
MST-2022-0805,2022/23,loan_fee_count,TRANSFER,TRANSFER_DERIVED_PROVENANCE.csv,loan_fee_count,TRX-DER-2022-LOAN_FEE_COUNT,count where fee_value_status == 'LOAN_FEE',Reconciled Transaction Ledger & Primary Disclosures
MST-2022-0806,2022/23,transaction_coverage_pct,TRANSFER,TRANSFER_DERIVED_PROVENANCE.csv,transaction_coverage_pct,TRX-DER-2022-TRX_COV_PCT,(verified_transactions / identified_total) * 100,Reconciled Transaction Ledger & Primary Disclosures
MST-2022-0807,2022/23,numerical_fee_coverage_pct,TRANSFER,TRANSFER_DERIVED_PROVENANCE.csv,numerical_fee_coverage_pct,TRX-DER-2022-NUM_COV_PCT,(numerical_fees / non_free_transactions) * 100,Reconciled Transaction Ledger & Primary Disclosures
MST-2022-0808,2022/23,exact_fee_coverage_pct,TRANSFER,TRANSFER_DERIVED_PROVENANCE.csv,exact_fee_coverage_pct,TRX-DER-2022-EXACT_COV_PCT,(exact_fee_count / transaction_count) * 100,Reconciled Transaction Ledger & Primary Disclosures
MST-2022-0809,2022/23,primary_fee_coverage_pct,TRANSFER,TRANSFER_DERIVED_PROVENANCE.csv,primary_fee_coverage_pct,TRX-DER-2022-PRIM_COV_PCT,((exact_fee_count + zero_free_count) / transaction_count) * 100,Reconciled Transaction Ledger & Primary Disclosures
MST-2022-0810,2022/23,estimated_value_share_pct,TRANSFER,TRANSFER_DERIVED_PROVENANCE.csv,estimated_value_share_pct,TRX-DER-2022-EST_VAL_SHARE,(estimated_consideration / total_season_consideration) * 100,Reconciled Transaction Ledger & Primary Disclosures
MST-2022-0811,2022/23,classification,TRANSFER,TRANSFER_DERIVED_PROVENANCE.csv,classification,TRX-DER-2022-CLASS,Structural classification: all 10 seasons verified as CORE,Reconciled Transaction Ledger & Primary Disclosures
MST-2022-0812,2022/23,notes,TRANSFER,TRANSFER_DERIVED_PROVENANCE.csv,notes,TRX-DER-2022-NOTES,Structured seasonal transfer audit summary string,Reconciled Transaction Ledger & Primary Disclosures
MST-2022-0813,2022/23,league_position,SPORTING,arsenal_sporting.csv,league_position,SPT-PROV-2022-309,Direct Ranking from Official Table,Primary Regulatory Record
MST-2022-0814,2022/23,points,SPORTING,arsenal_sporting.csv,points,SPT-PROV-2022-310,None (Directly Reported),Primary Regulatory Record
MST-2022-0815,2022/23,matches_played,SPORTING,arsenal_sporting.csv,matches_played,SPT-PROV-2022-311,None (Directly Reported),Primary Regulatory Record
MST-2022-0816,2022/23,wins,SPORTING,arsenal_sporting.csv,wins,SPT-PROV-2022-312,None (Directly Reported),Primary Regulatory Record
MST-2022-0817,2022/23,draws,SPORTING,arsenal_sporting.csv,draws,SPT-PROV-2022-313,None (Directly Reported),Primary Regulatory Record
MST-2022-0818,2022/23,losses,SPORTING,arsenal_sporting.csv,losses,SPT-PROV-2022-314,None (Directly Reported),Primary Regulatory Record
MST-2022-0819,2022/23,goals_for,SPORTING,arsenal_sporting.csv,goals_for,SPT-PROV-2022-315,None (Directly Reported),Primary Regulatory Record
MST-2022-0820,2022/23,goals_against,SPORTING,arsenal_sporting.csv,goals_against,SPT-PROV-2022-316,None (Directly Reported),Primary Regulatory Record
MST-2022-0821,2022/23,goal_difference,SPORTING,arsenal_sporting.csv,goal_difference,SPT-PROV-2022-317,goals_for - goals_against,Derived from Primary Inputs
MST-2022-0822,2022/23,ppg,SPORTING,arsenal_sporting.csv,ppg,SPT-PROV-2022-318,points / matches_played,Derived from Primary Inputs
MST-2022-0823,2022/23,fa_cup_stage,SPORTING,arsenal_sporting.csv,fa_cup_stage,SPT-PROV-2022-319,Direct Tournament Round Record,Primary Regulatory Record
MST-2022-0824,2022/23,fa_cup_matches,SPORTING,arsenal_sporting.csv,fa_cup_matches,SPT-PROV-2022-320,Direct Match Count,Primary Regulatory Record
MST-2022-0825,2022/23,fa_cup_wins,SPORTING,arsenal_sporting.csv,fa_cup_wins,SPT-PROV-2022-321,Direct Match Count,Primary Regulatory Record
MST-2022-0826,2022/23,fa_cup_draws,SPORTING,arsenal_sporting.csv,fa_cup_draws,SPT-PROV-2022-322,Direct Match Count,Primary Regulatory Record
MST-2022-0827,2022/23,fa_cup_losses,SPORTING,arsenal_sporting.csv,fa_cup_losses,SPT-PROV-2022-323,Direct Match Count,Primary Regulatory Record
MST-2022-0828,2022/23,fa_cup_goals_for,SPORTING,arsenal_sporting.csv,fa_cup_goals_for,SPT-PROV-2022-324,Direct Goal Sum,Primary Regulatory Record
MST-2022-0829,2022/23,fa_cup_goals_against,SPORTING,arsenal_sporting.csv,fa_cup_goals_against,SPT-PROV-2022-325,Direct Goal Sum,Primary Regulatory Record
MST-2022-0830,2022/23,fa_cup_trophy,SPORTING,arsenal_sporting.csv,fa_cup_trophy,SPT-PROV-2022-326,Direct Tournament Victory Record,Primary Regulatory Record
MST-2022-0831,2022/23,league_cup_stage,SPORTING,arsenal_sporting.csv,league_cup_stage,SPT-PROV-2022-327,Direct Tournament Round Record,Primary Regulatory Record
MST-2022-0832,2022/23,league_cup_matches,SPORTING,arsenal_sporting.csv,league_cup_matches,SPT-PROV-2022-328,Direct Match Count,Primary Regulatory Record
MST-2022-0833,2022/23,league_cup_wins,SPORTING,arsenal_sporting.csv,league_cup_wins,SPT-PROV-2022-329,Direct Match Count,Primary Regulatory Record
MST-2022-0834,2022/23,league_cup_draws,SPORTING,arsenal_sporting.csv,league_cup_draws,SPT-PROV-2022-330,Direct Match Count,Primary Regulatory Record
MST-2022-0835,2022/23,league_cup_losses,SPORTING,arsenal_sporting.csv,league_cup_losses,SPT-PROV-2022-331,Direct Match Count,Primary Regulatory Record
MST-2022-0836,2022/23,league_cup_goals_for,SPORTING,arsenal_sporting.csv,league_cup_goals_for,SPT-PROV-2022-332,Direct Goal Sum,Primary Regulatory Record
MST-2022-0837,2022/23,league_cup_goals_against,SPORTING,arsenal_sporting.csv,league_cup_goals_against,SPT-PROV-2022-333,Direct Goal Sum,Primary Regulatory Record
MST-2022-0838,2022/23,league_cup_trophy,SPORTING,arsenal_sporting.csv,league_cup_trophy,SPT-PROV-2022-334,Direct Tournament Victory Record,Primary Regulatory Record
MST-2022-0839,2022/23,europe_competition,SPORTING,arsenal_sporting.csv,europe_competition,SPT-PROV-2022-335,Direct UEFA Participation Record,Primary Regulatory Record
MST-2022-0840,2022/23,europe_stage,SPORTING,arsenal_sporting.csv,europe_stage,SPT-PROV-2022-336,Direct UEFA Round Record,Primary Regulatory Record
MST-2022-0841,2022/23,europe_matches,SPORTING,arsenal_sporting.csv,europe_matches,SPT-PROV-2022-337,Direct Match Count,Primary Regulatory Record
MST-2022-0842,2022/23,europe_wins,SPORTING,arsenal_sporting.csv,europe_wins,SPT-PROV-2022-338,Direct Match Count,Primary Regulatory Record
MST-2022-0843,2022/23,europe_draws,SPORTING,arsenal_sporting.csv,europe_draws,SPT-PROV-2022-339,Direct Match Count,Primary Regulatory Record
MST-2022-0844,2022/23,europe_losses,SPORTING,arsenal_sporting.csv,europe_losses,SPT-PROV-2022-340,Direct Match Count,Primary Regulatory Record
MST-2022-0845,2022/23,europe_goals_for,SPORTING,arsenal_sporting.csv,europe_goals_for,SPT-PROV-2022-341,Direct Goal Sum,Primary Regulatory Record
MST-2022-0846,2022/23,europe_goals_against,SPORTING,arsenal_sporting.csv,europe_goals_against,SPT-PROV-2022-342,Direct Goal Sum,Primary Regulatory Record
MST-2022-0847,2022/23,europe_trophy,SPORTING,arsenal_sporting.csv,europe_trophy,SPT-PROV-2022-343,Direct Tournament Victory Record,Primary Regulatory Record
MST-2022-0848,2022/23,xg,SPORTING,arsenal_sporting.csv,xg,SPT-PROV-2022-344,Direct Model Sum (Understat),Third-Party Analytics Model
MST-2022-0849,2022/23,xga,SPORTING,arsenal_sporting.csv,xga,SPT-PROV-2022-345,Direct Model Sum (Understat),Third-Party Analytics Model
MST-2022-0850,2022/23,xgd,SPORTING,arsenal_sporting.csv,xgd,SPT-PROV-2022-346,xg - xga,Derived from Third-Party Inputs
MST-2022-0851,2022/23,xpts,SPORTING,arsenal_sporting.csv,xpts,SPT-PROV-2022-347,Understat/model-derived metric,Third-Party Analytics Model
MST-2022-0852,2022/23,ppda,SPORTING,arsenal_sporting.csv,ppda,SPT-PROV-2022-348,Direct Model: sum(att) / sum(def),Third-Party Analytics Model
MST-2022-0853,2022/23,possession_pct,SPORTING,arsenal_sporting.csv,possession_pct,SPT-PROV-2022-349,Arithmetic mean: raw_possession / 38,Derived from Primary Inputs
MST-2022-0854,2022/23,shots,SPORTING,arsenal_sporting.csv,shots,SPT-PROV-2022-350,Direct: total_scoring_att,Primary Regulatory Record
MST-2022-0855,2022/23,shots_on_target,SPORTING,arsenal_sporting.csv,shots_on_target,SPT-PROV-2022-351,Direct: ontarget_scoring_att,Primary Regulatory Record
MST-2022-0856,2022/23,covid_disruption_flag,SPORTING,arsenal_sporting.csv,covid_disruption_flag,SPT-PROV-2022-352,Direct: Calendar Shock,Primary Regulatory Record
MST-2023-0857,2023/24,financial_year,FINANCIAL,arsenal_financials.csv,financial_year,FIN-FY2024-FOOTBA-0153,Direct Calendar Alignment (31 May),Audited Statutory Accounts (Companies House)
MST-2023-0858,2023/24,football_turnover,FINANCIAL,arsenal_financials.csv,football_turnover,FIN-FY2024-FOOTBA-0153,None (Directly Reported in £m),Primary Audited
MST-2023-0859,2023/24,total_turnover,FINANCIAL,arsenal_financials.csv,total_turnover,FIN-FY2024-TOTAL_-0154,None (Directly Reported in £m),Primary Audited
MST-2023-0860,2023/24,broadcast_revenue,FINANCIAL,arsenal_financials.csv,broadcast_revenue,FIN-FY2024-BROADC-0155,None (Directly Reported in £m),Primary Audited
MST-2023-0861,2023/24,commercial_revenue,FINANCIAL,arsenal_financials.csv,commercial_revenue,FIN-FY2024-COMMER-0156,None (Directly Reported in £m),Primary Audited
MST-2023-0862,2023/24,matchday_revenue,FINANCIAL,arsenal_financials.csv,matchday_revenue,FIN-FY2024-MATCHD-0157,None (Directly Reported in £m),Primary Audited
MST-2023-0863,2023/24,staff_costs,FINANCIAL,arsenal_financials.csv,staff_costs,FIN-FY2024-STAFF_-0158,None (Directly Reported in £m),Primary Audited
MST-2023-0864,2023/24,operating_expenses,FINANCIAL,arsenal_financials.csv,operating_expenses,FIN-FY2024-OPERAT-0159,None (Directly Reported in £m),Primary Audited
MST-2023-0865,2023/24,player_amortisation,FINANCIAL,arsenal_financials.csv,player_amortisation,FIN-FY2024-PLAYER-0160,None (Directly Reported in £m),Primary Audited
MST-2023-0866,2023/24,player_impairment,FINANCIAL,arsenal_financials.csv,player_impairment,FIN-FY2024-PLAYER-0161,None (Directly Reported in £m),Primary Audited
MST-2023-0867,2023/24,depreciation,FINANCIAL,arsenal_financials.csv,depreciation,FIN-FY2024-DEPREC-0162,None (Directly Reported in £m),Primary Audited
MST-2023-0868,2023/24,operating_profit_loss,FINANCIAL,arsenal_financials.csv,operating_profit_loss,FIN-FY2024-OPERAT-0163,None (Directly Reported in £m),Primary Audited
MST-2023-0869,2023/24,net_profit_loss,FINANCIAL,arsenal_financials.csv,net_profit_loss,FIN-FY2024-NET_PR-0164,None (Directly Reported in £m),Primary Audited
MST-2023-0870,2023/24,cash,FINANCIAL,arsenal_financials.csv,cash,FIN-FY2024-CASH-0165,None (Directly Reported in £m),Primary Audited
MST-2023-0871,2023/24,gross_debt,FINANCIAL,arsenal_financials.csv,gross_debt,FIN-FY2024-GROSS_-0166,None (Directly Reported in £m),Primary Audited
MST-2023-0872,2023/24,net_debt,FINANCIAL,arsenal_financials.csv,net_debt,FIN-FY2024-NET_DE-0167,gross_debt - cash,Primary Audited
MST-2023-0873,2023/24,net_finance_costs,FINANCIAL,arsenal_financials.csv,net_finance_costs,FIN-FY2024-NET_FI-0168,None (Directly Reported in £m),Primary Audited
MST-2023-0874,2023/24,profit_on_player_disposals,FINANCIAL,arsenal_financials.csv,profit_on_player_disposals,FIN-FY2024-PROFIT-0169,None (Directly Reported in £m),Primary Audited
MST-2023-0875,2023/24,player_registration_additions,FINANCIAL,arsenal_financials.csv,player_registration_additions,FIN-FY2024-PLAYER-0170,None (Directly Reported in £m),Primary Audited
MST-2023-0876,2023/24,player_registration_nbv,FINANCIAL,arsenal_financials.csv,player_registration_nbv,FIN-FY2024-PLAYER-0171,None (Directly Reported in £m),Primary Audited
MST-2023-0877,2023/24,revenue_growth_pct,FINANCIAL,arsenal_financials.csv,revenue_growth_pct,DER-FY2024-REVENU-0271,((football_turnover_t - football_turnover_{t-1}) / football_turnover_{t-1}) * 100,Derived Analytical
MST-2023-0878,2023/24,commercial_share_pct,FINANCIAL,arsenal_financials.csv,commercial_share_pct,DER-FY2024-COMMER-0272,(commercial_revenue / football_turnover) * 100,Derived Analytical
MST-2023-0879,2023/24,broadcast_share_pct,FINANCIAL,arsenal_financials.csv,broadcast_share_pct,DER-FY2024-BROADC-0273,(broadcast_revenue / football_turnover) * 100,Derived Analytical
MST-2023-0880,2023/24,matchday_share_pct,FINANCIAL,arsenal_financials.csv,matchday_share_pct,DER-FY2024-MATCHD-0274,(matchday_revenue / football_turnover) * 100,Derived Analytical
MST-2023-0881,2023/24,wage_to_revenue_pct,FINANCIAL,arsenal_financials.csv,wage_to_revenue_pct,DER-FY2024-WAGE_T-0275,(staff_costs / football_turnover) * 100,Derived Analytical
MST-2023-0882,2023/24,operating_margin_pct,FINANCIAL,arsenal_financials.csv,operating_margin_pct,DER-FY2024-OPERAT-0276,(operating_profit_loss / football_turnover) * 100,Derived Analytical
MST-2023-0883,2023/24,net_margin_pct,FINANCIAL,arsenal_financials.csv,net_margin_pct,DER-FY2024-NET_MA-0277,(net_profit_loss / football_turnover) * 100,Derived Analytical
MST-2023-0884,2023/24,net_debt_to_revenue_pct,FINANCIAL,arsenal_financials.csv,net_debt_to_revenue_pct,DER-FY2024-NET_DE-0278,(net_debt / football_turnover) * 100,Derived Analytical
MST-2023-0885,2023/24,net_finance_cost_to_revenue_pct,FINANCIAL,arsenal_financials.csv,net_finance_cost_to_revenue_pct,DER-FY2024-NET_FI-0279,(net_finance_costs / football_turnover) * 100,Derived Analytical
MST-2023-0886,2023/24,amortisation_to_revenue_pct,FINANCIAL,arsenal_financials.csv,amortisation_to_revenue_pct,DER-FY2024-AMORTI-0280,(player_amortisation / football_turnover) * 100,Derived Analytical
MST-2023-0887,2023/24,permanent_gross_transfer_spend,TRANSFER,arsenal_transfers.csv,permanent_gross_transfer_spend,TRX-202324-IN-051; TRX-202324-IN-052; TRX-202324-IN-053,sum(fee_gbp) for permanent incoming transfers,Reconciled Transaction Ledger & Primary Disclosures
MST-2023-0888,2023/24,loan_fee_spend,TRANSFER,arsenal_transfers.csv,loan_fee_spend,TRX-202324-IN-054,sum(fee_gbp) for loan incoming transfers,Reconciled Transaction Ledger & Primary Disclosures
MST-2023-0889,2023/24,total_transfer_consideration,TRANSFER,TRANSFER_DERIVED_PROVENANCE.csv,total_transfer_consideration,TRX-DER-2023-TOTAL_CONSID,permanent_gross_transfer_spend + loan_fee_spend,Reconciled Transaction Ledger & Primary Disclosures
MST-2023-0890,2023/24,permanent_transfer_income,TRANSFER,arsenal_transfers.csv,permanent_transfer_income,TRX-202324-OUT-056; TRX-202324-OUT-057; TRX-202324-OUT-058; TRX-202324-OUT-059; TRX-202324-OUT-060; TRX-202324-OUT-061; TRX-202324-OUT-062,sum(fee_gbp) for permanent outgoing transfers,Reconciled Transaction Ledger & Primary Disclosures
MST-2023-0891,2023/24,loan_income,TRANSFER,arsenal_transfers.csv,loan_income,TRX-202324-OUT-063,sum(fee_gbp) for loan outgoing transfers,Reconciled Transaction Ledger & Primary Disclosures
MST-2023-0892,2023/24,total_transfer_income,TRANSFER,TRANSFER_DERIVED_PROVENANCE.csv,total_transfer_income,TRX-DER-2023-TOTAL_INCOME,permanent_transfer_income + loan_income,Reconciled Transaction Ledger & Primary Disclosures
MST-2023-0893,2023/24,permanent_net_transfer_spend,TRANSFER,TRANSFER_DERIVED_PROVENANCE.csv,permanent_net_transfer_spend,TRX-DER-2023-PERM_NET,permanent_gross_transfer_spend - permanent_transfer_income,Reconciled Transaction Ledger & Primary Disclosures
MST-2023-0894,2023/24,total_net_transfer_consideration,TRANSFER,TRANSFER_DERIVED_PROVENANCE.csv,total_net_transfer_consideration,TRX-DER-2023-TOTAL_NET,total_transfer_consideration - total_transfer_income,Reconciled Transaction Ledger & Primary Disclosures
MST-2023-0895,2023/24,primary_transfer_spend_to_revenue_pct,TRANSFER,TRANSFER_DERIVED_PROVENANCE.csv,primary_transfer_spend_to_revenue_pct,TRX-DER-2023-PRIM_SPEND_REV,(permanent_gross_transfer_spend / football_turnover) * 100,Reconciled Transaction Ledger & Primary Disclosures
MST-2023-0896,2023/24,total_spend_to_revenue_pct,TRANSFER,TRANSFER_DERIVED_PROVENANCE.csv,total_spend_to_revenue_pct,TRX-DER-2023-TOT_SPEND_REV,(total_transfer_consideration / football_turnover) * 100,Reconciled Transaction Ledger & Primary Disclosures
MST-2023-0897,2023/24,permanent_net_spend_to_revenue_pct,TRANSFER,TRANSFER_DERIVED_PROVENANCE.csv,permanent_net_spend_to_revenue_pct,TRX-DER-2023-PERM_NET_REV,(permanent_net_transfer_spend / football_turnover) * 100,Reconciled Transaction Ledger & Primary Disclosures
MST-2023-0898,2023/24,total_net_spend_to_revenue_pct,TRANSFER,TRANSFER_DERIVED_PROVENANCE.csv,total_net_spend_to_revenue_pct,TRX-DER-2023-TOT_NET_REV,(total_net_transfer_consideration / football_turnover) * 100,Reconciled Transaction Ledger & Primary Disclosures
MST-2023-0899,2023/24,upper_bound_permanent_spend,TRANSFER,arsenal_transfers.csv,upper_bound_permanent_spend,TRX-202324-IN-051; TRX-202324-IN-052; TRX-202324-IN-053,sum(fee_gbp + add_on_fee) for permanent incoming,Reconciled Transaction Ledger & Primary Disclosures
MST-2023-0900,2023/24,upper_bound_total_consideration,TRANSFER,arsenal_transfers.csv,upper_bound_total_consideration,TRX-202324-IN-051; TRX-202324-IN-052; TRX-202324-IN-053; TRX-202324-IN-054,sum(fee_gbp + add_on_fee) for all incoming,Reconciled Transaction Ledger & Primary Disclosures
MST-2023-0901,2023/24,spend_add_on_differential,TRANSFER,TRANSFER_DERIVED_PROVENANCE.csv,spend_add_on_differential,TRX-DER-2023-SPEND_DIFF,upper_bound_permanent_spend - permanent_gross_transfer_spend,Reconciled Transaction Ledger & Primary Disclosures
MST-2023-0902,2023/24,spend_sensitivity_pct,TRANSFER,TRANSFER_DERIVED_PROVENANCE.csv,spend_sensitivity_pct,TRX-DER-2023-SPEND_SENS_PCT,(spend_add_on_differential / permanent_gross_transfer_spend) * 100,Reconciled Transaction Ledger & Primary Disclosures
MST-2023-0903,2023/24,transaction_count,TRANSFER,arsenal_transfers.csv,transaction_count,TRX-202324-IN-051; TRX-202324-IN-052; TRX-202324-IN-053; TRX-202324-IN-054; TRX-202324-OUT-056; TRX-202324-OUT-057; TRX-202324-OUT-058; TRX-202324-OUT-059; TRX-202324-OUT-060; TRX-202324-OUT-061; TRX-202324-OUT-062; TRX-202324-OUT-063,count of all transactions in season,Reconciled Transaction Ledger & Primary Disclosures
MST-2023-0904,2023/24,incoming_count,TRANSFER,arsenal_transfers.csv,incoming_count,TRX-202324-IN-051; TRX-202324-IN-052; TRX-202324-IN-053; TRX-202324-IN-054,count of incoming transactions in season,Reconciled Transaction Ledger & Primary Disclosures
MST-2023-0905,2023/24,outgoing_count,TRANSFER,arsenal_transfers.csv,outgoing_count,TRX-202324-OUT-056; TRX-202324-OUT-057; TRX-202324-OUT-058; TRX-202324-OUT-059; TRX-202324-OUT-060; TRX-202324-OUT-061; TRX-202324-OUT-062; TRX-202324-OUT-063,count of outgoing transactions in season,Reconciled Transaction Ledger & Primary Disclosures
MST-2023-0906,2023/24,permanent_count,TRANSFER,arsenal_transfers.csv,permanent_count,TRX-202324-IN-051; TRX-202324-IN-052; TRX-202324-IN-053; TRX-202324-OUT-056; TRX-202324-OUT-057; TRX-202324-OUT-058; TRX-202324-OUT-059; TRX-202324-OUT-060; TRX-202324-OUT-061; TRX-202324-OUT-062,count of permanent transactions in season,Reconciled Transaction Ledger & Primary Disclosures
MST-2023-0907,2023/24,loan_count,TRANSFER,arsenal_transfers.csv,loan_count,TRX-202324-IN-054; TRX-202324-OUT-063,count of temporary loan arrangements in season,Reconciled Transaction Ledger & Primary Disclosures
MST-2023-0908,2023/24,exact_fee_count,TRANSFER,arsenal_transfers.csv,exact_fee_count,TRX-202324-IN-052,count where fee_value_status == 'EXACT',Reconciled Transaction Ledger & Primary Disclosures
MST-2023-0909,2023/24,estimated_fee_count,TRANSFER,arsenal_transfers.csv,estimated_fee_count,TRX-202324-IN-051; TRX-202324-IN-053; TRX-202324-OUT-056; TRX-202324-OUT-057; TRX-202324-OUT-058; TRX-202324-OUT-059; TRX-202324-OUT-060; TRX-202324-OUT-061,"count where fee_value_status in {'ESTIMATED', 'BASE_PLUS_ADDONS'}",Reconciled Transaction Ledger & Primary Disclosures
MST-2023-0910,2023/24,undisclosed_fee_count,TRANSFER,arsenal_transfers.csv,undisclosed_fee_count,TRX-202324-IN-051; TRX-202324-IN-053; TRX-202324-IN-054; TRX-202324-OUT-056; TRX-202324-OUT-057; TRX-202324-OUT-058; TRX-202324-OUT-059; TRX-202324-OUT-060; TRX-202324-OUT-061; TRX-202324-OUT-063,count where fee_disclosure_status == 'UNDISCLOSED',Reconciled Transaction Ledger & Primary Disclosures
MST-2023-0911,2023/24,zero_free_count,TRANSFER,arsenal_transfers.csv,zero_free_count,TRX-202324-OUT-062,count where fee_value_status == 'ZERO',Reconciled Transaction Ledger & Primary Disclosures
MST-2023-0912,2023/24,loan_fee_count,TRANSFER,arsenal_transfers.csv,loan_fee_count,TRX-202324-IN-054; TRX-202324-OUT-063,count where fee_value_status == 'LOAN_FEE',Reconciled Transaction Ledger & Primary Disclosures
MST-2023-0913,2023/24,transaction_coverage_pct,TRANSFER,TRANSFER_DERIVED_PROVENANCE.csv,transaction_coverage_pct,TRX-DER-2023-TRX_COV_PCT,(verified_transactions / identified_total) * 100,Reconciled Transaction Ledger & Primary Disclosures
MST-2023-0914,2023/24,numerical_fee_coverage_pct,TRANSFER,TRANSFER_DERIVED_PROVENANCE.csv,numerical_fee_coverage_pct,TRX-DER-2023-NUM_COV_PCT,(numerical_fees / non_free_transactions) * 100,Reconciled Transaction Ledger & Primary Disclosures
MST-2023-0915,2023/24,exact_fee_coverage_pct,TRANSFER,TRANSFER_DERIVED_PROVENANCE.csv,exact_fee_coverage_pct,TRX-DER-2023-EXACT_COV_PCT,(exact_fee_count / transaction_count) * 100,Reconciled Transaction Ledger & Primary Disclosures
MST-2023-0916,2023/24,primary_fee_coverage_pct,TRANSFER,TRANSFER_DERIVED_PROVENANCE.csv,primary_fee_coverage_pct,TRX-DER-2023-PRIM_COV_PCT,((exact_fee_count + zero_free_count) / transaction_count) * 100,Reconciled Transaction Ledger & Primary Disclosures
MST-2023-0917,2023/24,estimated_value_share_pct,TRANSFER,TRANSFER_DERIVED_PROVENANCE.csv,estimated_value_share_pct,TRX-DER-2023-EST_VAL_SHARE,(estimated_consideration / total_season_consideration) * 100,Reconciled Transaction Ledger & Primary Disclosures
MST-2023-0918,2023/24,classification,TRANSFER,TRANSFER_DERIVED_PROVENANCE.csv,classification,TRX-DER-2023-CLASS,Structural classification: all 10 seasons verified as CORE,Reconciled Transaction Ledger & Primary Disclosures
MST-2023-0919,2023/24,notes,TRANSFER,TRANSFER_DERIVED_PROVENANCE.csv,notes,TRX-DER-2023-NOTES,Structured seasonal transfer audit summary string,Reconciled Transaction Ledger & Primary Disclosures
MST-2023-0920,2023/24,league_position,SPORTING,arsenal_sporting.csv,league_position,SPT-PROV-2023-353,Direct Ranking from Official Table,Primary Regulatory Record
MST-2023-0921,2023/24,points,SPORTING,arsenal_sporting.csv,points,SPT-PROV-2023-354,None (Directly Reported),Primary Regulatory Record
MST-2023-0922,2023/24,matches_played,SPORTING,arsenal_sporting.csv,matches_played,SPT-PROV-2023-355,None (Directly Reported),Primary Regulatory Record
MST-2023-0923,2023/24,wins,SPORTING,arsenal_sporting.csv,wins,SPT-PROV-2023-356,None (Directly Reported),Primary Regulatory Record
MST-2023-0924,2023/24,draws,SPORTING,arsenal_sporting.csv,draws,SPT-PROV-2023-357,None (Directly Reported),Primary Regulatory Record
MST-2023-0925,2023/24,losses,SPORTING,arsenal_sporting.csv,losses,SPT-PROV-2023-358,None (Directly Reported),Primary Regulatory Record
MST-2023-0926,2023/24,goals_for,SPORTING,arsenal_sporting.csv,goals_for,SPT-PROV-2023-359,None (Directly Reported),Primary Regulatory Record
MST-2023-0927,2023/24,goals_against,SPORTING,arsenal_sporting.csv,goals_against,SPT-PROV-2023-360,None (Directly Reported),Primary Regulatory Record
MST-2023-0928,2023/24,goal_difference,SPORTING,arsenal_sporting.csv,goal_difference,SPT-PROV-2023-361,goals_for - goals_against,Derived from Primary Inputs
MST-2023-0929,2023/24,ppg,SPORTING,arsenal_sporting.csv,ppg,SPT-PROV-2023-362,points / matches_played,Derived from Primary Inputs
MST-2023-0930,2023/24,fa_cup_stage,SPORTING,arsenal_sporting.csv,fa_cup_stage,SPT-PROV-2023-363,Direct Tournament Round Record,Primary Regulatory Record
MST-2023-0931,2023/24,fa_cup_matches,SPORTING,arsenal_sporting.csv,fa_cup_matches,SPT-PROV-2023-364,Direct Match Count,Primary Regulatory Record
MST-2023-0932,2023/24,fa_cup_wins,SPORTING,arsenal_sporting.csv,fa_cup_wins,SPT-PROV-2023-365,Direct Match Count,Primary Regulatory Record
MST-2023-0933,2023/24,fa_cup_draws,SPORTING,arsenal_sporting.csv,fa_cup_draws,SPT-PROV-2023-366,Direct Match Count,Primary Regulatory Record
MST-2023-0934,2023/24,fa_cup_losses,SPORTING,arsenal_sporting.csv,fa_cup_losses,SPT-PROV-2023-367,Direct Match Count,Primary Regulatory Record
MST-2023-0935,2023/24,fa_cup_goals_for,SPORTING,arsenal_sporting.csv,fa_cup_goals_for,SPT-PROV-2023-368,Direct Goal Sum,Primary Regulatory Record
MST-2023-0936,2023/24,fa_cup_goals_against,SPORTING,arsenal_sporting.csv,fa_cup_goals_against,SPT-PROV-2023-369,Direct Goal Sum,Primary Regulatory Record
MST-2023-0937,2023/24,fa_cup_trophy,SPORTING,arsenal_sporting.csv,fa_cup_trophy,SPT-PROV-2023-370,Direct Tournament Victory Record,Primary Regulatory Record
MST-2023-0938,2023/24,league_cup_stage,SPORTING,arsenal_sporting.csv,league_cup_stage,SPT-PROV-2023-371,Direct Tournament Round Record,Primary Regulatory Record
MST-2023-0939,2023/24,league_cup_matches,SPORTING,arsenal_sporting.csv,league_cup_matches,SPT-PROV-2023-372,Direct Match Count,Primary Regulatory Record
MST-2023-0940,2023/24,league_cup_wins,SPORTING,arsenal_sporting.csv,league_cup_wins,SPT-PROV-2023-373,Direct Match Count,Primary Regulatory Record
MST-2023-0941,2023/24,league_cup_draws,SPORTING,arsenal_sporting.csv,league_cup_draws,SPT-PROV-2023-374,Direct Match Count,Primary Regulatory Record
MST-2023-0942,2023/24,league_cup_losses,SPORTING,arsenal_sporting.csv,league_cup_losses,SPT-PROV-2023-375,Direct Match Count,Primary Regulatory Record
MST-2023-0943,2023/24,league_cup_goals_for,SPORTING,arsenal_sporting.csv,league_cup_goals_for,SPT-PROV-2023-376,Direct Goal Sum,Primary Regulatory Record
MST-2023-0944,2023/24,league_cup_goals_against,SPORTING,arsenal_sporting.csv,league_cup_goals_against,SPT-PROV-2023-377,Direct Goal Sum,Primary Regulatory Record
MST-2023-0945,2023/24,league_cup_trophy,SPORTING,arsenal_sporting.csv,league_cup_trophy,SPT-PROV-2023-378,Direct Tournament Victory Record,Primary Regulatory Record
MST-2023-0946,2023/24,europe_competition,SPORTING,arsenal_sporting.csv,europe_competition,SPT-PROV-2023-379,Direct UEFA Participation Record,Primary Regulatory Record
MST-2023-0947,2023/24,europe_stage,SPORTING,arsenal_sporting.csv,europe_stage,SPT-PROV-2023-380,Direct UEFA Round Record,Primary Regulatory Record
MST-2023-0948,2023/24,europe_matches,SPORTING,arsenal_sporting.csv,europe_matches,SPT-PROV-2023-381,Direct Match Count,Primary Regulatory Record
MST-2023-0949,2023/24,europe_wins,SPORTING,arsenal_sporting.csv,europe_wins,SPT-PROV-2023-382,Direct Match Count,Primary Regulatory Record
MST-2023-0950,2023/24,europe_draws,SPORTING,arsenal_sporting.csv,europe_draws,SPT-PROV-2023-383,Direct Match Count,Primary Regulatory Record
MST-2023-0951,2023/24,europe_losses,SPORTING,arsenal_sporting.csv,europe_losses,SPT-PROV-2023-384,Direct Match Count,Primary Regulatory Record
MST-2023-0952,2023/24,europe_goals_for,SPORTING,arsenal_sporting.csv,europe_goals_for,SPT-PROV-2023-385,Direct Goal Sum,Primary Regulatory Record
MST-2023-0953,2023/24,europe_goals_against,SPORTING,arsenal_sporting.csv,europe_goals_against,SPT-PROV-2023-386,Direct Goal Sum,Primary Regulatory Record
MST-2023-0954,2023/24,europe_trophy,SPORTING,arsenal_sporting.csv,europe_trophy,SPT-PROV-2023-387,Direct Tournament Victory Record,Primary Regulatory Record
MST-2023-0955,2023/24,xg,SPORTING,arsenal_sporting.csv,xg,SPT-PROV-2023-388,Direct Model Sum (Understat),Third-Party Analytics Model
MST-2023-0956,2023/24,xga,SPORTING,arsenal_sporting.csv,xga,SPT-PROV-2023-389,Direct Model Sum (Understat),Third-Party Analytics Model
MST-2023-0957,2023/24,xgd,SPORTING,arsenal_sporting.csv,xgd,SPT-PROV-2023-390,xg - xga,Derived from Third-Party Inputs
MST-2023-0958,2023/24,xpts,SPORTING,arsenal_sporting.csv,xpts,SPT-PROV-2023-391,Understat/model-derived metric,Third-Party Analytics Model
MST-2023-0959,2023/24,ppda,SPORTING,arsenal_sporting.csv,ppda,SPT-PROV-2023-392,Direct Model: sum(att) / sum(def),Third-Party Analytics Model
MST-2023-0960,2023/24,possession_pct,SPORTING,arsenal_sporting.csv,possession_pct,SPT-PROV-2023-393,Arithmetic mean: raw_possession / 38,Derived from Primary Inputs
MST-2023-0961,2023/24,shots,SPORTING,arsenal_sporting.csv,shots,SPT-PROV-2023-394,Direct: total_scoring_att,Primary Regulatory Record
MST-2023-0962,2023/24,shots_on_target,SPORTING,arsenal_sporting.csv,shots_on_target,SPT-PROV-2023-395,Direct: ontarget_scoring_att,Primary Regulatory Record
MST-2023-0963,2023/24,covid_disruption_flag,SPORTING,arsenal_sporting.csv,covid_disruption_flag,SPT-PROV-2023-396,Direct: Calendar Shock,Primary Regulatory Record
MST-2024-0964,2024/25,financial_year,FINANCIAL,arsenal_financials.csv,financial_year,FIN-FY2025-FOOTBA-0172,Direct Calendar Alignment (31 May),Audited Statutory Accounts (Companies House)
MST-2024-0965,2024/25,football_turnover,FINANCIAL,arsenal_financials.csv,football_turnover,FIN-FY2025-FOOTBA-0172,None (Directly Reported in £m),Primary Audited
MST-2024-0966,2024/25,total_turnover,FINANCIAL,arsenal_financials.csv,total_turnover,FIN-FY2025-TOTAL_-0173,None (Directly Reported in £m),Primary Audited
MST-2024-0967,2024/25,broadcast_revenue,FINANCIAL,arsenal_financials.csv,broadcast_revenue,FIN-FY2025-BROADC-0174,None (Directly Reported in £m),Primary Audited
MST-2024-0968,2024/25,commercial_revenue,FINANCIAL,arsenal_financials.csv,commercial_revenue,FIN-FY2025-COMMER-0175,None (Directly Reported in £m),Primary Audited
MST-2024-0969,2024/25,matchday_revenue,FINANCIAL,arsenal_financials.csv,matchday_revenue,FIN-FY2025-MATCHD-0176,None (Directly Reported in £m),Primary Audited
MST-2024-0970,2024/25,staff_costs,FINANCIAL,arsenal_financials.csv,staff_costs,FIN-FY2025-STAFF_-0177,None (Directly Reported in £m),Primary Audited
MST-2024-0971,2024/25,operating_expenses,FINANCIAL,arsenal_financials.csv,operating_expenses,FIN-FY2025-OPERAT-0178,None (Directly Reported in £m),Primary Audited
MST-2024-0972,2024/25,player_amortisation,FINANCIAL,arsenal_financials.csv,player_amortisation,FIN-FY2025-PLAYER-0179,None (Directly Reported in £m),Primary Audited
MST-2024-0973,2024/25,player_impairment,FINANCIAL,arsenal_financials.csv,player_impairment,FIN-FY2025-PLAYER-0180,None (Directly Reported in £m),Primary Audited
MST-2024-0974,2024/25,depreciation,FINANCIAL,arsenal_financials.csv,depreciation,FIN-FY2025-DEPREC-0181,None (Directly Reported in £m),Primary Audited
MST-2024-0975,2024/25,operating_profit_loss,FINANCIAL,arsenal_financials.csv,operating_profit_loss,FIN-FY2025-OPERAT-0182,None (Directly Reported in £m),Primary Audited
MST-2024-0976,2024/25,net_profit_loss,FINANCIAL,arsenal_financials.csv,net_profit_loss,FIN-FY2025-NET_PR-0183,None (Directly Reported in £m),Primary Audited
MST-2024-0977,2024/25,cash,FINANCIAL,arsenal_financials.csv,cash,FIN-FY2025-CASH-0184,None (Directly Reported in £m),Primary Audited
MST-2024-0978,2024/25,gross_debt,FINANCIAL,arsenal_financials.csv,gross_debt,FIN-FY2025-GROSS_-0185,None (Directly Reported in £m),Primary Audited
MST-2024-0979,2024/25,net_debt,FINANCIAL,arsenal_financials.csv,net_debt,FIN-FY2025-NET_DE-0186,gross_debt - cash,Primary Audited
MST-2024-0980,2024/25,net_finance_costs,FINANCIAL,arsenal_financials.csv,net_finance_costs,FIN-FY2025-NET_FI-0187,None (Directly Reported in £m),Primary Audited
MST-2024-0981,2024/25,profit_on_player_disposals,FINANCIAL,arsenal_financials.csv,profit_on_player_disposals,FIN-FY2025-PROFIT-0188,None (Directly Reported in £m),Primary Audited
MST-2024-0982,2024/25,player_registration_additions,FINANCIAL,arsenal_financials.csv,player_registration_additions,FIN-FY2025-PLAYER-0189,None (Directly Reported in £m),Primary Audited
MST-2024-0983,2024/25,player_registration_nbv,FINANCIAL,arsenal_financials.csv,player_registration_nbv,FIN-FY2025-PLAYER-0190,None (Directly Reported in £m),Primary Audited
MST-2024-0984,2024/25,revenue_growth_pct,FINANCIAL,arsenal_financials.csv,revenue_growth_pct,DER-FY2025-REVENU-0281,((football_turnover_t - football_turnover_{t-1}) / football_turnover_{t-1}) * 100,Derived Analytical
MST-2024-0985,2024/25,commercial_share_pct,FINANCIAL,arsenal_financials.csv,commercial_share_pct,DER-FY2025-COMMER-0282,(commercial_revenue / football_turnover) * 100,Derived Analytical
MST-2024-0986,2024/25,broadcast_share_pct,FINANCIAL,arsenal_financials.csv,broadcast_share_pct,DER-FY2025-BROADC-0283,(broadcast_revenue / football_turnover) * 100,Derived Analytical
MST-2024-0987,2024/25,matchday_share_pct,FINANCIAL,arsenal_financials.csv,matchday_share_pct,DER-FY2025-MATCHD-0284,(matchday_revenue / football_turnover) * 100,Derived Analytical
MST-2024-0988,2024/25,wage_to_revenue_pct,FINANCIAL,arsenal_financials.csv,wage_to_revenue_pct,DER-FY2025-WAGE_T-0285,(staff_costs / football_turnover) * 100,Derived Analytical
MST-2024-0989,2024/25,operating_margin_pct,FINANCIAL,arsenal_financials.csv,operating_margin_pct,DER-FY2025-OPERAT-0286,(operating_profit_loss / football_turnover) * 100,Derived Analytical
MST-2024-0990,2024/25,net_margin_pct,FINANCIAL,arsenal_financials.csv,net_margin_pct,DER-FY2025-NET_MA-0287,(net_profit_loss / football_turnover) * 100,Derived Analytical
MST-2024-0991,2024/25,net_debt_to_revenue_pct,FINANCIAL,arsenal_financials.csv,net_debt_to_revenue_pct,DER-FY2025-NET_DE-0288,(net_debt / football_turnover) * 100,Derived Analytical
MST-2024-0992,2024/25,net_finance_cost_to_revenue_pct,FINANCIAL,arsenal_financials.csv,net_finance_cost_to_revenue_pct,DER-FY2025-NET_FI-0289,(net_finance_costs / football_turnover) * 100,Derived Analytical
MST-2024-0993,2024/25,amortisation_to_revenue_pct,FINANCIAL,arsenal_financials.csv,amortisation_to_revenue_pct,DER-FY2025-AMORTI-0290,(player_amortisation / football_turnover) * 100,Derived Analytical
MST-2024-0994,2024/25,permanent_gross_transfer_spend,TRANSFER,arsenal_transfers.csv,permanent_gross_transfer_spend,TRX-202425-IN-055; TRX-202425-IN-056; TRX-202425-IN-057; TRX-202425-IN-058,sum(fee_gbp) for permanent incoming transfers,Reconciled Transaction Ledger & Primary Disclosures
MST-2024-0995,2024/25,loan_fee_spend,TRANSFER,arsenal_transfers.csv,loan_fee_spend,TRX-202425-IN-059; TRX-202425-IN-060,sum(fee_gbp) for loan incoming transfers,Reconciled Transaction Ledger & Primary Disclosures
MST-2024-0996,2024/25,total_transfer_consideration,TRANSFER,TRANSFER_DERIVED_PROVENANCE.csv,total_transfer_consideration,TRX-DER-2024-TOTAL_CONSID,permanent_gross_transfer_spend + loan_fee_spend,Reconciled Transaction Ledger & Primary Disclosures
MST-2024-0997,2024/25,permanent_transfer_income,TRANSFER,arsenal_transfers.csv,permanent_transfer_income,TRX-202425-OUT-064; TRX-202425-OUT-065; TRX-202425-OUT-066; TRX-202425-OUT-067; TRX-202425-OUT-068,sum(fee_gbp) for permanent outgoing transfers,Reconciled Transaction Ledger & Primary Disclosures
MST-2024-0998,2024/25,loan_income,TRANSFER,TRANSFER_DERIVED_PROVENANCE.csv,loan_income,TRX-DER-2024-LOAN_INCOME,sum(fee_gbp) for loan outgoing transfers,Reconciled Transaction Ledger & Primary Disclosures
MST-2024-0999,2024/25,total_transfer_income,TRANSFER,TRANSFER_DERIVED_PROVENANCE.csv,total_transfer_income,TRX-DER-2024-TOTAL_INCOME,permanent_transfer_income + loan_income,Reconciled Transaction Ledger & Primary Disclosures
MST-2024-1000,2024/25,permanent_net_transfer_spend,TRANSFER,TRANSFER_DERIVED_PROVENANCE.csv,permanent_net_transfer_spend,TRX-DER-2024-PERM_NET,permanent_gross_transfer_spend - permanent_transfer_income,Reconciled Transaction Ledger & Primary Disclosures
MST-2024-1001,2024/25,total_net_transfer_consideration,TRANSFER,TRANSFER_DERIVED_PROVENANCE.csv,total_net_transfer_consideration,TRX-DER-2024-TOTAL_NET,total_transfer_consideration - total_transfer_income,Reconciled Transaction Ledger & Primary Disclosures
MST-2024-1002,2024/25,primary_transfer_spend_to_revenue_pct,TRANSFER,TRANSFER_DERIVED_PROVENANCE.csv,primary_transfer_spend_to_revenue_pct,TRX-DER-2024-PRIM_SPEND_REV,(permanent_gross_transfer_spend / football_turnover) * 100,Reconciled Transaction Ledger & Primary Disclosures
MST-2024-1003,2024/25,total_spend_to_revenue_pct,TRANSFER,TRANSFER_DERIVED_PROVENANCE.csv,total_spend_to_revenue_pct,TRX-DER-2024-TOT_SPEND_REV,(total_transfer_consideration / football_turnover) * 100,Reconciled Transaction Ledger & Primary Disclosures
MST-2024-1004,2024/25,permanent_net_spend_to_revenue_pct,TRANSFER,TRANSFER_DERIVED_PROVENANCE.csv,permanent_net_spend_to_revenue_pct,TRX-DER-2024-PERM_NET_REV,(permanent_net_transfer_spend / football_turnover) * 100,Reconciled Transaction Ledger & Primary Disclosures
MST-2024-1005,2024/25,total_net_spend_to_revenue_pct,TRANSFER,TRANSFER_DERIVED_PROVENANCE.csv,total_net_spend_to_revenue_pct,TRX-DER-2024-TOT_NET_REV,(total_net_transfer_consideration / football_turnover) * 100,Reconciled Transaction Ledger & Primary Disclosures
MST-2024-1006,2024/25,upper_bound_permanent_spend,TRANSFER,arsenal_transfers.csv,upper_bound_permanent_spend,TRX-202425-IN-055; TRX-202425-IN-056; TRX-202425-IN-057; TRX-202425-IN-058,sum(fee_gbp + add_on_fee) for permanent incoming,Reconciled Transaction Ledger & Primary Disclosures
MST-2024-1007,2024/25,upper_bound_total_consideration,TRANSFER,arsenal_transfers.csv,upper_bound_total_consideration,TRX-202425-IN-055; TRX-202425-IN-056; TRX-202425-IN-057; TRX-202425-IN-058; TRX-202425-IN-059; TRX-202425-IN-060,sum(fee_gbp + add_on_fee) for all incoming,Reconciled Transaction Ledger & Primary Disclosures
MST-2024-1008,2024/25,spend_add_on_differential,TRANSFER,TRANSFER_DERIVED_PROVENANCE.csv,spend_add_on_differential,TRX-DER-2024-SPEND_DIFF,upper_bound_permanent_spend - permanent_gross_transfer_spend,Reconciled Transaction Ledger & Primary Disclosures
MST-2024-1009,2024/25,spend_sensitivity_pct,TRANSFER,TRANSFER_DERIVED_PROVENANCE.csv,spend_sensitivity_pct,TRX-DER-2024-SPEND_SENS_PCT,(spend_add_on_differential / permanent_gross_transfer_spend) * 100,Reconciled Transaction Ledger & Primary Disclosures
MST-2024-1010,2024/25,transaction_count,TRANSFER,arsenal_transfers.csv,transaction_count,TRX-202425-IN-055; TRX-202425-IN-056; TRX-202425-IN-057; TRX-202425-IN-058; TRX-202425-IN-059; TRX-202425-IN-060; TRX-202425-OUT-064; TRX-202425-OUT-065; TRX-202425-OUT-066; TRX-202425-OUT-067; TRX-202425-OUT-068,count of all transactions in season,Reconciled Transaction Ledger & Primary Disclosures
MST-2024-1011,2024/25,incoming_count,TRANSFER,arsenal_transfers.csv,incoming_count,TRX-202425-IN-055; TRX-202425-IN-056; TRX-202425-IN-057; TRX-202425-IN-058; TRX-202425-IN-059; TRX-202425-IN-060,count of incoming transactions in season,Reconciled Transaction Ledger & Primary Disclosures
MST-2024-1012,2024/25,outgoing_count,TRANSFER,arsenal_transfers.csv,outgoing_count,TRX-202425-OUT-064; TRX-202425-OUT-065; TRX-202425-OUT-066; TRX-202425-OUT-067; TRX-202425-OUT-068,count of outgoing transactions in season,Reconciled Transaction Ledger & Primary Disclosures
MST-2024-1013,2024/25,permanent_count,TRANSFER,arsenal_transfers.csv,permanent_count,TRX-202425-IN-055; TRX-202425-IN-056; TRX-202425-IN-057; TRX-202425-IN-058; TRX-202425-OUT-064; TRX-202425-OUT-065; TRX-202425-OUT-066; TRX-202425-OUT-067; TRX-202425-OUT-068,count of permanent transactions in season,Reconciled Transaction Ledger & Primary Disclosures
MST-2024-1014,2024/25,loan_count,TRANSFER,arsenal_transfers.csv,loan_count,TRX-202425-IN-059; TRX-202425-IN-060,count of temporary loan arrangements in season,Reconciled Transaction Ledger & Primary Disclosures
MST-2024-1015,2024/25,exact_fee_count,TRANSFER,TRANSFER_DERIVED_PROVENANCE.csv,exact_fee_count,TRX-DER-2024-EXACT_COUNT,count where fee_value_status == 'EXACT',Reconciled Transaction Ledger & Primary Disclosures
MST-2024-1016,2024/25,estimated_fee_count,TRANSFER,arsenal_transfers.csv,estimated_fee_count,TRX-202425-IN-055; TRX-202425-IN-056; TRX-202425-IN-057; TRX-202425-IN-058; TRX-202425-OUT-064; TRX-202425-OUT-065; TRX-202425-OUT-066,"count where fee_value_status in {'ESTIMATED', 'BASE_PLUS_ADDONS'}",Reconciled Transaction Ledger & Primary Disclosures
MST-2024-1017,2024/25,undisclosed_fee_count,TRANSFER,arsenal_transfers.csv,undisclosed_fee_count,TRX-202425-IN-055; TRX-202425-IN-056; TRX-202425-IN-057; TRX-202425-IN-058; TRX-202425-OUT-064; TRX-202425-OUT-065; TRX-202425-OUT-066,count where fee_disclosure_status == 'UNDISCLOSED',Reconciled Transaction Ledger & Primary Disclosures
MST-2024-1018,2024/25,zero_free_count,TRANSFER,arsenal_transfers.csv,zero_free_count,TRX-202425-OUT-067; TRX-202425-OUT-068,count where fee_value_status == 'ZERO',Reconciled Transaction Ledger & Primary Disclosures
MST-2024-1019,2024/25,loan_fee_count,TRANSFER,arsenal_transfers.csv,loan_fee_count,TRX-202425-IN-059; TRX-202425-IN-060,count where fee_value_status == 'LOAN_FEE',Reconciled Transaction Ledger & Primary Disclosures
MST-2024-1020,2024/25,transaction_coverage_pct,TRANSFER,TRANSFER_DERIVED_PROVENANCE.csv,transaction_coverage_pct,TRX-DER-2024-TRX_COV_PCT,(verified_transactions / identified_total) * 100,Reconciled Transaction Ledger & Primary Disclosures
MST-2024-1021,2024/25,numerical_fee_coverage_pct,TRANSFER,TRANSFER_DERIVED_PROVENANCE.csv,numerical_fee_coverage_pct,TRX-DER-2024-NUM_COV_PCT,(numerical_fees / non_free_transactions) * 100,Reconciled Transaction Ledger & Primary Disclosures
MST-2024-1022,2024/25,exact_fee_coverage_pct,TRANSFER,TRANSFER_DERIVED_PROVENANCE.csv,exact_fee_coverage_pct,TRX-DER-2024-EXACT_COV_PCT,(exact_fee_count / transaction_count) * 100,Reconciled Transaction Ledger & Primary Disclosures
MST-2024-1023,2024/25,primary_fee_coverage_pct,TRANSFER,TRANSFER_DERIVED_PROVENANCE.csv,primary_fee_coverage_pct,TRX-DER-2024-PRIM_COV_PCT,((exact_fee_count + zero_free_count) / transaction_count) * 100,Reconciled Transaction Ledger & Primary Disclosures
MST-2024-1024,2024/25,estimated_value_share_pct,TRANSFER,TRANSFER_DERIVED_PROVENANCE.csv,estimated_value_share_pct,TRX-DER-2024-EST_VAL_SHARE,(estimated_consideration / total_season_consideration) * 100,Reconciled Transaction Ledger & Primary Disclosures
MST-2024-1025,2024/25,classification,TRANSFER,TRANSFER_DERIVED_PROVENANCE.csv,classification,TRX-DER-2024-CLASS,Structural classification: all 10 seasons verified as CORE,Reconciled Transaction Ledger & Primary Disclosures
MST-2024-1026,2024/25,notes,TRANSFER,TRANSFER_DERIVED_PROVENANCE.csv,notes,TRX-DER-2024-NOTES,Structured seasonal transfer audit summary string,Reconciled Transaction Ledger & Primary Disclosures
MST-2024-1027,2024/25,league_position,SPORTING,arsenal_sporting.csv,league_position,SPT-PROV-2024-397,Direct Ranking from Official Table,Primary Regulatory Record
MST-2024-1028,2024/25,points,SPORTING,arsenal_sporting.csv,points,SPT-PROV-2024-398,None (Directly Reported),Primary Regulatory Record
MST-2024-1029,2024/25,matches_played,SPORTING,arsenal_sporting.csv,matches_played,SPT-PROV-2024-399,None (Directly Reported),Primary Regulatory Record
MST-2024-1030,2024/25,wins,SPORTING,arsenal_sporting.csv,wins,SPT-PROV-2024-400,None (Directly Reported),Primary Regulatory Record
MST-2024-1031,2024/25,draws,SPORTING,arsenal_sporting.csv,draws,SPT-PROV-2024-401,None (Directly Reported),Primary Regulatory Record
MST-2024-1032,2024/25,losses,SPORTING,arsenal_sporting.csv,losses,SPT-PROV-2024-402,None (Directly Reported),Primary Regulatory Record
MST-2024-1033,2024/25,goals_for,SPORTING,arsenal_sporting.csv,goals_for,SPT-PROV-2024-403,None (Directly Reported),Primary Regulatory Record
MST-2024-1034,2024/25,goals_against,SPORTING,arsenal_sporting.csv,goals_against,SPT-PROV-2024-404,None (Directly Reported),Primary Regulatory Record
MST-2024-1035,2024/25,goal_difference,SPORTING,arsenal_sporting.csv,goal_difference,SPT-PROV-2024-405,goals_for - goals_against,Derived from Primary Inputs
MST-2024-1036,2024/25,ppg,SPORTING,arsenal_sporting.csv,ppg,SPT-PROV-2024-406,points / matches_played,Derived from Primary Inputs
MST-2024-1037,2024/25,fa_cup_stage,SPORTING,arsenal_sporting.csv,fa_cup_stage,SPT-PROV-2024-407,Direct Tournament Round Record,Primary Regulatory Record
MST-2024-1038,2024/25,fa_cup_matches,SPORTING,arsenal_sporting.csv,fa_cup_matches,SPT-PROV-2024-408,Direct Match Count,Primary Regulatory Record
MST-2024-1039,2024/25,fa_cup_wins,SPORTING,arsenal_sporting.csv,fa_cup_wins,SPT-PROV-2024-409,Direct Match Count,Primary Regulatory Record
MST-2024-1040,2024/25,fa_cup_draws,SPORTING,arsenal_sporting.csv,fa_cup_draws,SPT-PROV-2024-410,Direct Match Count,Primary Regulatory Record
MST-2024-1041,2024/25,fa_cup_losses,SPORTING,arsenal_sporting.csv,fa_cup_losses,SPT-PROV-2024-411,Direct Match Count,Primary Regulatory Record
MST-2024-1042,2024/25,fa_cup_goals_for,SPORTING,arsenal_sporting.csv,fa_cup_goals_for,SPT-PROV-2024-412,Direct Goal Sum,Primary Regulatory Record
MST-2024-1043,2024/25,fa_cup_goals_against,SPORTING,arsenal_sporting.csv,fa_cup_goals_against,SPT-PROV-2024-413,Direct Goal Sum,Primary Regulatory Record
MST-2024-1044,2024/25,fa_cup_trophy,SPORTING,arsenal_sporting.csv,fa_cup_trophy,SPT-PROV-2024-414,Direct Tournament Victory Record,Primary Regulatory Record
MST-2024-1045,2024/25,league_cup_stage,SPORTING,arsenal_sporting.csv,league_cup_stage,SPT-PROV-2024-415,Direct Tournament Round Record,Primary Regulatory Record
MST-2024-1046,2024/25,league_cup_matches,SPORTING,arsenal_sporting.csv,league_cup_matches,SPT-PROV-2024-416,Direct Match Count,Primary Regulatory Record
MST-2024-1047,2024/25,league_cup_wins,SPORTING,arsenal_sporting.csv,league_cup_wins,SPT-PROV-2024-417,Direct Match Count,Primary Regulatory Record
MST-2024-1048,2024/25,league_cup_draws,SPORTING,arsenal_sporting.csv,league_cup_draws,SPT-PROV-2024-418,Direct Match Count,Primary Regulatory Record
MST-2024-1049,2024/25,league_cup_losses,SPORTING,arsenal_sporting.csv,league_cup_losses,SPT-PROV-2024-419,Direct Match Count,Primary Regulatory Record
MST-2024-1050,2024/25,league_cup_goals_for,SPORTING,arsenal_sporting.csv,league_cup_goals_for,SPT-PROV-2024-420,Direct Goal Sum,Primary Regulatory Record
MST-2024-1051,2024/25,league_cup_goals_against,SPORTING,arsenal_sporting.csv,league_cup_goals_against,SPT-PROV-2024-421,Direct Goal Sum,Primary Regulatory Record
MST-2024-1052,2024/25,league_cup_trophy,SPORTING,arsenal_sporting.csv,league_cup_trophy,SPT-PROV-2024-422,Direct Tournament Victory Record,Primary Regulatory Record
MST-2024-1053,2024/25,europe_competition,SPORTING,arsenal_sporting.csv,europe_competition,SPT-PROV-2024-423,Direct UEFA Participation Record,Primary Regulatory Record
MST-2024-1054,2024/25,europe_stage,SPORTING,arsenal_sporting.csv,europe_stage,SPT-PROV-2024-424,Direct UEFA Round Record,Primary Regulatory Record
MST-2024-1055,2024/25,europe_matches,SPORTING,arsenal_sporting.csv,europe_matches,SPT-PROV-2024-425,Direct Match Count,Primary Regulatory Record
MST-2024-1056,2024/25,europe_wins,SPORTING,arsenal_sporting.csv,europe_wins,SPT-PROV-2024-426,Direct Match Count,Primary Regulatory Record
MST-2024-1057,2024/25,europe_draws,SPORTING,arsenal_sporting.csv,europe_draws,SPT-PROV-2024-427,Direct Match Count,Primary Regulatory Record
MST-2024-1058,2024/25,europe_losses,SPORTING,arsenal_sporting.csv,europe_losses,SPT-PROV-2024-428,Direct Match Count,Primary Regulatory Record
MST-2024-1059,2024/25,europe_goals_for,SPORTING,arsenal_sporting.csv,europe_goals_for,SPT-PROV-2024-429,Direct Goal Sum,Primary Regulatory Record
MST-2024-1060,2024/25,europe_goals_against,SPORTING,arsenal_sporting.csv,europe_goals_against,SPT-PROV-2024-430,Direct Goal Sum,Primary Regulatory Record
MST-2024-1061,2024/25,europe_trophy,SPORTING,arsenal_sporting.csv,europe_trophy,SPT-PROV-2024-431,Direct Tournament Victory Record,Primary Regulatory Record
MST-2024-1062,2024/25,xg,SPORTING,arsenal_sporting.csv,xg,SPT-PROV-2024-432,Direct Model Sum (Understat),Third-Party Analytics Model
MST-2024-1063,2024/25,xga,SPORTING,arsenal_sporting.csv,xga,SPT-PROV-2024-433,Direct Model Sum (Understat),Third-Party Analytics Model
MST-2024-1064,2024/25,xgd,SPORTING,arsenal_sporting.csv,xgd,SPT-PROV-2024-434,xg - xga,Derived from Third-Party Inputs
MST-2024-1065,2024/25,xpts,SPORTING,arsenal_sporting.csv,xpts,SPT-PROV-2024-435,Understat/model-derived metric,Third-Party Analytics Model
MST-2024-1066,2024/25,ppda,SPORTING,arsenal_sporting.csv,ppda,SPT-PROV-2024-436,Direct Model: sum(att) / sum(def),Third-Party Analytics Model
MST-2024-1067,2024/25,possession_pct,SPORTING,arsenal_sporting.csv,possession_pct,SPT-PROV-2024-437,Arithmetic mean: raw_possession / 38,Derived from Primary Inputs
MST-2024-1068,2024/25,shots,SPORTING,arsenal_sporting.csv,shots,SPT-PROV-2024-438,Direct: total_scoring_att,Primary Regulatory Record
MST-2024-1069,2024/25,shots_on_target,SPORTING,arsenal_sporting.csv,shots_on_target,SPT-PROV-2024-439,Direct: ontarget_scoring_att,Primary Regulatory Record
MST-2024-1070,2024/25,covid_disruption_flag,SPORTING,arsenal_sporting.csv,covid_disruption_flag,SPT-PROV-2024-440,Direct: Calendar Shock,Primary Regulatory Record
